THE_TE_UID,TERM,INDEX_TERM,SCOPE_NOTE,CLA_GR_UID,STATUS,IMAGE_EXISTS
138703,"COLLECTION",Y,"A resource comprising of a group of items the parts of which may be separately described and navigated. [DC]",547,P,"-"
138704,"DATASET",Y,"Information encoded in a defined structure (for example, lists, tables, and databases), intended to be useful for direct machine processing. [DC] For manual data use index, gazetteer etc.",547,P,"-"
138705,"IMAGE",Y,"A visual representation of a physical object, place or person. [DC] Use a more specific term where appropriate.",547,P,"-"
138706,"INTERACTIVE RESOURCE",Y,"A resource which requires interaction from the user to be understood, executed, or experienced.  [DC]",547,P,"-"
138707,"SERVICE",Y,"A service is a system that provides one or more functions of value to the end-user.  Examples include: a photocopying service, a banking service, an authentication service, inter-library loans, a Z39.50 or Web server. [DC]",547,P,"-"
138708,"SOUND",Y,"A sound is a resource whose content is primarily intended to be rendered as audio. [DC] For example recorded speech, sounds or music.",547,P,"-"
138709,"TEXT",Y,"A resource whose content is primarily words for reading. For example - books, letters, dissertations, poems, newspapers, articles, archives of mailing lists. [DC]",547,P,"-"
138710,"VERBAL COMMUNICATION",Y,"Factual information conveyed orally to a recipient.  Where this has been transcribed, use an appropriate term from the TEXT hierarchy.",547,P,"-"
138712,"MACHINE READABLE STORAGE MEDIUM",N,"Storage medium for information (text, images, files etc) in an encoded digital format.",547,P,"-"
138713,"MAGNETIC STORAGE MEDIUM",N,"The storage of material (text, images, files etc) in an electromagnetic format.",547,P,"-"
138714,"VISUAL MEDIUM",N,"Any material that records, holds and communicates information in a primarily visual manner.",547,P,"-"
138715,"HARDCOPY",N,"Item in a format suitable for normal reading or viewing, without a computer or other device.  For digital files or disks use MACHINE READABLE STORAGE MEDIUM or specific terms.",547,P,"-"
138716,"PLANNING ARCHIVE",Y,"Documents relating to the administration of planning applications.",547,P,"-"
138717,"PROJECT ARCHIVE",Y,"Organised and documented collection of the records made during the course of a project.",547,P,"-"
138718,"FINDS COLLECTION",Y,"Collection of artefacts recovered during archaeological investigation of a site.",547,P,"-"
138719,"ALBUM",Y,"A collection of items presented in a protective folder.",547,P,"-"
138720,"CATALOGUE",Y,"Structured descriptions of an archive or collection used to assist retrieval and management, or presentation to the public.",547,P,"-"
138721,"DATABASE FILE",Y,"Data suitable for processing using database management software.",547,P,"-"
138722,"CAD DATA",Y,"Data suitable for processing using computer aided design (CAD) packages.",547,P,"-"
138723,"GEOSPATIAL DATA",Y,"Machine readable files suitable for use in a geographic information system (GIS).",547,P,"-"
138724,"MOVING IMAGE",Y,"Broad term for all types of animated or live action images.",547,P,"-"
138725,"VIDEO CLIP",Y,"An extract from a longer video film, used as an illustration.",547,P,"-"
138727,"PHOTOGRAPH",Y,"An image created by controlled exposure of light sensitive film.  Usually a static image in time and space.  For digital photographs double index with an appropriate term under MACHINE READABLE STORAGE MEDIUM.",547,P,"-"
138728,"AERIAL PHOTOGRAPH",Y,"A photograph taken from the air.",547,P,"-"
138729,"RECTIFIED PHOTOGRAPH",Y,"A photograph usually of a standing structure that has been manipulated to allow the creation of a measured drawing of the facade or elevation.",547,P,"-"
138732,"MAP",Y,"A pictoral depiction of an area of landscape.",547,P,"-"
138733,"CHART",Y,"A depiction of land, coastal or sea areas intended to aid navigation, usually using latitude and longitude co-ordinates.",547,P,"-"
138734,"SKETCH MAP",Y,"A map generally produced manually to indicate main features of an area quickly, for example to assist location of a particular place.",547,P,"-"
138735,"PLAN",Y,"Used for orthographic drawings in the horizontal plane, generally from above generally depicts localised areas.",547,P,"-"
138736,"PICTURE",Y,"General term for images used to represent a particular place or item, or convey information.",547,P,"-"
138737,"PICTURE POSTCARD",Y,"Card printed with an image, often a photograph on one side, and space for a short message and a postal address on the other.",547,P,"-"
138738,"ILLUSTRATION",Y,"An image used to convey information, often as part of a larger publication or exhibition.",547,P,"-"
138739,"SKETCH PLAN",Y,"A plan of a feature or small area generally done in the field to quickly record the main features.",547,P,"-"
138740,"DRAWING",Y,"A manually produced image for illustration or record purposes.",547,P,"-"
138741,"SKETCH",Y,"A drawing, often made in the field as the basis for later work, or to quickly convey important information.",547,P,"-"
138742,"ENGRAVING",Y,"An image produced by creating marks on a hard material from which a print is then taken.",547,P,"-"
138744,"PAINTING",Y,"An image created manually using paint or pigments, to record, illustrate or convey impressions.",547,P,"-"
138745,"Technical Illustration",N,"-",547,N,"-"
138746,"SCALE DRAWING",Y,"A scaled drawing based on measurements taken from life.",547,P,"-"
138747,"FLOORPLAN",Y,"Plan showing a horizontal section, size and arrangement of rooms within a building, may include location of doors, windows and other features.",547,P,"-"
138748,"OVERLAY",Y,"A drawing, generally on a transparent sheet, which can be placed on top of another image to combine information from both.",547,P,"-"
138749,"TOPOGRAPHICAL DRAWING",Y,"A drawing used to convey information about the arrangement and size of features in a defined location under study.",547,P,"-"
138750,"TEACHERS PACK",Y,"Materials selected and organised to be of use to teachers for use in education.",547,P,"-"
138751,"WEBPAGE",Y,"A file of computer information stored on a computer connected to the internet coded so that it can be accessed over the internet using browser software.",547,P,"-"
138752,"ONLINE DATABASE",Y,"A database stored on a computer linked to the internet, which can be queried and browsed by remote users using the internet.",547,P,"-"
138754,"CORRESPONDENCE",Y,"Written communication, generally in the form of letters.",547,P,"-"
138756,"PUBLICATION",Y,"General term for documents that have been produced in large numbers for public sale or distribution.",547,P,"-"
138757,"Book",N,"A complete written work. Includes books and anthologies.",547,N,"-"
138758,"MONOGRAPH",Y,"Publication on a specific topic, or limited scope of subject matter. Complete in itself, though may form part of a series.",547,P,"-"
138759,"ARTICLE",Y,"A written work for publication, being one of several found in a serial, monograph or magazine.",547,P,"-"
138761,"Pamphlet",N,"-",547,N,"-"
138762,"LEAFLET",Y,"A short published document, often a single sheet, describing a particular place, feature or service to assist visitors and users.",547,P,"-"
138763,"NEWSLETTER",Y,"Short publication used to disseminate information about a particular project or organisation, issued on a regular basis.",547,P,"-"
138764,"SERIAL",Y,"A written work issued at regular intervals, numbered consecutively with no intended or planned end point.",547,P,"-"
138765,"DIARY",Y,"A chronological journal, generally showing appointments, or recording memories and impressions of a days events over a period of time.",547,P,"-"
138766,"Visitors Diary",N,"-",547,N,"-"
138767,"EXCAVATION DIARY",Y,"A diary used to record the events and activities during an excavation.",547,P,"-"
138768,"INDEX",Y,"A structured set of data taken from a larger work to assist in location of particular subject matter.",547,P,"-"
138769,"CARD INDEX",Y,"Cards, often printed with forms, for the recording and sorting of information in a structured manner.",547,P,"-"
138770,"GAZETTEER",Y,"Structured list of information about items of interest to a research project, for example monuments of a particular type.",547,P,"-"
138771,"NOTEBOOK",Y,"Book used to record information or impressions in the field, often as a preparation for more formal reporting at a later date.",547,P,"-"
138773,"REPORT",Y,"A full written presentation of the details of a particular event or investigative technique, often including illustrations and appendices.",547,P,"-"
138774,"HISTORIC LANDSCAPE SURVEY REPORT",Y,"A report depicting the results generated from an intensive survey of a large area of land including field recording, measured site surveys and land history.",547,P,"-"
138775,"EXCAVATION REPORT",Y,"A report detailing the results of an archaeological excavation.",547,P,"-"
138776,"DESKBASED SURVEY REPORT",Y,"A report on the archaeology of an area, based primarily on existing records and resources.",547,P,"-"
138777,"FIELD SURVEY REPORT",Y,"A report detailing the results of a field survey. Usually restricted to a survey of a small or specific area or site.",547,P,"-"
138778,"WATCHING BRIEF REPORT",Y,"A report written as a result of archaeological monitoring during development work.",547,P,"-"
138779,"RECORD FORM",Y,"A paper form used to record specific information in a systematic way.",547,P,"-"
138780,"CONTEXT SHEET",Y,"A form used to record the details of a feature identified by archaeological investigation, generally including location, depth, colour, texture, inclusions and stratigraphic relationship to other contexts.",547,P,"-"
138781,"FIELD RECORDING FORM",Y,"A form to record the details of a monument or site found during the course of a field survey or visit.",547,P,"-"
138782,"PROJECT RECORDING FORM",Y,"A form that records the details of a project, for example, an excavation index form.",547,P,"-"
138785,"MANUSCRIPT",Y,"An unpublished document.",547,P,"-"
138788,"ORAL HISTORY RECORDING",Y,"Recorded interview intended to preserve the recollections of persons whose experiences or memories are representative of historical life.",547,P,"-"
138790,"OBLIQUE AERIAL PHOTOGRAPH",Y,"An aerial photograph taken at an angle other than 90 degrees to a feature in the landscape.",547,P,"-"
138791,"VERTICAL AERIAL PHOTOGRAPH",Y,"An aerial photograph taken from directly above a feature in the landscape, suitable for mapping or survey purposes. For photographs taken from the air at an angle to the subject use OBLIQUE AERIAL PHOTOGRAPH.",547,P,"-"
138794,"Antiquity Model",N,"A small scale survey of earthworks or other upstanding archaeological features used by archaeological survey teams to provide information for inclusion in maps published by the Ordnance Survey.",547,N,"-"
138795,"RECONSTRUCTION DRAWING",Y,"A representation of a monument or landscape based on historical or archaeological information.",547,P,"-"
138796,"ARTEFACT DRAWING",Y,"A drawn representation of an archaeological 'find' or other cultural object.",547,P,"-"
138797,"AERIAL PHOTOGRAPH TRANSCRIPTION",Y,"The process of transcribing the features on an aerial photograph onto a map or plan.",547,P,"-"
138798,"EXCAVATION DRAWING",Y,"A schematic depiction of the results of an archaeological excavation.",547,P,"-"
138800,"STRATIGRAPHIC MATRIX",Y,"A schematic diagram showing the relationships of the composition and strata of layers identified during excavation or intervention.",547,P,"-"
138801,"Harris Matrix",N,"-",547,N,"-"
138807,"MEASURED SURVEY DRAWING",Y,"A drawing which depicts to scale a feature within the landscape. For drawings of selected features of a site use SCALE DRAWING..",547,P,"-"
138808,"DIGITAL VERSATILE DISC",Y,"A disc capable of holding more data than a conventional CD or CD-Rom. Commonly used as storage medium for film and interactive products.",547,P,"-"
138810,"COMPACT DISC",Y,"Optical discs on which programs, data, or music are digitally encoded for a laser beam to scan, decode and transmit to a playback system, computer monitor or television set. [AAT]",547,P,"-"
138811,"FLOPPY DISC",Y,"Thin round flexible disc with magnetic surfaces for storing and retrieving data. [AAT]",547,P,"-"
138812,"AUDIO TAPE",Y,"Magnetic tape used to record sound. Includes both cassette and reel tapes.",547,P,"-"
138813,"COMPUTER FILE",Y,"Data stored in a format that is meant to be manipulated and read in one or more software systems.",547,P,"-"
138814,"TRACING PAPER",Y,"A translucent paper, which when laid over an existing image, permits the image to be seen and/or traced.",547,P,"-"
138815,"DRAFTING FILM",Y,"A heavy grade, water proof plastic film used for the preparation of technical drawings.",547,P,"-"
138816,"PAPER",Y,"A thin opaque, slightly absorbent material, generally made from processing of plant or other fibres, for use as a medium for writing, drawing and printing.",547,P,"-"
138817,"PHOTOGRAPHIC MEDIUM",N,"The class or material that a photograph is produced upon. [AAT] Use a specific term or terms as appropriate.",547,P,"-"
138818,"INFRARED FILM",Y,"Photographic film responsive to infrared radiation. Used to record temperature variations in the subject, indicative of hidden archaeological or architectural features.",547,P,"-"
138819,"GLASS PLATE",Y,"A sheet of glass coated in a light sensitive substance on which a photgraphic image can be developed.",547,P,"-"
138820,"COLOUR PRINT",Y,"A photographic print of a polychrome image (composed of colours other than, but not exclusive of, black, white or grey tones).",547,P,"-"
138821,"BLACK AND WHITE PRINT",Y,"A photographic print of a mononchrome image (composed of grey, black and white tones).",547,P,"-"
138822,"COLOUR SLIDE",Y,"A photographic slide of a colour (polychromatic) image.",547,P,"-"
138823,"BLACK AND WHITE SLIDE",Y,"A photographic slide of a black and white (monochromatic) image.",547,P,"-"
138824,"COLOUR TRANSPARENCY",Y,"A positive colour image on film which can be projected onto a screen when light is shone through it.",547,P,"-"
138825,"BLACK AND WHITE TRANSPARENCY",Y,"A positive black and white image on film which can be projected onto a screen when light is shone through it.",547,P,"-"
138826,"COLOUR NEGATIVE",Y,"A photographic frame of developed colour film which can be used to print a photographic image.",547,P,"-"
138827,"BLACK AND WHITE NEGATIVE",Y,"A photographic frame of developed black and white film from which a positive print can be produced.",547,P,"-"
138828,"MICROFICHE",Y,"A flexible, transparent sheet of film bearing a number of reduced images.",547,P,"-"
138829,"MICROFILM",Y,"A film strip or roll containing reduced images.",547,P,"-"
138830,"VIDEO TAPE",Y,"A magnetic tape used to record moving images and sound. Use for both cassette and reel tapes.",547,P,"-"
138831,"FILM REEL",Y,"Positive image on continuous film strip suitable for projection of moving images.",547,P,"-"
139008,"NEWSPAPER ARTICLE",Y,"A written extract taken from a published newspaper.",547,P,"-"
139009,"Press Cutting",N,"-",547,N,"-"
139010,"Offprint",N,"Copy of a single article or section from a serial or monograph taken from the same printing as the original.",547,N,"-"
139012,"VOLUME",Y,"A bound written work.",547,P,"-"
139014,"MECHANICAL PRINT",Y,"Reproduced image derived by mechanical printing from an image engraved or carved on a suitable surface.",547,P,"-"
139015,"WOODCUT",Y,"A relief process in which the design is cut into and printed from the plank side of a wood block [AAT].",547,P,"-"
139018,"SECTION DRAWING",Y,"Drawing of the vertical face of an excavated feature or features depicting the vertical extent and stratigraphic relationship between identified layers or deposits.",547,P,"-"
139019,"CONTEXT PLAN",Y,"Scale drawing showing the horizontal extent, height and arrangement of an excavated layer or feature on an archaeological site.",547,P,"-"
139033,"OPTICAL DISC",Y,"Data storage device in disc form that uses lasers to write and access data; can store data in analog or digital form. [AAT]",547,P,"-"
139034,"Laser Disc",N,"Large format optical storage disc current in the 1980's, including Philips LaserVision system.",547,N,"-"
139037,"TECHNICAL DRAWING",Y,"A broad class of drawing that is produced following precise conventions of scale and projection. [AAT]",547,P,"-"
139038,"ORAL HISTORY TRANSCRIPT",Y,"Written copy of recorded interviews collected to illustrate history from personal experiences.",547,P,"-"
139039,"WATERPROOF PAPER",Y,"Paper made for writing or drawing underwater.",547,P,"-"
139040,"Digital Versatile Disk",N,"-",547,N,"-"
139041,"Digital Video Disk",N,"-",547,N,"-"
139043,"SERIES",Y,"A written work issued in parts, with the intention of creating a completed sequence.",547,P,"-"
139046,"RESOURCE TYPE",N,"-",547,P,"-"
139047,"RESOURCE FORMAT AND MATERIAL",N,"-",547,P,"-"
139050,"TELEVISION PROGRAMME",Y,"Recording of a complete broadcast television programme, for instance a documentary. For extracts such as items from news broadcasts use VIDEO CLIP.",547,P,"-"
139051,"RADIO PROGRAMME",Y,"Recording of a complete broadcast radio programme.",547,P,"-"
139052,"VISITORS BOOK",Y,"A book in which visitors to a property, monument or exhibition record their thoughts and impressions on their experience.",547,P,"-"
139571,"PROJECT BRIEF",Y,"An outline of the circumstances to be addressed, with an indication of the scope of work which will be required (English term)",547,P,"-"
139572,"PROJECT OUTLINE",Y,"An outline of the circumstances to be addressed, with an indication of the scope of work which will be required (Scottish term)",547,P,"-"
139573,"PROJECT SPECIFICATION",Y,"A schedule of work in sufficient detail for it to be quantifiable, implemented and monitored.",547,P,"-"
139574,"PROJECT DESIGN",Y,"A schedule of work set out in sufficient detail for it to be quantifiable, implemented and monitored. Can include contractual details relevant to the commissioning body. A project design may be a research proposal independent of the planning framework",547,P,"-"
139575,"GEOPHYSICAL SURVEY REPORT",Y,"A report that primarily details the results of a survey that was conducted using remote sensing techniques such as resistivity and magnetometry.",547,P,"-"
139576,"OFFICIAL DESIGNATION NOTIFICATION",Y,"This term is appropriate to official notifications of a monument or area whether they are statutory or purely advisory. Where possible the specific document type should be indexed for example Scheduled Monument Notification.",547,P,"-"
139577,"STATUTORY DESIGNATION NOTIFICATION",Y,"This class of documents confers statutory designation on the monuments listed within them. It usually is restricted to legally defined national or local notifications of designation.",547,P,"-"
139578,"ADVISORY DESIGNATION NOTIFICATION",Y,"The contents of these documents do not confer any statutory designation on the monuments listed, they are purely advisory notifications for use within preserving the historic environment.",547,P,"-"
139580,"SCHEDULED MONUMENT NOTIFICATION",Y,"Any notification, update or amendment relating to the scheduling of a monument. Usually includes description and a map showing the limit of the scheduling. It confers a statutory status and receipt is an acknowledgement of the scheduling.",547,P,"-"
139581,"BATTLEFIELDS REGISTER",Y,"A list of English battlefields maintained by English Heritage. Inclusion in the document does not confer any statutory status. It lists and records the details of battlefields to preserve their nature and survival.",547,P,"-"
139582,"REGISTER OF PARKS AND GARDENS",Y,"A register which including sites retaining any evidence of pre-1750 layouts; significant evidence of pre-1820 layouts; good examples of the best gardens from 1820 to 1880; are good examples of the best gardens laid out after 1880 but before 1970.",547,P,"-"
139583,"LIST OF BUILDINGS",Y,"A list of buildings of special architectural or historic interest. This list confers a statutory level of protection status to the buildings contained within it and usually includes a description of each building.",547,P,"-"
141680,"MICROFORM",Y,"A medium containing microphotographic images, usually reproduced on film, requiring magnification to render them readable.",547,P,"-"
164072,"SCIENTIFIC DATING REPORT",Y,"A report that primarily details the results of attempts to assign a date to materials or deposits using scientific methods such as Palaeomagnetism, Dendrochronology or Radiocarbon Dating.",547,P,"-"
164073,"DENDROCHRONOLOGY REPORT",Y,"A report that primarily details the results of attempts to assign a date to wooden structures or objects by the comparative study of the growth rings in trees and aged wood.",547,P,"-"
164074,"RADIOCARBON DATING REPORT",Y,"A report that primarily details the results of attempts to assign a date to orgainic material by measuring the amount of carbon 14 it contains.",547,P,"-"
164075,"C14 Dating Report",N,"-",547,N,"-"
164076,"Carbon 14 Dating Report",N,"-",547,N,"-"
164077,"Carbon Dating Report",N,"-",547,N,"-"
164078,"Tree Ring Dating Report",N,"-",547,N,"-"
167880,"EVALUATION REPORT",Y,"A report detailing the results of an archaeological evaluation",547,P,"-"
167881,"POST EXCAVATION ASSESSMENT REPORT",Y,"A report which represents an initial synthesis of the data collected from an excavation ahead of the production of a full publication/post excavation full analysis report.",547,P,"-"
167882,"BUILDING RECORDING REPORT",Y,"A report detailing the results of a study of the fabric of a standing building.",547,P,"-"
167883,"FIELDWALKING REPORT",Y,"A report detailing the results of an archaeological event were the ground surface has been studied and any visible archaeological material collected.",547,P,"-"
167910,"OFF PRINT",Y,"-",547,P,"-"
167913,"HERITAGE STATEMENT",Y,"A report detailing the archaeological and architectural potential of a site or locality.",547,P,"-"
167914,"INTERIM REPORT",Y,"A report detailing the results of archaeological fieldwork that has been produced in advance of a full synthesis of the collected data.",547,P,"-"
167915,"GUIDE BOOK",Y,"A book containing information about a place that has been produced for the use of visitors or tourists.",547,P,"-"
167916,"PHOTOCOPY",Y,"A photographic reproduction of written or printed material produced by using toner particles under heat and pressure to fuse a copy onto blank paper.",547,P,"-"
167917,"FAX",Y,"-",547,P,"-"
167918,"PRINT OUT",Y,"A hard copy of digital data that has been printed onto paper.",547,P,"-"
168067,"Compact Disk",N,"-",547,N,"-"
168068,"Cd",N,"-",547,N,"-"
168069,"Dvd",N,"-",547,N,"-"
168070,"Optical Disk",N,"-",547,N,"-"
168071,"Floppy Disk",N,"-",547,N,"-"
170843,"CARD",N,"A material stronger than paper, generally made from wood pulp.",547,P,"-"
170844,"NEWSPRINT",Y,"A cheap and relatively rough paper on which newspapers are printed.",547,P,"-"
170845,"GEOTECHNICAL REPORT",Y,"A report detailing subsurface investigations conducted to assist with the technical rather than archaeological aspects of a proposed development or extraction scheme.",547,P,"-"
170846,"CONSERVATION AREA APPRAISAL REPORT",Y,"A report providing an objective analysis of the elements which together define the special architectural or historic interest of a specific area.",547,P,"-"
170847,"ARCHAEOLOGICAL SCIENCE REPORT",Y,"A report detailing the results of the application of scientific techniques to the analysis of archaeological materials.",547,P,"-"
170848,"POST EXCAVATION FULL ANALYSIS REPORT",Y,"A report which represents the final assessment and analysis of an archaeological intervention.",547,P,"-"
170984,"WRITTEN SCHEME OF INVESTIGATION",Y,"A specification that sets out the scope of fieldwork and post-excavation methods required to understand the extent, character and significance of any archaeological remains within a planning application area. A WSI is generally produced in response to a project brief issued by the Local Authority Archaeological Officer.",547,P,"-"
