CLA_GR_UID,THE_TE_UID,TERM,INDEX_TERM,SCOPE_NOTE,STATUS,IMAGE_EXISTS
145,104684,CALIFORNIA,Y,,P,
145,104674,CAERNARVON,Y,,P,
145,104675,Caernarfon,N,,N,
145,104676,CAGLIARI,Y,,P,
145,104677,CAISTER ON SEA,Y,,P,
145,104685,CALLAO,Y,,P,
145,104681,CALDY ISLAND,Y,,P,
145,104679,CALAIS,Y,,P,
145,104672,CAEN,Y,,P,
145,104680,CALCUTTA,Y,,P,
145,104682,CALETA BUENA,Y,,P,
145,104678,CALABRIA,Y,,P,
145,104671,CADIZ (ANDALUCIA),Y,,P,
145,104670,CADIZ (NEGROS),Y,,P,
145,104669,CADGWITH,Y,,P,
145,104668,CABO DE SANTA MARTA,Y,,P,
145,104667,Cabello,N,,N,
145,104666,CABEDELO,Y,,P,
145,104660,BURNHAM ON SEA,Y,,P,
145,104665,BURY,Y,,P,
145,104664,BURRY PORT,Y,,P,
145,104687,CALSTOCK,Y,,P,
145,104662,BURNTISLAND,Y,,P,
145,104663,BURRIANA,Y,,P,
145,104661,BURNS HARBOUR,Y,,P,
145,104713,CANADA,Y,,P,
145,104725,CAPE COAST,Y,,P,
145,104724,CAPE CLEVELAND,Y,,P,
145,104605,BRAZIL,Y,,P,
145,104659,BURNHAM ON CROUCH,Y,,P,
145,104723,CAPE CHURCHILL,Y,,P,
145,104721,CAP HAITIEN,Y,,P,
145,104720,CANTLEY,Y,,P,
145,104718,CANTABRIA,Y,,P,
145,104717,CANNES,Y,,P,
145,104716,CANCALE,Y,,P,
145,104722,CAPE BRETON ISLAND,Y,,P,
145,104714,CANARY ISLANDS,Y,,P,
145,104688,CAMARET SUR MER,Y,,P,
145,104701,Campveer,N,,N,
145,104698,CAMPANIA,Y,,P,
145,104697,Cameroun,N,,N,
145,104696,CAMEROON,Y,,P,
145,104695,CAMDEN BAY,Y,,P,
145,104694,CAMDEN (NORTH CAROLINA),Y,,P,
145,104693,CAMDEN (NEW JERSEY),Y,,P,
145,104692,CAMDEN (MAINE),Y,,P,
145,104691,CAMBRIDGESHIRE,Y,,P,
145,104690,CAMARINAS,Y,,P,
145,104689,Camaret,N,,N,
145,104715,Islas Canarias,N,,N,
145,104616,BRIDES NESS,Y,,P,
145,104628,BRISTOL CHANNEL,Y,,P,
145,104627,BRISTOL,Y,,P,
145,104626,BRISBANE,Y,,P,
145,104625,BRIMS NESS (HIGHLAND),Y,,P,
145,104624,BRIMS NESS (ORKNEY),Y,,P,
145,104623,BRIGHTON,Y,,P,
145,104622,BRIGHTLINGSEA,Y,,P,
145,104621,BRIDPORT,Y,,P,
145,104620,BRIDLINGTON,Y,,P,
145,104619,BRIDGWATER,Y,,P,
145,104607,BREMERHAVEN,Y,,P,
145,104617,BRIDGENESS,Y,,P,
145,104631,BRIXHAM,Y,,P,
145,104615,BREVIK,Y,,P,
145,104613,BREUEH ISLAND,Y,,P,
145,104611,Bretagne,N,,N,
145,104610,BRITTANY,Y,,P,
145,104609,BREST,Y,,P,
145,104608,Bremerlee,N,,N,
145,104606,BREMEN,Y,,P,
145,104604,BRANTHAM,Y,,P,
145,104603,BRANCASTER,Y,,P,
145,104726,Cape Francis,N,Use most appropriate term where known. If uncertain use both terms,N,
145,104875,CREETOWN,Y,,P,
145,104618,BRIDGETOWN,Y,,P,
145,104645,BUENOS AIRES,Y,,P,
145,104657,BURNHAM,Y,,P,
145,104656,MYANMAR,Y,,P,
145,104882,CUBA,Y,,P,
145,104655,Burma,N,,N,
145,105136,FREEPORT (TEXAS),Y,,P,
145,104654,BURLINGTON (NEW JERSEY),Y,,P,
145,104653,BURLINGTON (NEWFOUNDLAND),Y,,P,
145,104652,BURLINGTON (ONTARIO),Y,,P,
145,104650,BURGSTAAKEN,Y,,P,
145,104649,BURGHEAD,Y,,P,
145,104648,BUNCRANA,Y,,P,
145,104629,BRITISH COLUMBIA,Y,,P,
145,104646,BUFFALO,Y,,P,
145,104630,BRITON FERRY,Y,,P,
145,104644,BUDE,Y,,P,
145,104643,Buckport,N,,N,
145,104641,BRYHER,Y,,P,
145,104640,BRUSSELS,Y,,P,
145,104639,BRUNSWICK (MAINE),Y,,P,
145,104638,BRUNSWICK (GEORGIA),Y,,P,
145,104637,BRUNSBUTTEL,Y,,P,
145,104636,BRUGES,Y,,P,
145,104635,BROWNSEA ISLAND,Y,,P,
145,104632,BROADSTAIRS,Y,,P,
145,104658,BURNHAM OVERY,Y,,P,
145,104647,BULL RIVER,Y,,P,
145,104801,Clonikilty,N,,N,
145,104821,CONNAHS QUAY,Y,,P,
145,104820,COLON,Y,,P,
145,104819,CONCARNEAU,Y,,P,
145,104818,CONGO,Y,,P,
145,104817,COLOMBO,Y,,P,
145,104816,COLOMBIA,Y,,P,
145,104815,COLERAINE,Y,,P,
145,104814,COLEMOUTH CREEK,Y,,P,
145,104813,COLCHESTER,Y,,P,
145,104805,COBH,Y,,P,
145,104873,COWES,Y,,P,
145,104802,CLOVELLY,Y,,P,
145,104824,Constanta,N,,N,
145,104800,CLONAKILTY,Y,,P,
145,104799,CLIFFE CREEK,Y,,P,
145,104798,CLEVELAND (OHIO),Y,,P,
145,104797,CLEVELAND (ENGLAND),Y,,P,
145,104796,CLEVEDON,Y,,P,
145,104795,Clare,N,,N,
145,104794,CLACTON ON SEA,Y,,P,
145,104793,CLACKMANNAN,Y,,P,
145,104789,Civita Vecchia,N,,N,
145,104788,CIVITAVECCHIA,Y,,P,
145,104787,CHURCHILL,Y,,P,
145,104803,CLWYD,Y,,P,
145,104855,CORSE DU SUD,Y,,P,
145,104881,Crozic,N,,N,
145,104880,Cronstadt Island,N,,N,
145,104879,Cronsdald,N,,N,
145,104878,CROMER,Y,,P,
145,104877,CROMARTY,Y,,P,
145,104876,CROATIA,Y,,P,
145,104460,Krung Thep,N,,N,
145,104874,CRACKINGTON HAVEN,Y,,P,
145,104602,BRAILA,Y,,P,
145,104859,La Coruna,N,,N,
145,104858,COVERACK,Y,,P,
145,104822,CONNECTICUT,Y,,P,
145,104856,CORSICA,Y,,P,
145,104823,CONSTANTZA,Y,,P,
145,104854,CORNWALL,Y,,P,
145,104853,CORK,Y,,P,
145,104834,Isla Corisco,N,,N,
145,104833,Bahia De Corisco,N,,N,
145,104832,CORISCO ISLAND,Y,,P,
145,104831,CORISCO BAY,Y,,P,
145,104830,CORFU,Y,,P,
145,104829,COQUIMBO,Y,,P,
145,104827,COPENHAGEN,Y,,P,
145,104825,CONWY,Y,,P,
145,104784,Scio,N,,N,
145,104857,CORUNNA,Y,,P,
145,104740,CARRABELLE,Y,,P,
145,104786,CHRISTCHURCH,Y,,P,
145,104752,CATALONIA,Y,,P,
145,104751,CASTRO URDIALES,Y,,P,
145,104750,CASTRO,Y,,P,
145,104749,CASTRIES,Y,,P,
145,104748,CASTLETOWN,Y,,P,
145,104747,Castlamare,N,,N,
145,104746,CASTILLE,Y,,P,
145,104745,CASABLANCA,Y,,P,
145,104744,Carthegena,N,,N,
145,104743,CARTEGENA,Y,,P,
145,104755,CAYENNE,Y,,P,
145,104741,CARRIZAL BAJO,Y,,P,
145,104756,CAYMAN ISLANDS,Y,,P,
145,104739,CARMARTHEN,Y,,P,
145,104738,CARLOFORTE,Y,,P,
145,104737,CARLISLE,Y,,P,
145,104736,CARENTAN,Y,,P,
145,104735,CARDIGAN,Y,,P,
145,104734,CARDIFF,Y,,P,
145,104733,Cardinas,N,,N,
145,104732,CARDENAS,Y,,P,
145,104731,Carcubion,N,,N,
145,104729,CAPE TOWN,Y,,P,
145,104728,CAPE PROVINCE,Y,,P,
145,104742,CARRON (CENTRAL SCOTLAND),Y,,P,
145,104771,CHARLTON,Y,,P,
145,104727,CAPE OF GOOD HOPE,Y,,P,
145,104783,CHIOS,Y,,P,
145,104782,CHINA,Y,,P,
145,104781,CHILE,Y,,P,
145,104780,CHICHESTER,Y,,P,
145,104779,CHICAGO,Y,,P,
145,104778,CHESTER,Y,,P,
145,104777,CHESHIRE,Y,,P,
145,104776,CHERBOURG,Y,,P,
145,104775,Cherante,N,,N,
145,104774,CHEPSTOW,Y,,P,
145,104753,CATANIA,Y,,P,
145,104772,CHATHAM,Y,,P,
145,104785,CHITTAGONG,Y,,P,
145,104770,CHARLOTTETOWN,Y,,P,
145,104769,Charleston (South Cornwall),N,,N,
145,104768,Charleston (Nevis),N,,N,
145,104767,CHARLESTOWN (NEVIS),Y,,P,
145,104766,CHARLESTOWN (SOUTH CORNWALL),Y,,P,
145,104765,CHARLESTON (SOUTH CAROLINA),Y,,P,
145,104764,CHARLESTON (OREGON),Y,,P,
145,104763,CHARLESTON (SOUTH ISLAND),Y,,P,
145,104762,CHANNEL ISLANDS,Y,,P,
145,104761,CETTE EYGUN,Y,,P,
145,104757,GREATER ANTILLES,Y,,P,
145,104773,CHELMONDISTON,Y,,P,
145,104398,APPLEDORE,Y,,P,
145,104462,BANGOR,Y,,P,
145,104421,ARENDAL,Y,,P,
145,104420,ARDROSSAN,Y,,P,
145,104407,ARKHANGELSK,Y,,P,
145,104406,ARCHANGEL,Y,,P,
145,104405,ARBROATH,Y,,P,
145,104404,ARAGON,Y,,P,
145,104403,AQUITAINE,Y,,P,
145,104402,AQUIN,Y,,P,
145,104401,AQUILA,Y,,P,
145,104423,ARGOSTOLI,Y,,P,
145,104399,APULIA,Y,,P,
145,104424,ARRECIFE,Y,,P,
145,104397,ANTWERP,Y,,P,
145,104396,ANTRIM,Y,,P,
145,104395,ANTOFAGASTA,Y,,P,
145,104394,LEEWARD ISLANDS,Y,,P,
145,104393,LESSER ANTILLES,Y,,P,
145,104392,ANTIGUA AND BARBUDA,Y,,P,
145,104391,ANSTRUTHER,Y,,P,
145,104390,ANNAN,Y,,P,
145,104389,ANNALONG,Y,,P,
145,104388,ANNABA,Y,,P,
145,104387,ANGRA DE HEROISMO,Y,,P,
145,104400,AQUILEIA,Y,,P,
145,104436,AVON,Y,,P,
145,104450,BALEARIC ISLANDS,Y,,P,
145,104449,Bucarri,N,,N,
145,104448,BAKAR,Y,,P,
145,104447,BAHIA BLANCA,Y,,P,
145,104446,BAHIA,Y,,P,
145,104445,BAHAMAS,Y,,P,
145,104442,BACTON,Y,,P,
145,104441,BABBACOMBE,Y,,P,
145,104440,AZORES,Y,,P,
145,104439,AYR,Y,,P,
145,104422,ARGENTINA,Y,,P,
145,104437,AVONMOUTH,Y,,P,
145,104384,ANDROS (BAHAMAS),Y,,P,
145,104435,LES CAYES,Y,,P,
145,104434,AUSTRIA,Y,,P,
145,104433,AUSTRALIA,Y,,P,
145,104432,AURAY,Y,,P,
145,104431,AUDIERNE,Y,,P,
145,104430,ST HELENA,Y,,P,
145,104429,AUCKLAND,Y,,P,
145,104428,ASCENSION ISLAND,Y,,P,
145,104427,ARUNDEL,Y,,P,
145,104426,ARUBA,Y,,P,
145,104425,ARROMANCHES,Y,,P,
145,104438,AYLESFORD,Y,,P,
145,104304,ABERYSTWYTH,Y,,P,
145,104336,AJACCIO,Y,,P,
145,104335,AHUS,Y,,P,
145,104334,WATER,N,,P,
145,104314,Agrigentum,N,,N,
145,104313,Akragas,N,,N,
145,104312,Girgenti,N,,N,
145,104311,AGRIGENTO,Y,,P,
145,104310,AGADIR,Y,,P,
145,104309,DENMARK,Y,,P,
145,104308,ADEN,Y,,P,
145,104386,ANGOLA,Y,,P,
145,104306,ACCRA,Y,,P,
145,104339,ALABAMA,Y,,P,
145,104303,Aberdyfi,N,,N,
145,104302,ABERDOVEY BAR,Y,,P,
145,104301,ABERDOVEY,Y,,P,
145,104300,ABERDEEN,Y,,P,
145,104299,Aberayron,N,,N,
145,104298,ABERAERON,Y,,P,
145,104297,ABBEVILLE,Y,,P,
145,104296,ABADAN,Y,,P,
145,104295,AARHUS,Y,,P,
145,104294,AALESUND,Y,,P,
145,104293,AALBORG,Y,,P,
145,104307,ADELAIDE,Y,,P,
145,104351,ALLOA,Y,,P,
145,104453,BALTIC SEA,Y,,P,
145,104383,ANDERKEDEN,Y,Unable to identify actual place from documentary sources alone.,P,
145,104382,ANDALUCIA,Y,,P,
145,104381,ANCONA,Y,,P,
145,104380,ANCHORAGE,Y,,P,
145,104379,AMSTERDAM,Y,,P,
145,104378,AMELIA ISLAND,Y,,P,
145,104377,AMBLE,Y,,P,
145,104376,ALTONA,Y,,P,
145,104375,ALNMOUTH,Y,,P,
145,104374,AMLWCH,Y,,P,
145,104337,AKYAB,Y,,P,
145,104352,ALMERIA,Y,,P,
145,104338,Sittwe,N,,N,
145,104350,ALICANTE,Y,,P,
145,104349,ALGOA BAY,Y,,P,
145,104348,ALGIERS,Y,,P,
145,104346,ALGERIA,Y,,P,
145,104345,El Iskandariya,N,,N,
145,104344,ALEXANDRIA,Y,City and port on the Mediterranean coast.,P,
145,104343,ALDERNEY,Y,,P,
145,104342,ALDEBURGH,Y,,P,
145,104341,ALASKA,Y,State.,P,
145,104340,ALAND,Y,,P,
145,104385,ANGLESEY,Y,,P,
145,104353,ALMVIK,Y,,P,
145,104538,BIDEFORD,Y,,P,
145,104553,BLAYE,Y,,P,
145,104551,BLANKAHOLM,Y,,P,
145,104550,BLAKENEY,Y,,P,
145,104549,BLACKNESS,Y,,P,
145,104548,BIRLING GAP,Y,,P,
145,104547,BIRLING,Y,,P,
145,104546,BIRKENHEAD,Y,,P,
145,104544,BIRCHINGTON,Y,,P,
145,104543,BINIC,Y,,P,
145,104542,BILLINGHAM,Y,,P,
145,104525,BELVEDERE MARITTIMO,Y,,P,
145,104539,BILBAO,Y,,P,
145,104556,BOLTON,Y,,P,
145,104537,BEVERLEY,Y,,P,
145,104536,BERWICK UPON TWEED,Y,,P,
145,104535,BERRY HEAD,Y,,P,
145,104533,BERMUDA,Y,,P,
145,104532,BERGKVARA,Y,,P,
145,104531,BERGEN,Y,,P,
145,104530,BENODET,Y,,P,
145,104529,BENIN,Y,,P,
145,104528,BENICARLO,Y,,P,
145,104527,BENI SAF,Y,,P,
145,104451,BALLINACURRA,Y,,P,
145,104540,Bilboa,N,,N,
145,104569,BOSHAM,Y,,P,
145,104600,BRABANT,Y,,P,
145,104599,BOYNTON,Y,,P,
145,104598,BOURNEMOUTH,Y,,P,
145,104597,BOURGNEUF,Y,,P,
145,104596,BOULOGNE,Y,,P,
145,104595,BOULBY,Y,,P,
145,104594,BOUCAU,Y,,P,
145,104575,BOSTON ISLAND,Y,,P,
145,104574,BOSTON HARBOUR,Y,,P,
145,104573,BOSTON BAY,Y,,P,
145,104572,BOSTON (MASSACHUSETTS),Y,,P,
145,104554,BLUFF HARBOUR,Y,,P,
145,104570,BOSTON (LINCOLNSHIRE),Y,,P,
145,104555,BLYTH,Y,,P,
145,104568,BOSCASTLE,Y,,P,
145,104566,BORROWSTOUNNESS,Y,,P,
145,104565,BORNHOLM,Y,,P,
145,104564,BORDEAUX,Y,,P,
145,104563,BONNY,Y,,P,
145,104562,BONNE BAY,Y,,P,
145,104561,Bonell,N,Mistranscription of 'll' for handwritten ligatured 'ss'. Should be Boness or Bo'ness.,N,
145,104560,BONAIRE,Y,,P,
145,104558,BOMBAY,Y,Previous name for Mumbai.,P,
145,104557,BOMA,Y,,P,
145,104524,BELIN,Y,,P,
145,104571,BOSTON (MINDANAO),Y,,P,
145,104466,BARBADOS,Y,,P,
145,104480,BARTH,Y,,P,
145,104479,Y Barri,N,,N,
145,104478,BARRY ROADS,Y,,P,
145,104477,BARRY,Y,,P,
145,104476,BARROW IN FURNESS,Y,,P,
145,104474,BARNSTAPLE,Y,,P,
145,104473,BARMOUTH,Y,,P,
145,104472,BARLETTA,Y,,P,
145,104471,BARI,Y,,P,
145,104470,BARFLEUR,Y,,P,
145,104526,BEMBRIDGE,Y,,P,
145,104468,BARBUDA,Y,,P,
145,104483,BASSE INDRE,Y,,P,
145,104465,BANTRY,Y,,P,
145,104464,Bantem,N,,N,
145,104463,BANTEN,Y,,P,
145,104461,BANGLADESH,Y,,P,
145,104459,BANGKOK,Y,,P,
145,104458,BANFF,Y,,P,
145,104457,Pillau,N,,N,
145,104456,BALTIYSK,Y,,P,
145,104455,BALTIMORE (MARYLAND),Y,,P,
145,104454,BALTIMORE (CORK),Y,,P,
145,104601,BRADING,Y,,P,
145,104469,BARCELONA,Y,,P,
145,104495,BAY OF FUNDY,Y,,P,
145,104523,BELGIUM,Y,,P,
145,104522,BELFAST,Y,,P,
145,104521,BELEM,Y,,P,
145,104520,BEJAIA,Y,,P,
145,104519,BEJA,Y,,P,
145,104518,BEIRA,Y,,P,
145,104517,BECCLES,Y,,P,
145,104516,BEAUMONT (TEXAS),Y,,P,
145,104515,BEAUMARIS,Y,,P,
145,104514,BEAULIEU,Y,,P,
145,104513,SEARSPORT,Y,,P,
145,104481,BARTON,Y,,P,
145,104497,BAYONNE,Y,,P,
145,104482,BASQUE,Y,,P,
145,104494,BAY OF BENGAL,Y,"An area of the northern Indian Ocean bordered by India, Bangladesh and Myanmar.",P,
145,104493,BATHURST,Y,,P,
145,104491,BASTIA,Y,,P,
145,104490,BASSETERRE,Y,,P,
145,104489,VASAI,Y,,P,
145,104488,BASSEIN,Y,,P,
145,104487,BASSE TERRE (TRINIDAD),Y,,P,
145,104486,BASSE TERRE (GUADELOUPE),Y,,P,
145,104485,BASSE NORMANDIE,Y,,P,
145,104484,Bas Indre,N,,N,
145,104452,BALLINAMARRA,Y,,P,
145,104498,Bayones,N,,N,
145,106528,SON,Y,,P,
145,106575,ST HELENS (ISLE OF WIGHT),Y,,P,
145,106540,SOUTH SHIELDS,Y,,P,
145,106539,South Seas,N,Generally used as a synonym for the South Pacific Ocean.,N,
145,106538,SOUTH LANCING,Y,,P,
145,106537,SOUTH ISLAND,Y,,P,
145,106536,SOUTH HOLLAND,Y,,P,
145,106535,SOUTH GLAMORGAN,Y,,P,
145,106534,SOUTH DEVON,Y,,P,
145,106533,SOUTH CORNWALL,Y,,P,
145,106532,SOUTH CAROLINA,Y,,P,
145,106531,SOUTH AUSTRALIA,Y,,P,
145,106542,SOUTHEND ON SEA,Y,,P,
145,106529,SORAKER,Y,,P,
145,106543,SOUTHSEA,Y,,P,
145,106527,SOMERSET,Y,,P,
145,106526,SOMBRERO,Y,,P,
145,106525,SOLENT,Y,,P,
145,106524,SODERTALJE,Y,,P,
145,106523,SODERHAMN,Y,,P,
145,106522,SNETTISHAM,Y,,P,
145,106521,SLUIS,Y,,P,
145,105134,FREEPORT (NOVA SCOTIA),Y,,P,
145,106519,SLIGO,Y,,P,
145,104883,CUCKMERE HAVEN,Y,,P,
145,106517,SKIEN,Y,,P,
145,106530,SOUTH AFRICA,Y,,P,
145,106555,ST ALBANS HEAD,Y,,P,
145,106414,SARZEAU,Y,,P,
145,106573,ST GERMANS,Y,,P,
145,106567,ST GEORGES ISLAND,Y,,P,
145,106566,ST GEORGES,Y,,P,
145,106565,ST EUSTATIUS,Y,,P,
145,106564,ST ENDELLION,Y,,P,
145,106563,ST CROIX,Y,,P,
145,106562,ST CATHARINES,Y,,P,
145,106561,ST BRIEUC,Y,,P,
145,106559,ST AUBIN SUR MER,Y,,P,
145,106558,ST AUBIN,Y,,P,
145,106541,SOUTHAMPTON,Y,,P,
145,106556,ST ANDREWS,Y,,P,
145,106514,SJAELLAND,Y,,P,
145,106554,ST AGNES (ISLES OF SCILLY),Y,,P,
145,106553,ST AGNES (CORNWALL),Y,,P,
145,106552,Ceylon,N,,N,
145,106551,SRI LANKA,Y,,P,
145,106550,SPITHEAD,Y,,P,
145,106549,SPALDING,Y,,P,
145,106548,SPAIN,Y,,P,
145,106547,SOVANG,Y,,P,
145,106546,SOUTHWOLD,Y,,P,
145,106545,SOUTHWICK (WEST SUSSEX),Y,,P,
145,106544,SOUTHWICK (TYNE AND WEAR),Y,,P,
145,106557,ST ANNS,Y,,P,
145,106436,SCARBOROUGH (MAINE),Y,,P,
145,106455,SENNEN COVE,Y,,P,
145,106454,SENEGAL,Y,,P,
145,106448,SEMARANG,Y,,P,
145,106447,SELSEY,Y,,P,
145,106445,SELBY,Y,,P,
145,106444,SEAVIEW,Y,,P,
145,106443,SEATTLE,Y,,P,
145,106442,SEATON (DEVON),Y,,P,
145,106441,SEATON (NORTHUMBERLAND),Y,,P,
145,106440,SEAHAM,Y,,P,
145,106439,SCOTLAND,Y,,P,
145,106516,SKELLEFTEA,Y,,P,
145,106437,SCHIEDAM,Y,,P,
145,106459,St Ubes,N,,N,
145,106435,SCARBOROUGH (TOBAGO),Y,,P,
145,106434,SCARBOROUGH (ONTARIO),Y,,P,
145,106433,SCARBOROUGH (QUEENSLAND),Y,,P,
145,106422,SCAPA,Y,,P,
145,106421,SCAPA FLOW,Y,,P,
145,106420,SCARBOROUGH (NORTH YORKSHIRE),Y,,P,
145,106419,SAVONA,Y,,P,
145,106418,SAVANNAH (GEORGIA),Y,,P,
145,106417,SAVANNAH (GRAND CAYMAN),Y,,P,
145,106416,SAVANNAH (ELEUTHERA),Y,,P,
145,106690,THAMES HAVEN,Y,,P,
145,106438,SCHLESWIG HOLSTEIN,Y,,P,
145,106482,SHERINGHAM,Y,,P,
145,106576,ST HELIER,Y,,P,
145,106513,SITTINGBOURNE,Y,,P,
145,106502,Siracusa,N,,N,
145,106501,Siracuse,N,,N,
145,106500,SYRACUSE,Y,,P,
145,106499,SINGAPORE,Y,,P,
145,106498,SILLOTH,Y,,P,
145,106497,SIERRA LEONE,Y,,P,
145,106496,SIDMOUTH,Y,,P,
145,106495,SICILY,Y,,P,
145,106494,SHOREHAM BY SEA,Y,,P,
145,106457,SETE,Y,,P,
145,106483,SHETLAND ISLES,Y,,P,
145,106458,SETUBAL,Y,,P,
145,106481,SHELL HAVEN,Y,,P,
145,106480,SHEERNESS,Y,,P,
145,106479,SHARPNESS,Y,,P,
145,106478,SHANNON,Y,,P,
145,106477,RIVER SHANNON,Y,,P,
145,106476,SHANGHAI,Y,,P,
145,106475,SHALDON,Y,,P,
145,106474,SHADWELL,Y,,P,
145,106473,SFAX,Y,,P,
145,106461,Sevilla,N,,N,
145,106460,SEVILLE,Y,,P,
145,106515,SKEGNESS,Y,,P,
145,106493,Zetland,N,,N,
145,106645,SWANAGE,Y,,P,
145,106574,ST HELENS (ISLES OF SCILLY),Y,,P,
145,106657,Stettin,N,,N,
145,106656,SZCZECIN,Y,,P,
145,106655,Syra,N,,N,
145,106654,Syros,N,,N,
145,106653,SIROS,Y,,P,
145,106652,SYDNEY (NOVA SCOTIA),Y,,P,
145,106651,SYDNEY (NEW SOUTH WALES),Y,,P,
145,106650,Swinemunde,N,,N,
145,106649,SWINOUJSCIE,Y,,P,
145,106648,SWEDEN,Y,,P,
145,106659,TABASCO,Y,,P,
145,106646,SWANSCOMBE,Y,,P,
145,106660,TABLE BAY,Y,,P,
145,106644,SVOLVAER,Y,,P,
145,106643,SVENDBORG,Y,,P,
145,106642,SUTHERLAND,Y,,P,
145,106641,SURREY,Y,,P,
145,106640,SURINAM,Y,,P,
145,106639,Dutch Guiana,N,,N,
145,106638,Suriname,N,,N,
145,106637,Surabaja,N,,N,
145,106636,Sourabaya,N,,N,
145,106635,SURABAYA,Y,,P,
145,106634,SUNDSVALL,Y,,P,
145,106647,SWANSEA,Y,,P,
145,106676,TASMANIA,Y,,P,
145,106137,Porsgrund,N,,N,
145,106688,TEXEL,Y,,P,
145,106687,TEXAS,Y,,P,
145,106686,TERNEUZEN,Y,,P,
145,106685,TERCEIRA,Y,,P,
145,106684,TENERIFE,Y,,P,
145,106683,TENBY,Y,,P,
145,106682,TEIGNMOUTH,Y,,P,
145,106681,TEGAL,Y,,P,
145,106680,TEES BAY,Y,,P,
145,106679,TEDDINGTON,Y,,P,
145,106658,LA TREMBLADE,Y,,P,
145,106677,TAVIRA,Y,,P,
145,106631,SUMATRA,Y,,P,
145,106675,TARRAGONA,Y,,P,
145,106674,TARAPACA,Y,,P,
145,106673,TARANTO,Y,,P,
145,106668,Tanger,N,,N,
145,106667,TANGIER,Y,,P,
145,106666,TAMPICO,Y,,P,
145,106665,TAMIL NADU,Y,,P,
145,106664,TALTAL,Y,,P,
145,106663,TAKORADI,Y,,P,
145,106662,TAGANROG,Y,,P,
145,106661,TACOMA,Y,,P,
145,106678,TAYSIDE,Y,,P,
145,106589,ST MARYS,Y,,P,
145,106602,ST SAMPSON,Y,,P,
145,106601,LENINGRAD,Y,,P,
145,106600,ST PETERSBURG,Y,,P,
145,106599,ST PETER PORT,Y,,P,
145,106598,ST OSYTH,Y,,P,
145,106597,ST NAZAIRE,Y,,P,
145,106596,ST MONANCE,Y,,P,
145,106595,ST MICHAELS,Y,,P,
145,106594,ST MICHAELS MOUNT,Y,,P,
145,106593,ST MICHAEL PENKEVIL,Y,,P,
145,106592,ST MICHAEL CAERHAYS,Y,,P,
145,106633,SUNDERLAND,Y,,P,
145,106590,ST MAWES,Y,,P,
145,106605,ST THOMAS (VIRGIN ISLANDS),Y,,P,
145,106588,ST MARTINS,Y,,P,
145,106587,ST MALO,Y,,P,
145,106586,ST LUCIA,Y,,P,
145,106585,ST KITTS NEVIS,Y,,P,
145,106584,St Christopher,N,,N,
145,106583,ST KITTS,Y,,P,
145,106582,ST JOHNS (NEWFOUNDLAND),Y,,P,
145,106581,ST JOHNS (ANTIGUA),Y,,P,
145,106580,ST JOHN ISLAND,Y,,P,
145,106579,ST JOHN BAY,Y,,P,
145,106577,ST IVES,Y,,P,
145,106591,ST MICHAEL,Y,,P,
145,106617,STOCKWITH,Y,,P,
145,106413,SARPSBORG,Y,,P,
145,106630,SULINA,Y,,P,
145,106629,SUFFOLK,Y,,P,
145,106628,SUEZ,Y,,P,
145,106627,SUDR,Y,,P,
145,106626,STROOD,Y,,P,
145,106625,STROMSTAD,Y,,P,
145,106624,STROMNESS,Y,,P,
145,106623,STRATHCLYDE,Y,,P,
145,106622,STRANRAER,Y,,P,
145,106621,STRANGFORD (WALES),Y,,P,
145,106603,ST SERVAN,Y,,P,
145,106618,STOKE,Y,,P,
145,106604,ST THOMAS (DEVON),Y,,P,
145,106616,STOCKTON ON TEES,Y,,P,
145,106615,STOCKPORT,Y,,P,
145,106614,STOCKHOLM,Y,,P,
145,106613,STEPPER POINT,Y,,P,
145,106612,STEINKJER,Y,,P,
145,106611,STAVANGER,Y,,P,
145,106610,STANGATE CREEK,Y,,P,
145,106609,STAITHES,Y,,P,
145,106608,ST VALERY SUR SOMME,Y,,P,
145,106607,ST VALERY EN CAUX,Y,,P,
145,106606,ST VAAST LA HOUGUE,Y,,P,
145,106632,Sumatera,N,,N,
145,106619,STORNOWAY,Y,,P,
145,106230,PUERTO RICO,Y,,P,
145,106287,Fiume,N,,N,
145,106245,RAMSEY,Y,,P,
145,106244,RAINHAM,Y,,P,
145,106243,QUIMPER,Y,,P,
145,106240,QUIBERON,Y,,P,
145,106239,QUEENSLAND,Y,,P,
145,106238,QUEENSFERRY,Y,,P,
145,106236,QUEBEC,Y,,P,
145,106235,PWLLHELI,Y,,P,
145,106234,PURFLEET,Y,,P,
145,106233,PULICAT LAKE,Y,,P,
145,106247,RANGOON,Y,,P,
145,106231,PUGET SOUND,Y,,P,
145,106248,Yangon,N,,N,
145,106229,PUERTO PLATA,Y,,P,
145,106228,PUERTO CABELLO,Y,,P,
145,106227,PUERTO DEL ROSARIO,Y,,P,
145,106226,PROVIDENCIALES,Y,,P,
145,106225,PROVIDENCE (RHODE ISLAND),Y,,P,
145,106224,PROVIDENCE (DEMERARA),Y,,P,
145,106223,PRINCE EDWARD ISLAND,Y,,P,
145,106222,PRESTON,Y,,P,
145,106221,PRAWLE POINT,Y,,P,
145,106220,POZZUOLI,Y,,P,
145,106219,PORTUGAL,Y,,P,
145,106232,PUGWASH,Y,,P,
145,106264,Rivadeo,N,,N,
145,106415,SAUNDERSFOOT,Y,,P,
145,106285,RIGULDI,Y,,P,
145,106284,RIGA,Y,,P,
145,106283,St Vincent And The Grenadines,N,,N,
145,106282,ST VINCENT,Y,,P,
145,106281,RICHMOND (VIRGINIA),Y,,P,
145,106280,RICHMOND (NEW YORK),Y,,P,
145,106279,RICHMOND (CALIFORNIA),Y,,P,
145,106277,RICHMOND (ST VINCENT),Y,,P,
145,106276,RICHMOND (SOUTH ISLAND),Y,,P,
145,106275,RICHMOND (BRITISH COLUMBIA),Y,,P,
145,106246,RAMSGATE,Y,,P,
145,106273,RICHBOROUGH,Y,,P,
145,106216,PORTSMOUTH (RHODE ISLAND),Y,,P,
145,106263,RIBADEO,Y,,P,
145,106262,RHYL,Y,,P,
145,106261,RHODE ISLAND,Y,,P,
145,106260,REYKJAVIK,Y,,P,
145,106259,REQUEJADA,Y,,P,
145,106258,REGNEVILLE SUR MER,Y,,P,
145,106257,REGNEVILLE,Y,,P,
145,106256,REDON,Y,,P,
145,106255,REDCAR,Y,,P,
145,106254,REDBRIDGE,Y,,P,
145,106253,RECIFE,Y,,P,
145,106274,RICHIBUCTO,Y,,P,
145,106159,PORT LAUNAY,Y,,P,
145,106173,Portgaverne,N,,N,
145,106172,PORTCHESTER,Y,,P,
145,106171,PORT VENDRES,Y,,P,
145,106170,PORT TALBOT,Y,,P,
145,106169,PORT STANLEY (FALKLAND ISLANDS),Y,,P,
145,106168,PORT STANLEY (ONTARIO),Y,,P,
145,106167,PORT SAID,Y,,P,
145,106166,PORT ROYAL,Y,,P,
145,106165,PORT PIRIE,Y,,P,
145,106164,PORT PHILIP,Y,,P,
145,106163,PORT OF SPAIN,Y,,P,
145,106218,PORTSOY,Y,,P,
145,106160,PORT LINCOLN,Y,,P,
145,106176,PORTHCAWL,Y,,P,
145,106158,PORT ISAAC,Y,,P,
145,106157,PORT HARCOURT,Y,,P,
145,106156,PORT EVERGLADES,Y,,P,
145,106155,PORT ELIZABETH (NEW JERSEY),Y,,P,
145,106153,PORT DINORWIC,Y,,P,
145,106143,DELABOLE,Y,,P,
145,106142,Port De La Bole,N,,N,
145,106141,PORT BREIRA,Y,,P,
145,106140,PORT AU PRINCE,Y,,P,
145,106139,PORT ARTHUR (TEXAS),Y,,P,
145,106138,PORT ARTHUR (TASMANIA),Y,,P,
145,106162,PORT NOLLOTH,Y,,P,
145,106200,PORTLAND (TEXAS),Y,,P,
145,106293,Rio Congo,N,,N,
145,106215,PORTSMOUTH (NORTH CAROLINA),Y,,P,
145,106214,PORTSMOUTH (NEW HAMPSHIRE),Y,,P,
145,106213,PORTSMOUTH (HAMPSHIRE),Y,,P,
145,106212,PORTSMOUTH (DOMINICA),Y,,P,
145,106211,PORTSLADE BY SEA,Y,,P,
145,106210,PORTSALON,Y,,P,
145,106209,PORTSALL,Y,,P,
145,106207,PORTREATH,Y,,P,
145,106206,PORTOFERRAIO,Y,,P,
145,106204,PORTMAN,Y,,P,
145,106174,PORT GAVERNE,Y,,P,
145,106202,PORTLAND HARBOUR,Y,,P,
145,106175,PORTHALLOW,Y,,P,
145,106199,PORTLAND (MAINE),Y,,P,
145,106198,PORTLAND (OREGON),Y,,P,
145,106197,PORTLAND (NORTH ISLAND),Y,,P,
145,106196,PORTLAND (DORSET),Y,,P,
145,106195,PORTLAND (VICTORIA),Y,,P,
145,106194,PORTISHEAD,Y,,P,
145,106193,PORTHOUSTOCK,Y,,P,
145,106180,Porthmadog,N,,N,
145,106179,PORTHMADOC,Y,,P,
145,106178,PORTHLEVEN,Y,,P,
145,106177,PORTHGAIN,Y,,P,
145,106217,PORTSMOUTH (VIRGINIA),Y,,P,
145,106203,PORTLOE,Y,,P,
145,106367,SALVADOR,Y,,P,
145,106286,RIJEKA,Y,,P,
145,106379,San Paulo De Loango,N,,N,
145,106378,SAN NICOLAS (ARGENTINA),Y,,P,
145,106377,SAN NICOLAS (PERU),Y,,P,
145,106376,SAN LUCA,Y,,P,
145,106375,SAN JUAN ISLAND,Y,,P,
145,106374,SAN JUAN,Y,,P,
145,106373,SAN FRANCISCO (VENEZUELA),Y,,P,
145,106372,SAN FRANCISCO (CALIFORNIA),Y,,P,
145,106371,SAN FRANCISCO (LUZON),Y,,P,
145,106370,SAN DIEGO,Y,,P,
145,106383,SAN SEBASTIAN (MEXICO),Y,,P,
145,106368,SAMARINDA,Y,,P,
145,106384,SAN SEBASTIAN (BASQUE),Y,,P,
145,106366,SALTFLEET,Y,,P,
145,106365,SALTASH,Y,,P,
145,106364,SALT END,Y,,P,
145,106363,SALOINEN,Y,,P,
145,106362,SALO (LOMBARDY),Y,,P,
145,106361,SALO (TURKU),Y,,P,
145,106360,SALEM (NEW JERSEY),Y,,P,
145,106359,SALEM (MASSACHUSETTS),Y,,P,
145,106358,SALDER,Y,,P,
145,106357,SALCOMBE,Y,,P,
145,106356,SALAMIS,Y,,P,
145,106369,SAMSUN,Y,,P,
145,106396,SANTA FE,Y,,P,
145,106409,Sardegna,N,,N,
145,106408,SARDINIA,Y,,P,
145,106407,SAPELO ISLAND,Y,,P,
145,106406,Isla Saona,N,,N,
145,106405,SAONA ISLAND,Y,,P,
145,106404,SAO PAULO,Y,,P,
145,106403,SANTOS,Y,,P,
145,106402,Ciudad Trujillo,N,,N,
145,106401,SANTO DOMINGO,Y,,P,
145,106400,SANTIAGO DE CUBA,Y,,P,
145,106399,SANTANDER,Y,,P,
145,106380,SAN REMO,Y,,P,
145,106397,SANTA MARTA,Y,,P,
145,106353,SACRAMENTO,Y,,P,
145,106395,SANTA CRUZ DEL SUR,Y,,P,
145,106394,SANTA CRUZ DE TENERIFE,Y,,P,
145,106393,SANTA CRUZ DE LA PALMA,Y,,P,
145,106392,SANTA CRUZ (CALIFORNIA),Y,,P,
145,106391,SANTA CRUZ (ARGENTINA),Y,,P,
145,106390,SANTA CATARINA,Y,,P,
145,106389,SANLUCAR DE GUADIANA,Y,,P,
145,106388,SANLUCAR DE BARRAMEDA,Y,,P,
145,106387,SANDWICH,Y,,P,
145,106386,SANDEFJORD,Y,,P,
145,106385,SAN SEBASTIAN DE LA GOMERA,Y,,P,
145,106398,SANTA ROSALIA,Y,,P,
145,106307,RIVER DEVA,Y,,P,
145,106320,RIVER THAMES,Y,,P,
145,106319,RIVER TEES,Y,,P,
145,106318,RIVER SEINE,Y,,P,
145,106317,RIVER PLATE,Y,,P,
145,106316,RIVER ORWELL,Y,,P,
145,106315,RIVER MERSEY,Y,,P,
145,106314,RIVER MEDWAY,Y,,P,
145,106313,RIVER HUMBER,Y,,P,
145,106312,RIVER HELFORD,Y,,P,
145,106311,RIVER HAMBLE,Y,,P,
145,106310,RIVER GANNEL,Y,,P,
145,106355,SAGUNTO,Y,,P,
145,106308,RIVER ELBE,Y,,P,
145,106323,RIVER YEALM,Y,,P,
145,106306,RIVER DEMERARA,Y,,P,
145,106305,RIVER CUCKMERE,Y,,P,
145,106304,RIVER CONGO,Y,,P,
145,106303,RIVER COLNE,Y,,P,
145,106302,RIVER CLYDE,Y,,P,
145,106299,RIVER BERBICE,Y,,P,
145,106298,RISOR,Y,,P,
145,106297,RIO MUNI,Y,,P,
145,106296,RIO GRANDE DO SUL,Y,,P,
145,106295,RIO GRANDE,Y,,P,
145,106294,RIO DE JANEIRO,Y,,P,
145,106309,RIVER ESSEQUIBO,Y,,P,
145,106337,ROSEAU,Y,,P,
145,106691,THE HAGUE,Y,,P,
145,106349,Sables D'Olonne,N,,N,
145,106348,LES SABLES D'OLONNE,Y,,P,
145,106347,RYE,Y,,P,
145,106346,RYDE,Y,,P,
145,106345,RUSSIA,Y,,P,
145,106344,RUNCORN,Y,,P,
145,106343,ROZENBURG,Y,,P,
145,106342,ROUEN,Y,,P,
145,106341,ROTTINGDEAN,Y,,P,
145,106340,ROTTERDAM,Y,,P,
145,106321,RIVER TRENT,Y,,P,
145,106338,ROSTOCK,Y,,P,
145,106322,RIVER TYNE,Y,,P,
145,106336,ROSCOFF,Y,,P,
145,106335,ROSARIO (MARANHAO),Y,,P,
145,106333,RONNE,Y,,P,
145,106331,Roumania,N,,N,
145,106330,Rumania,N,,N,
145,106329,ROMANIA,Y,,P,
145,106328,ROCK,Y,,P,
145,106327,ROCHFORD,Y,,P,
145,106326,ROCHESTER,Y,,P,
145,106325,ROCHEFORT,Y,,P,
145,106324,ROAN,Y,,P,
145,106354,SAFI,Y,,P,
145,106339,ROTHERHITHE,Y,,P,
145,107933,BUCKSPORT,Y,,P,
145,108374,RICHMOND (KWAZULU NATAL),Y,,P,
145,108080,MORE OG ROMSDAL,Y,,P,
145,108079,HORDALAND,Y,,P,
145,108078,HEDMARK,Y,,P,
145,108077,FINNMARK,Y,,P,
145,108076,BUSKERUD,Y,,P,
145,108075,AKERSHUS,Y,,P,
145,108074,AUST AGDER,Y,,P,
145,108073,KRISTIANSUND,Y,,P,
145,108034,RIVER NIGER,Y,,P,
145,108033,RIVER CHARENTE,Y,,P,
145,108082,NORD TRONDELAG,Y,,P,
145,107973,PENRYN,Y,,P,
145,108083,OPPLAND,Y,,P,
145,107913,NORFOLK ISLAND,Y,,P,
145,107893,OULU,Y,,P,
145,107873,ARMAGH,Y,,P,
145,107853,NAZARE,Y,,P,
145,107793,BORNEO,Y,,P,
145,107773,HARTLEPOOL BAY,Y,,P,
145,107753,PENRHYNDEUDRAETH,Y,,P,
145,107733,CYCLADES,Y,,P,
145,107713,BORDERS,Y,,P,
145,107694,LEWES,Y,,P,
145,107693,HASTINGS,Y,,P,
145,108013,QUEENSTOWN,Y,,P,
145,108253,BLANKENESE,Y,,P,
145,107013,FREEPORT (MAINE),Y,,P,
145,108354,WESTERN CAPE,Y,,P,
145,108353,EASTERN CAPE,Y,,P,
145,108333,Trablous,N,,N,
145,108313,MALUKU,Y,,P,
145,108293,EAST INDIES,Y,,P,
145,108279,HAUTE ALPES,Y,,P,
145,108278,ALPES MARITIMES,Y,,P,
145,108277,ALPES DE HAUTE PROVENCE,Y,,P,
145,108276,VAUCLUSE,Y,,P,
145,108275,BOUCHES DU RHONE,Y,,P,
145,108081,NORDLAND,Y,,P,
145,108273,PROVENCE ALPES COTE D'AZUR,Y,,P,
145,107633,CARRON (GRAMPIAN),Y,,P,
145,108193,FLANDERS,Y,Use for the historic region of Flanders only,P,
145,108153,BERGO,Y,,P,
145,108093,ALGARVE,Y,,P,
145,108091,VESTFOLD,Y,,P,
145,108090,VEST AGDER,Y,,P,
145,108089,TROMS,Y,,P,
145,108088,TELEMARK,Y,,P,
145,108087,SOR TRONDELAG,Y,,P,
145,108086,SOGN OG FJORDANE,Y,,P,
145,108085,ROGALAND,Y,,P,
145,108084,OSTFOLD,Y,,P,
145,108274,VAR,Y,,P,
145,107215,CAICOS ISLANDS,Y,,P,
145,107513,Kerkira,N,,N,
145,107493,CENTRAL (SCOTLAND),Y,,P,
145,107453,UNITED KINGDOM,Y,,P,
145,107433,STRAITS OF DOVER,Y,,P,
145,107414,NORTH CHANNEL,Y,,P,
145,107413,STRAITS OF GIBRALTAR,Y,,P,
145,107373,IRISH SEA,Y,,P,
145,107354,BAY OF BISCAY,Y,,P,
145,107353,La Manche,N,,N,
145,107333,ENGLISH CHANNEL,Y,,P,
145,107294,SOUTH ATLANTIC OCEAN,Y,That portion of the Atlantic Ocean which stretches from the Equator in the north to Antarctica.,P,
145,107673,DUNGARVAN,Y,,P,
145,107273,BAFFIN ISLAND,Y,,P,
145,107516,Kefallinia,N,,N,
145,107214,TURKS ISLANDS,Y,,P,
145,107213,Gallipoli (Turkey),N,,N,
145,107154,BRITISH ISLES,Y,,P,
145,107153,IRELAND,Y,,P,
145,107133,ANDROS (GREECE),Y,,P,
145,107113,WEST INDIES,Y,,P,
145,107093,NETHERLANDS ANTILLES,Y,,P,
145,107073,ANTIGUA,Y,,P,
145,107054,WINDWARD ISLANDS,Y,,P,
145,107053,HISPANIOLA,Y,,P,
145,106689,THAILAND,Y,,P,
145,107293,NORTH ATLANTIC OCEAN,Y,That portion of the Atlantic Ocean which stretches from the Arctic Ocean in the north to the Equator.,P,
145,107583,ANDAMAN SEA,Y,"A sea within a sea, the Andaman Sea consists of that part of the Indian Ocean bordered by Myanmar, Thailand, Malaysia, Sumatra and the Andaman and Nicobar Islands.",P,
145,108375,NORTHERN CAPE,Y,,P,
145,107614,KINTYRE,Y,,P,
145,107613,CAMPBELTOWN,Y,,P,
145,107593,STRAITS OF MESSINA,Y,,P,
145,107592,TYRRHENIAN SEA,Y,,P,
145,107591,LIGURIAN SEA,Y,,P,
145,107590,AEGEAN SEA,Y,"A sea within a sea, the Aegean consists of that part of the Mediterranean bordered by Greece and Turkey.",P,
145,107589,IONIAN SEA,Y,,P,
145,107588,ADRIATIC SEA,Y,"A sea within a sea, the Adriatic consists of that part of the Mediterranean which separates Italy from the Balkans and Greece.",P,
145,107587,THE WASH,Y,,P,
145,107586,DENMARK STRAIT,Y,,P,
145,107514,IONIAN ISLANDS,Y,,P,
145,107584,TASMAN SEA,Y,,P,
145,107515,CEPHALONIA,Y,,P,
145,107582,WEDDELL SEA,Y,,P,
145,107581,ROSS SEA,Y,,P,
145,107580,ARABIAN SEA,Y,"A sea within a sea, the Arabian Sea consists of the northern part of the Indian Ocean bordered by India, Pakistan, Iran, Oman and Yemen.",P,
145,107579,BEAUFORT SEA,Y,,P,
145,107578,EAST SIBERIAN SEA,Y,,P,
145,107577,LAPTEV SEA,Y,,P,
145,107576,KARA SEA,Y,,P,
145,107575,BARENTS SEA,Y,,P,
145,107574,GREENLAND SEA,Y,,P,
145,107573,NORWEGIAN SEA,Y,,P,
145,107533,BEAUMONT (MISSISSIPPI),Y,,P,
145,107653,GELDERLAND,Y,,P,
145,107585,CORAL SEA,Y,,P,
145,108776,Vostochno Sibirskaye More,N,,N,
145,108373,KWAZULU NATAL,Y,,P,
145,108878,PAPUA NEW GUINEA,Y,,P,
145,108877,CAMBODIA,Y,,P,
145,108876,Formosa,N,,N,
145,108875,TAIWAN,Y,,P,
145,108874,SOUTH KOREA,Y,,P,
145,108873,NORTH KOREA,Y,,P,
145,108853,LUNDY,Y,,P,
145,108833,MID GLAMORGAN,Y,,P,
145,108814,SOUTH PACIFIC OCEAN,Y,That portion of the Pacific which stretches from the equator to Antarctica.,P,
145,108813,NORTH PACIFIC OCEAN,Y,That portion of the Pacific which stretches from the Arctic Ocean in the north to the equator.,P,
145,108894,KAZAKHSTAN,Y,,P,
145,108777,Okhotskoye More,N,,N,
145,108895,TURKMENISTAN,Y,,P,
145,108775,More Laptevykh,N,,N,
145,108774,Karskoye More,N,,N,
145,108773,GULF OF DANZIG,Y,,P,
145,108756,NAMIBIA,Y,,P,
145,108755,TOGO,Y,,P,
145,108754,Cote D'Ivoire,N,,N,
145,108753,IVORY COAST,Y,,P,
145,108734,GULF OF GUINEA,Y,,P,
145,108733,MAURITANIA,Y,,P,
145,108720,MADAGASCAR,Y,,P,
145,108719,TANZANIA,Y,,P,
145,108793,CHUKCHI SEA,Y,,P,
145,108957,CANAL,Y,,P,
145,133596,BIZERTE,Y,,P,
145,133316,ZEEBRUGGE,Y,,P,
145,133293,Holland,N,,N,
145,133033,PEKELA,Y,,P,
145,131400,Port Mahon,N,,N,
145,131399,MAHON,Y,,P,
145,125053,ROSARIO (SANTA FE),Y,,P,
145,111833,AGUILAS,Y,,P,
145,111813,ALDBOROUGH,Y,,P,
145,108993,KIEL CANAL,Y,,P,
145,108973,FIRTH OF CLYDE,Y,,P,
145,108893,AZERBAIJAN,Y,,P,
145,108958,SUEZ CANAL,Y,,P,
145,108716,GULF OF OMAN,Y,,P,
145,108956,GULF OF ADEN,Y,,P,
145,108955,DJIBOUTI,Y,,P,
145,108954,ERITREA,Y,,P,
145,108953,SUDAN,Y,,P,
145,108938,STRAITS OF HORMUZ,Y,,P,
145,108937,BAHRAIN,Y,,P,
145,108936,QATAR,Y,,P,
145,108935,IRAQ,Y,,P,
145,108934,UNITED ARAB EMIRATES,Y,,P,
145,108933,SAUDI ARABIA,Y,,P,
145,108913,SVALBARD,Y,,P,
145,108959,PANAMA CANAL,Y,,P,
145,108473,LAKE ONTARIO,Y,,P,
145,108515,ISLA DE CHILOE,Y,,P,
145,108514,LOS LAGOS,Y,,P,
145,108513,ATACAMA,Y,,P,
145,108496,NEWFOUNDLAND ISLAND,Y,,P,
145,108495,LABRADOR,Y,,P,
145,108494,GULF OF ST LAWRENCE,Y,,P,
145,108493,ST LAWRENCE SEAWAY,Y,,P,
145,108479,NIAGARA RIVER,Y,,P,
145,108478,THE GREAT LAKES,Y,,P,
145,108477,LAKE SUPERIOR,Y,,P,
145,108476,LAKE MICHIGAN,Y,,P,
145,108718,SOMALIA,Y,,P,
145,108474,LAKE ERIE,Y,,P,
145,108575,NEW GUINEA,Y,,P,
145,108454,BAJA CALIFORNIA SUR,Y,,P,
145,108453,BAJA CALIFORNIA NORTE,Y,,P,
145,108434,COLIMA,Y,,P,
145,108433,MICHOACAN,Y,,P,
145,108417,EL SALVADOR,Y,,P,
145,108416,SAN SALVADOR (EL SALVADOR),Y,,P,
145,108415,SAN SALVADOR (BAHAMAS),Y,,P,
145,108414,GUATEMALA,Y,,P,
145,108413,COSTA RICA,Y,,P,
145,108394,PORT ELIZABETH (EASTERN CAPE),Y,,P,
145,108393,MIDDELBURG (EASTERN CAPE),Y,,P,
145,108475,LAKE HURON,Y,,P,
145,108655,BOSNIA HERZEGOVINA,Y,,P,
145,106993,NEW ZEALAND,Y,,P,
145,108715,OMAN,Y,,P,
145,108714,NICOBAR ISLANDS,Y,,P,
145,108713,ANDAMAN ISLANDS,Y,,P,
145,108698,DARDANELLES,Y,,P,
145,108697,SEA OF MARMARA,Y,,P,
145,108696,BOSPHORUS,Y,,P,
145,108695,CRETE,Y,,P,
145,108694,SYRIA,Y,,P,
145,108693,ISRAEL,Y,,P,
145,108673,BULGARIA,Y,Country bordering the Black Sea.,P,
145,108533,Port Arthur (Liaoning),N,,N,
145,108656,YUGOSLAVIA,Y,,P,
145,108553,HONSHU,Y,,P,
145,108654,SERBIA,Y,,P,
145,108653,ALBANIA,Y,,P,
145,108637,GULF OF RIGA,Y,,P,
145,108636,GULF OF BOTHNIA,Y,,P,
145,108635,GULF OF FINLAND,Y,,P,
145,108634,Kaspiyskoye More,N,,N,
145,108633,ROSTOV,Y,,P,
145,108614,KRASNODAR,Y,,P,
145,108613,MOSKVA,Y,,P,
145,108594,Kara Deniz,N,,N,
145,108593,Chernoye More,N,,N,
145,108717,PERSIAN GULF,Y,,P,
145,108657,MONTENEGRO,Y,,P,
145,106760,UUSIKAUPUNKI,Y,,P,
145,106804,WASHINGTON,Y,,P,
145,106772,VEENDAM,Y,,P,
145,106771,VAREL,Y,,P,
145,106770,VANNES,Y,,P,
145,106769,VANCOUVER ISLAND,Y,,P,
145,106768,VANCOUVER,Y,,P,
145,106767,VALPARAISO (FLORIDA),Y,,P,
145,106766,VALPARAISO (CHILE),Y,,P,
145,106765,VALLETTA,Y,,P,
145,106764,VALENCIA,Y,,P,
145,106763,VALDEZ (ALASKA),Y,,P,
145,106774,VENEZUELA,Y,,P,
145,106761,VAASA,Y,,P,
145,106775,VENICE,Y,,P,
145,106759,URUGUAY,Y,,P,
145,106758,UNST,Y,,P,
145,106757,UNITED STATES OF AMERICA,Y,,P,
145,106755,ULVERSTON,Y,,P,
145,106754,UKRAINE,Y,,P,
145,106753,UDDEVALLA,Y,,P,
145,106752,TYNEMOUTH,Y,,P,
145,106751,TYNE AND WEAR,Y,,P,
145,106750,Tuedestrand,N,,N,
145,106749,TVEDESTRAND,Y,,P,
145,106748,TUSCANY,Y,,P,
145,106762,VALDEZ (ECUADOR),Y,,P,
145,106787,VIRGINIA,Y,,P,
145,107033,GREAT BRITAIN,Y,,P,
145,106802,WARKWORTH,Y,,P,
145,106801,WAREHAM,Y,,P,
145,106800,WALMER,Y,,P,
145,106799,WALLSEND,Y,,P,
145,106798,WALKER,Y,,P,
145,106797,WALES,Y,,P,
145,106796,WALDRINGFIELD,Y,,P,
145,106795,WALCOTT,Y,,P,
145,106794,WADEBRIDGE,Y,,P,
145,106793,WABANA,Y,,P,
145,106773,VENETO,Y,,P,
145,106788,VLAARDINGEN,Y,,P,
145,106745,TURKEY,Y,,P,
145,106786,VIRGIN ISLANDS (USA),Y,,P,
145,106785,VIRGIN ISLANDS (UK),Y,,P,
145,106784,VILLARICOS,Y,,P,
145,106783,VIGO,Y,,P,
145,106782,VIETNAM,Y,,P,
145,106781,VIENNA,Y,,P,
145,106780,VICTORIA,Y,,P,
145,106779,VIANA DO CASTELO,Y,,P,
145,106778,VERACRUZ,Y,,P,
145,106777,VENTNOR,Y,,P,
145,106776,Venezia,N,,N,
145,106789,VOLOS,Y,,P,
145,106703,TOBAGO,Y,,P,
145,106716,TORRE DEL MAR,Y,,P,
145,106715,TORQUAY,Y,,P,
145,106714,TORPOINT,Y,,P,
145,106713,TORBAY,Y,,P,
145,106712,Topsom,N,,N,
145,106711,TOPSHAM,Y,,P,
145,106710,TONSBERG,Y,,P,
145,106709,Tonningen,N,,N,
145,106708,TONNING,Y,,P,
145,106707,TONNAY CHARENTE,Y,,P,
145,106706,TONBRIDGE,Y,,P,
145,106747,TURKU,Y,,P,
145,106704,TOCOPILLA,Y,,P,
145,106720,TOTLAND,Y,,P,
145,106702,TINTAGEL,Y,,P,
145,106701,TILBURY,Y,,P,
145,106700,THURSO,Y,,P,
145,106699,THORNABY ON TEES,Y,,P,
145,106698,Salonica,N,,N,
145,106697,THESSALONIKI,Y,,P,
145,106696,THEODOSIA,Y,,P,
145,106695,THEDDLETHORPE,Y,,P,
145,106694,THE SWALE,Y,,P,
145,106693,THE SKERRIES (GWYNEDD),Y,,P,
145,106692,THE SKERRIES (SHETLAND ISLES),Y,,P,
145,106705,Tomsberg,N,,N,
145,106732,TRINIDAD,Y,,P,
145,106805,WATCHET,Y,,P,
145,106744,TUNISIA,Y,,P,
145,106743,TUNIS,Y,,P,
145,106742,TULCEA,Y,,P,
145,106741,TRURO,Y,,P,
145,106740,TROW,Y,,P,
145,106739,TROUVILLE SUR MER,Y,,P,
145,106738,TROON,Y,,P,
145,106737,TRONDHEIM,Y,,P,
145,106736,Tarabulus,N,,N,
145,106735,TRIPOLI (LEBANON),Y,,P,
145,106718,TORSHAVN,Y,,P,
145,106733,TRINIDAD AND TOBAGO,Y,,P,
145,106719,TORTOLA,Y,,P,
145,106731,TRIESTE,Y,,P,
145,106730,TRESCO,Y,,P,
145,106729,Trequier,N,,N,
145,106728,TREGUIER,Y,,P,
145,106727,TREEN COVE,Y,,P,
145,106726,TREBETHERICK (SOUTH CORNWALL),Y,,P,
145,106725,TREBETHERICK (NORTH CORNWALL),Y,,P,
145,106724,TRAPANI,Y,,P,
145,106723,TRALEE,Y,,P,
145,106722,TOULON,Y,,P,
145,106721,TOTNES,Y,,P,
145,106746,TURKS AND CAICOS ISLANDS,Y,,P,
145,106734,TRIPOLI (LIBYA),Y,,P,
145,106895,Zante,N,,N,
145,106803,WARRINGTON,Y,,P,
145,106922,AMERICA,Y,"The land mass comprising, the continents of North and Central America and South America. Use more specific type.",P,
145,106921,NORTH AND CENTRAL AMERICA,Y,,P,
145,106920,CENTRAL AMERICA,Y,,P,
145,106919,ANTARCTICA,Y,,P,
145,106918,NORTH AMERICA,Y,,P,
145,106917,SOUTH AMERICA,Y,,P,
145,106916,AUSTRALASIA,Y,,P,
145,106915,EUROPE,Y,,P,
145,106914,ASIA,Y,,P,
145,106913,AFRICA,Y,Continent.,P,
145,106934,ISLAND,N,,P,
145,106896,ZEELAND,Y,Netherlands,P,
145,106953,OCEAN,N,,P,
145,106894,ZAKINTHOS,Y,,P,
145,106893,Belgian Congo,N,,N,
145,106873,ZAIRE,Y,,P,
145,106868,St Lukes Island,N,,N,
145,106867,ZADETKALE KYUN,Y,,P,
145,106866,YSTAD,Y,,P,
145,106865,YOUGHAL,Y,,P,
145,106864,YOKOHAMA,Y,,P,
145,106863,YEMEN,Y,,P,
145,106862,YARMOUTH,Y,,P,
145,106861,KRISTIANSAND,Y,,P,
145,106897,ZUIDBROEK,Y,,P,
145,106965,BLACK SEA,Y,,P,
145,106978,SOUTHERN OCEAN,Y,"The ocean which surrounds the continent of Antarctica, and includes the most southerly regions of the three largest oceans, the Pacific, Atlantic and Indian.",P,
145,106977,SEA OF OKHOTSK,Y,,P,
145,106976,SEA OF JAPAN,Y,,P,
145,106975,YELLOW SEA,Y,,P,
145,106974,EAST CHINA SEA,Y,,P,
145,106973,SOUTH CHINA SEA,Y,,P,
145,106972,CASPIAN SEA,Y,,P,
145,106971,RED SEA,Y,,P,
145,106970,GULF OF MEXICO,Y,,P,
145,106969,HUDSON BAY,Y,,P,
145,106968,BAY,N,,P,
145,106933,CONTINENT,N,,P,
145,106966,CARIBBEAN SEA,Y,,P,
145,106858,WORTHING,Y,,P,
145,106964,STRAIT,N,,P,
145,106963,BERING SEA,Y,,P,
145,106962,INDIAN OCEAN,Y,"Bordering the continents of Africa, Antarctica, Asia and Australasia, the Indian Ocean covers 28,364,000 square miles.",P,
145,106961,PACIFIC OCEAN,Y,"Bordering the five continents of Antarctica, Asia, Australasia, North and South America, the Pacific is the largest of the world's oceans, and covers more area (63,838,000 square miles) than that of the combined seven continents.",P,
145,106960,ATLANTIC OCEAN,Y,"Bordering the continents of Africa, Antarctica, Europe, North and South America the Atlantic is the second largest of the oceans, covering 31,736,000 square miles.",P,
145,106959,ARCTIC OCEAN,Y,"Bordering the continents of Asia, Europe and North America the Arctic Ocean covers 5,426,000 square miles. Situated over the North Pole, much of the ocean remains frozen year round.",P,
145,106958,DELTA,N,,P,
145,106957,GULF,N,,P,
145,106956,LAKE,N,,P,
145,106955,RIVER,N,,P,
145,106954,SEA,N,,P,
145,106967,NORTH SEA,Y,,P,
145,106817,WEST THURROCK,Y,,P,
145,106830,WHITEHALL,Y,,P,
145,106829,WHITBY,Y,,P,
145,106828,WEYMOUTH,Y,,P,
145,106827,WEXFORD,Y,,P,
145,106826,WESTPORT,Y,,P,
145,106825,WESTON SUPER MARE,Y,,P,
145,106824,WESTON POINT,Y,,P,
145,106823,WESTON,Y,,P,
145,106822,WESTERWICK,Y,,P,
145,106821,WESTERN ISLES,Y,,P,
145,106820,WESTERN AUSTRALIA,Y,,P,
145,106860,VYBORG,Y,,P,
145,106818,WEST YORKSHIRE,Y,,P,
145,106833,WICK,Y,,P,
145,106816,WEST SUSSEX,Y,,P,
145,106815,WEST ITCHENOR,Y,,P,
145,106814,WEST HARTLEPOOL,Y,,P,
145,106813,WEST GLAMORGAN,Y,,P,
145,106812,WEST FRIESIAN ISLANDS,Y,,P,
145,106811,WEST FLANDERS,Y,,P,
145,106810,WEST BENGAL,Y,,P,
145,106809,WEMYSS,Y,,P,
145,106808,WELLS NEXT THE SEA,Y,,P,
145,106807,WELLINGTON,Y,,P,
145,106806,WATERFORD,Y,,P,
145,106819,WESTCLIFF ON SEA,Y,,P,
145,106845,WINDSOR (ONTARIO),Y,,P,
145,106518,SKIKDA,Y,,P,
145,106857,WORKUM,Y,,P,
145,106856,WORKINGTON,Y,,P,
145,106855,WOOLWICH,Y,,P,
145,106854,WOODBRIDGE HAVEN,Y,,P,
145,106853,WOODBRIDGE,Y,,P,
145,106852,WOLGAST,Y,,P,
145,106851,WIVENHOE,Y,,P,
145,106850,WISCONSIN,Y,,P,
145,106849,VISBY,Y,,P,
145,106848,WISBECH,Y,,P,
145,106831,WHITEHAVEN,Y,,P,
145,106846,WINDSOR (NOVA SCOTIA),Y,,P,
145,106832,WHITSTABLE,Y,,P,
145,106844,WIMEREUX,Y,,P,
145,106843,WILMINGTON (NORTH CAROLINA),Y,,P,
145,106842,WILMINGTON (DELAWARE),Y,,P,
145,106841,WILLEMSTAD (NORTH BRABANT),Y,,P,
145,106840,WILLEMSTAD (CURACAO),Y,,P,
145,106839,WILHELMSHAVEN,Y,,P,
145,106838,WILDERVANK,Y,,P,
145,106837,WIGTOWN,Y,,P,
145,106836,WIDNES,Y,,P,
145,106835,WICKLOW,Y,,P,
145,106834,WIGAN,Y,,P,
145,106859,WOULDHAM,Y,,P,
145,106847,WINSCHOTEN,Y,,P,
145,105292,GWEEK,Y,,P,
145,105333,HENNEBONT,Y,,P,
145,105304,HAMPSHIRE,Y,,P,
145,105303,HAMILTON,Y,,P,
145,105302,HAMBLE,Y,,P,
145,105301,HALMSTAD,Y,,P,
145,105300,HALIFAX,Y,,P,
145,105299,HAITI,Y,,P,
145,105298,HAINA,Y,,P,
145,105297,Haddingtonshire,N,,N,
145,105296,HAARLEM,Y,,P,
145,105295,GWYNEDD,Y,,P,
145,105306,HANNOVER,Y,,P,
145,105293,GWENNAP,Y,,P,
145,105307,HARBURG,Y,,P,
145,105291,British Honduras,N,,N,
145,105290,BELIZE,Y,,P,
145,105289,British Guiana,N,,N,
145,105288,GUYANA,Y,,P,
145,105287,GUNWALLOE,Y,,P,
145,105286,GULFPORT (MISSISSIPPI),Y,,P,
145,105285,GULFPORT (FLORIDA),Y,,P,
145,105284,GUINEA BISSAU,Y,,P,
145,105283,GUINEA,Y,,P,
145,105282,GUILDFORD,Y,,P,
145,105281,GUERNSEY,Y,,P,
145,105294,GWENT,Y,,P,
145,105319,HAVANA,Y,,P,
145,105224,GEORGIA (CIS),Y,,P,
145,105331,HELSINGOR,Y,,P,
145,105330,HELSINGBORG,Y,,P,
145,105329,HELMSDALE,Y,,P,
145,105328,Heligoland,N,,N,
145,105327,HELGOLAND,Y,,P,
145,105326,HELFORD,Y,,P,
145,105325,HEBBURN,Y,,P,
145,105324,HAWAII,Y,,P,
145,105323,HAYLE,Y,,P,
145,105322,HAVRE DE GRACE,Y,,P,
145,105305,HAMPTON ROADS,Y,,P,
145,105320,Habana,N,,N,
145,105278,GRONINGEN,Y,,P,
145,105318,HAUTE NORMANDIE,Y,,P,
145,105317,HAUGESUND,Y,,P,
145,105316,HASLE,Y,,P,
145,105315,HARWICH,Y,,P,
145,105314,HARTLEY,Y,,P,
145,105313,HARTLEPOOL,Y,,P,
145,105312,HARTLAND,Y,,P,
145,105311,HARRINGTON,Y,,P,
145,105310,HARNOSAND,Y,,P,
145,105309,HARLINGEN,Y,,P,
145,105308,HARFLEUR,Y,,P,
145,105321,HAVERFORDWEST,Y,,P,
145,105236,GLASSON,Y,,P,
145,105250,GOTO MEER,Y,,P,
145,105249,Goteborg,N,,N,
145,105248,GOTHENBURG,Y,,P,
145,105247,GOSPORT,Y,,P,
145,105246,GORRAN HAVEN,Y,,P,
145,105245,GORLESTON ON SEA,Y,,P,
145,105244,GOREY,Y,,P,
145,105242,GOOLE,Y,,P,
145,105241,GOMERA,Y,,P,
145,105240,GULF OF HONDURAS,Y,,P,
145,105239,Golfo De Honduras,N,,N,
145,105280,GUAYAQUIL,Y,,P,
145,105237,GLOUCESTER,Y,,P,
145,105253,GRAN CANARIA,Y,,P,
145,105235,GLASGOW,Y,,P,
145,105234,GILLINGHAM,Y,,P,
145,105233,GIJON,Y,,P,
145,105232,GIBRALTAR,Y,,P,
145,105231,GHENT,Y,,P,
145,105230,Gold Coast,N,,N,
145,105229,GHANA,Y,,P,
145,105228,GERRANS,Y,,P,
145,105227,GERMANY,Y,,P,
145,105226,Gruzinskaya,N,,N,
145,105486,KITTERY,Y,,P,
145,105238,GLOUCESTERSHIRE,Y,,P,
145,105265,GREAT EXUMA,Y,,P,
145,105334,HERNE BAY,Y,,P,
145,105277,GRIMSTAD,Y,,P,
145,105276,GRIMSBY,Y,,P,
145,105275,GREENLAND,Y,,P,
145,105274,GRENADA,Y,,P,
145,105273,GREENWICH,Y,,P,
145,105272,GREENOCK,Y,,P,
145,105271,GREENHITHE,Y,,P,
145,105270,GREECE,Y,,P,
145,105269,GREATER MANCHESTER,Y,,P,
145,105268,GREATER LONDON,Y,,P,
145,105251,GOUROCK,Y,,P,
145,105266,GREAT WAKERING,Y,,P,
145,105252,GRAMPIAN,Y,,P,
145,105264,GRAYS,Y,,P,
145,105263,GRAVESEND,Y,,P,
145,105262,GRAVELINES,Y,A commune in the Nord department in France. It lies at the mouth of the river Aa 15.,P,
145,105261,GRANVILLE,Y,,P,
145,105260,GRANTON,Y,,P,
145,105259,GRANGEMOUTH,Y,,P,
145,105258,GRANDE TERRE,Y,,P,
145,105257,GRAND TURK,Y,,P,
145,105256,GRAND CAYMAN,Y,,P,
145,105255,GRAND BAHAMA,Y,,P,
145,105254,GRANADA,Y,,P,
145,105279,GUADELOUPE,Y,,P,
145,105267,GREAT YARMOUTH,Y,,P,
145,105435,JAKARTA,Y,,P,
145,105332,Elsinore,N,,N,
145,105457,KALININGRAD,Y,,P,
145,105456,KALIMANTAN,Y,,P,
145,105455,JUNIN,Y,,P,
145,105454,JOAO PESSOA,Y,,P,
145,105453,JERSEY,Y,,P,
145,105442,Jawa,N,,N,
145,105441,JAVA,Y,,P,
145,105440,JARROW,Y,,P,
145,105439,JAPAN,Y,,P,
145,105438,JAMAICA,Y,,P,
145,105459,KALMAR,Y,,P,
145,105436,Djakarta,N,,N,
145,105460,KAPELLE OP DEN BOS,Y,,P,
145,105434,JACKSONVILLE (NORTH CAROLINA),Y,,P,
145,105433,JACKSONVILLE (FLORIDA),Y,,P,
145,105427,Smyrna,N,,N,
145,105426,IZMIR,Y,,P,
145,105425,ITALY,Y,,P,
145,105424,Constantinople,N,,N,
145,105423,ISTANBUL,Y,,P,
145,105422,Scilly Isles,N,,N,
145,105421,ISLES OF SCILLY,Y,,P,
145,105420,ISLE OF WIGHT,Y,,P,
145,105419,ISLE OF MAY,Y,,P,
145,105437,Batavia,N,,N,
145,105472,KILLINGHOLME,Y,,P,
145,105485,KIRKWALL,Y,,P,
145,105484,KIRKCUDBRIGHT,Y,,P,
145,105483,KIRKCALDY,Y,,P,
145,105482,KINSALE,Y,,P,
145,105481,KINKEE ISLAND,Y,,P,
145,105480,KINGSTOWN,Y,,P,
145,105479,KINGSTON UPON THAMES,Y,,P,
145,105478,KINGSTON BY SEA,Y,,P,
145,105477,KINGSTON,Y,,P,
145,105476,KINGSDOWN,Y,,P,
145,105475,KINGSBRIDGE,Y,,P,
145,105458,KALIX,Y,,P,
145,105473,KINCARDINE ON FORTH,Y,,P,
145,105415,ISLA GRANDE DE TIERRA DEL FUEGO,Y,,P,
145,105471,KILKEEL,Y,,P,
145,105470,KIEL,Y,,P,
145,105469,KHUZESTAN,Y,,P,
145,105468,KEY WEST,Y,,P,
145,105467,Kertch,N,,N,
145,105466,KENYA,Y,,P,
145,105465,KENT,Y,,P,
145,105464,KEADBY,Y,,P,
145,105463,KASTRUP,Y,,P,
145,105462,KARLSKRONA,Y,,P,
145,105461,KARACHI,Y,,P,
145,105474,KINGS LYNN,Y,,P,
145,105346,HONOLULU,Y,,P,
145,105376,HURST CASTLE,Y,,P,
145,105375,HUNSTANTON,Y,,P,
145,105374,HUMBERSIDE,Y,,P,
145,105373,HULLBRIDGE,Y,,P,
145,105356,Hull,N,,N,
145,105355,KINGSTON UPON HULL,Y,,P,
145,105354,HUELVA,Y,,P,
145,105353,HUDIKSVALL,Y,,P,
145,105352,HOYA,Y,,P,
145,105351,HOY,Y,,P,
145,105350,HOUSTON (TEXAS),Y,,P,
145,105418,ISLE OF MAN,Y,,P,
145,105347,HOOGEZAND,Y,,P,
145,105379,HYDRA,Y,,P,
145,105345,HONG KONG,Y,,P,
145,105344,HONFLEUR,Y,,P,
145,105343,HONDURAS,Y,,P,
145,105342,HOLYHEAD,Y,,P,
145,105341,HOLMESTRAND,Y,,P,
145,105340,HOLE HAVEN,Y,,P,
145,105339,HOBART,Y,,P,
145,105338,Saigon,N,,N,
145,105337,HO CHI MINH CITY,Y,,P,
145,105336,HIGHLAND,Y,,P,
145,105335,HEYSHAM,Y,,P,
145,105349,HOUSTON (DEMERARA),Y,,P,
145,105402,ILLINOIS,Y,,P,
145,105223,WASHINGTON DC,Y,,P,
145,105414,ISIGNY SUR MER,Y,,P,
145,105413,IRVINE,Y,,P,
145,105412,IRAN,Y,,P,
145,105411,IPSWICH,Y,,P,
145,105410,INVERNESS,Y,,P,
145,105409,INVERKEITHING,Y,,P,
145,105408,INVERGORDON,Y,,P,
145,105407,INDRE,Y,,P,
145,105406,INDONESIA,Y,,P,
145,105405,INDIANA,Y,,P,
145,105377,HUSUM (SWEDEN),Y,,P,
145,105403,IMMINGHAM,Y,,P,
145,105378,HUSUM (GERMANY),Y,,P,
145,105401,ILHA GRANDE,Y,,P,
145,105400,ILFRACOMBE,Y,,P,
145,105399,ILE DE RE,Y,,P,
145,105398,ILE D'YEU,Y,,P,
145,105397,IJMUIDEN,Y,,P,
145,105396,IQUIQUE,Y,,P,
145,105395,ICELAND,Y,,P,
145,105394,IBIZA,Y,,P,
145,105393,HYTHE,Y,,P,
145,105381,Ydra,N,,N,
145,105380,Idhra,N,,N,
145,105417,ISLE OF GRAIN,Y,,P,
145,105404,INDIA,Y,,P,
145,104983,DUNDRUM (COUNTY DOWN),Y,,P,
145,105037,ESSEX,Y,,P,
145,104998,DYSART,Y,,P,
145,104997,DYMCHURCH,Y,,P,
145,104996,DYFED,Y,,P,
145,104995,DURLSTON HEAD,Y,,P,
145,104994,DURHAM,Y,,P,
145,104993,DURBAN,Y,,P,
145,104990,DUNSTON,Y,,P,
145,104989,Dunston On Tyne,N,,N,
145,104987,Dunkerque,N,,N,
145,104986,DUNKIRK,Y,,P,
145,105000,EAST FLANDERS,Y,,P,
145,104984,Down,N,,N,
145,105001,EAST FRIESLAND,Y,,P,
145,104982,DUNDRUM (DUBLIN),Y,,P,
145,104981,DUNDEE,Y,,P,
145,104980,DUNDALK,Y,,P,
145,104979,DUNBAR,Y,,P,
145,104978,DUMFRIES AND GALLOWAY,Y,,P,
145,104977,DUMFRIES,Y,,P,
145,104976,DUMBARTON,Y,,P,
145,104975,DULUTH,Y,,P,
145,104974,DUDDON,Y,,P,
145,104973,DUCLAIR,Y,,P,
145,104971,Baile Atha Cliath,N,,N,
145,104985,DUNGENESS,Y,,P,
145,105013,ELING,Y,,P,
145,105225,GEORGIA (USA),Y,,P,
145,105035,ESMERALDAS,Y,,P,
145,105034,ESBJERG,Y,,P,
145,105033,ERITH,Y,,P,
145,105022,Spanish Guinea,N,,N,
145,105021,EQUATORIAL GUINEA,Y,,P,
145,105020,Enkhuysen,N,,N,
145,105019,ENKHUIZEN,Y,,P,
145,105018,ENGLAND,Y,,P,
145,105017,EMSWORTH,Y,,P,
145,105016,EMDEN,Y,,P,
145,104999,EAST COWES,Y,,P,
145,105014,ELLESMERE PORT,Y,,P,
145,104968,DROBAK,Y,,P,
145,105012,ELIE,Y,,P,
145,105011,ELEUTHERA,Y,,P,
145,105010,ELBE ESTUARY,Y,,P,
145,105009,EIRE,Y,,P,
145,105008,EGYPT,Y,,P,
145,105007,EDINBURGH,Y,,P,
145,105006,ECUADOR,Y,,P,
145,105005,EASTBOURNE,Y,,P,
145,105004,EAST SUSSEX,Y,,P,
145,105003,EAST LONDON,Y,,P,
145,105002,EAST HARTLEPOOL,Y,,P,
145,105015,ELSFLETH,Y,,P,
145,104895,DAKAR,Y,,P,
145,104908,DETROIT,Y,,P,
145,104907,DEPTFORD,Y,,P,
145,104906,DENIA,Y,,P,
145,104905,DEMERARA,Y,,P,
145,104904,Delfzyl,N,,N,
145,104903,DELFZIJL,Y,,P,
145,104902,DELFT,Y,,P,
145,104901,DELAWARE,Y,,P,
145,104900,Decido,N,,N,
145,104899,DEAL,Y,,P,
145,104898,DARTMOUTH,Y,,P,
145,104970,DUBLIN,Y,,P,
145,104896,DARIEN,Y,,P,
145,104911,DEVONPORT,Y,,P,
145,104894,DAHOUET,Y,,P,
145,104893,DAGENHAM,Y,,P,
145,104892,CYPRUS,Y,,P,
145,104891,CUXTON,Y,,P,
145,104890,CUXHAVEN,Y,,P,
145,104889,Curacao Island,N,,N,
145,104888,Cumberland,N,,N,
145,104887,CURACAO,Y,,P,
145,104886,CUMBRIA,Y,,P,
145,104885,CUMANA,Y,,P,
145,104884,CULEMBORG,Y,,P,
145,104897,DARTFORD,Y,,P,
145,104954,DONEGAL,Y,,P,
145,105038,ESTONIA,Y,,P,
145,104966,DRAMMEN,Y,,P,
145,104965,Dram,N,,N,
145,104964,DOWNPATRICK,Y,,P,
145,104963,COUNTY DOWN,Y,,P,
145,104962,DOVER,Y,,P,
145,104961,DOUGLAS,Y,,P,
145,104960,DOUARNENEZ,Y,,P,
145,104959,DOUALA,Y,,P,
145,104958,DORSET,Y,,P,
145,104957,Dordt,N,,N,
145,104909,DEVA,Y,,P,
145,104955,DORDRECHT,Y,,P,
145,104910,DEVON,Y,,P,
145,104953,DOMSJO,Y,,P,
145,104940,DOMINICAN REPUBLIC,Y,,P,
145,104939,Dominica Island,N,,N,
145,104938,DOMINICA,Y,,P,
145,104937,DINGLE (EIRE),Y,,P,
145,104936,DINGLE (MERSEYSIDE),Y,,P,
145,104935,DIGBY NECK,Y,,P,
145,104934,DIGBY,Y,,P,
145,104933,DIEPPE,Y,,P,
145,104913,DICIDO,Y,,P,
145,104912,DEVORAN,Y,,P,
145,104969,DROGHEDA,Y,,P,
145,104956,Dordecht,N,,N,
145,105182,FUERTEVENTURA,Y,,P,
145,105036,ESSAOUIRA,Y,,P,
145,105194,GALWAY,Y,,P,
145,105193,GALVESTON,Y,,P,
145,105192,GALLIPOLI (ITALY),Y,,P,
145,105191,GALICIA,Y,,P,
145,105190,Galati,N,,N,
145,105189,GALATZ,Y,,P,
145,105188,GAINSBOROUGH,Y,,P,
145,105187,GABON,Y,,P,
145,105186,Foochow,N,,N,
145,105185,FUZHOU,Y,,P,
145,105196,GARDENSTOWN,Y,,P,
145,105183,FUJIAN,Y,,P,
145,105197,GARLIESTON,Y,,P,
145,105181,FRONTERA,Y,,P,
145,105180,FROBISHER BAY,Y,,P,
145,105179,Friejo,N,,N,
145,105178,FRIULI VENEZIA GIULIA,Y,,P,
145,105177,FRIJOLES,Y,,P,
145,105176,FRIESLAND,Y,,P,
145,105175,FRENCH GUIANA,Y,,P,
145,105174,FREMINGTON,Y,,P,
145,105173,FREMANTLE,Y,,P,
145,105154,HAMBURG,Y,,P,
145,105153,Free Hanseatic City,N,,N,
145,105184,FUNCHAL,Y,,P,
145,105209,GELIBOLU,Y,,P,
145,105222,Georgetown (Washington Dc),N,,N,
145,105221,GEORGETOWN (SOUTH CAROLINA),Y,,P,
145,105220,GEORGETOWN (MAINE),Y,,P,
145,105219,GEORGETOWN (ST VINCENT),Y,,P,
145,105218,GEORGETOWN (DEMERARA),Y,,P,
145,105217,GEORGETOWN (NOVA SCOTIA),Y,,P,
145,105216,GEORGETOWN (ASCENSION ISLAND),Y,,P,
145,105215,GEORGE TOWN (PINANG),Y,,P,
145,105214,GEORGETOWN (GRAND CAYMAN),Y,,P,
145,105213,GEORGE TOWN (GREAT EXUMA),Y,,P,
145,105212,GEORGE TOWN (TASMANIA),Y,,P,
145,105195,GANDIA,Y,,P,
145,105210,GENOA,Y,,P,
145,105137,FREETOWN (ELEUTHERA),Y,,P,
145,105208,GEESTEMUNDE,Y,,P,
145,105207,GDYNIA,Y,,P,
145,105206,Danzig,N,,N,
145,105205,GDANSK,Y,,P,
145,105204,Gefle,N,,N,
145,105203,GAVLE,Y,,P,
145,105202,GATESHEAD,Y,,P,
145,105201,GASCONY,Y,,P,
145,105200,GARSTON,Y,,P,
145,105199,GARRUCHA,Y,,P,
145,105198,GARRISON POINT,Y,,P,
145,105211,Genova,N,,N,
145,105074,FAMAGUSTA,Y,,P,
145,105087,FILEY,Y,,P,
145,105086,FIGUEIRA DA FOZ,Y,,P,
145,105085,FIGEHOLM,Y,,P,
145,105084,FIFE,Y,Scotland,P,
145,105083,FERROL,Y,,P,
145,105082,FELIXSTOWE,Y,,P,
145,105081,FECAMP,Y,,P,
145,105080,FAVERSHAM,Y,,P,
145,105079,FARSUND,Y,,P,
145,105078,FAROE ISLANDS,Y,,P,
145,105077,FARO,Y,,P,
145,105139,Freie Hansestadt,N,,N,
145,105075,FAREHAM,Y,,P,
145,105091,FISHGUARD,Y,,P,
145,105073,FALMOUTH,Y,,P,
145,105060,Islas Malvinas,N,,N,
145,105059,FALKLAND ISLANDS,Y,,P,
145,105058,FALKHAM,Y,Unable to identify actual place from documentary sources alone.,P,
145,105057,FAIRLIGHT,Y,,P,
145,105056,EYEMOUTH,Y,,P,
145,105055,EXUMA SOUND,Y,,P,
145,105054,EXMOUTH,Y,,P,
145,105053,EXETER,Y,,P,
145,105040,Estaples,N,,N,
145,105039,ETAPLES,Y,,P,
145,105076,FARGE,Y,,P,
145,105115,FORT DE FRANCE,Y,,P,
145,105133,FREEPORT (GRAND BAHAMA),Y,,P,
145,105135,FREEPORT (FLORIDA),Y,,P,
145,106136,PORSGRUNN,Y,,P,
145,105125,Frederickstadt,N,,N,
145,106520,SLOVENIA,Y,,P,
145,105123,FREDRIKSTAD,Y,,P,
145,105122,FRAY BENTOS,Y,,P,
145,105121,FRASERBURGH,Y,,P,
145,105120,FRANCE,Y,,P,
145,105119,FOYNES,Y,,P,
145,105118,FOWEY,Y,,P,
145,105088,FINLAND,Y,,P,
145,105116,FOSDYKE,Y,,P,
145,105089,FIRTH OF FORTH,Y,,P,
145,105114,FORCADOS,Y,,P,
145,105113,FOLKESTONE,Y,,P,
145,105100,Vlissingen,N,,N,
145,105099,FLUSHING (SOUTH CORNWALL),Y,,P,
145,105098,FLUSHING (ZEELAND),Y,,P,
145,105097,FLORIDA,Y,,P,
145,105096,FLORENCE (TUSCANY),Y,,P,
145,105095,FLORENCE (SOUTH CAROLINA),Y,,P,
145,105094,FLIXBOROUGH,Y,,P,
145,105093,FLENSBURG,Y,,P,
145,105092,FLEETWOOD,Y,,P,
145,105138,FREETOWN (SIERRA LEONE),Y,,P,
145,105117,FOULNESS ISLAND,Y,,P,
145,105920,NEWQUAY,Y,,P,
145,105979,NOVA SCOTIA,Y,,P,
145,105938,Nicholaeff,N,,N,
145,105937,NIKOLAYEV,Y,,P,
145,105936,NIGERIA,Y,,P,
145,105935,NIGER DELTA,Y,,P,
145,105934,NIEUWPOORT (BELGIUM),Y,,P,
145,105933,NIEUWPOORT (NETHERLANDS),Y,,P,
145,105926,Niedersachsen,N,,N,
145,105925,LOWER SAXONY,Y,,P,
145,105924,NICE,Y,,P,
145,105923,NICARAGUA,Y,,P,
145,105940,NOIRMOUTIERS,Y,,P,
145,105921,NEWRY,Y,,P,
145,105953,NORD PAS DE CALAIS,Y,,P,
145,105919,NEWPORT (GWENT),Y,,P,
145,105918,NEWPORT (DYFED),Y,,P,
145,105917,NEWPORT (ISLE OF WIGHT),Y,,P,
145,105916,NEWPORT (NEW SOUTH WALES),Y,,P,
145,105915,NEWLYN,Y,,P,
145,105914,NEWHAVEN,Y,,P,
145,105913,NEWFOUNDLAND,Y,,P,
145,105912,NEWCASTLE UPON TYNE,Y,,P,
145,105911,NEWARK,Y,,P,
145,105910,NEW YORK,Y,,P,
145,105909,NEW WESTMINSTER,Y,,P,
145,105922,NEWRY AND MOURN,Y,,P,
145,105965,NORTH ISLAND,Y,,P,
145,105808,MONMOUTH,Y,,P,
145,105977,NORWICH,Y,,P,
145,105976,NORWAY,Y,,P,
145,105975,NORTHUMBERLAND,Y,,P,
145,105974,NORTHFLEET,Y,,P,
145,105973,NORTHERN IRELAND,Y,,P,
145,105972,NORTHERN CYPRUS,Y,,P,
145,105971,NORTHAM (DEVON),Y,,P,
145,105970,NORTHAM (HAMPSHIRE),Y,,P,
145,105969,NORTH YORKSHIRE,Y,,P,
145,105968,NORTHWEST TERRITORIES,Y,,P,
145,105939,NILE DELTA,Y,,P,
145,105966,NORTH RONALDSAY,Y,,P,
145,105906,NEW QUAY,Y,,P,
145,105964,NORTH HOLLAND,Y,,P,
145,105963,NORTH FAROE,Y,,P,
145,105962,NORTH DEVON,Y,,P,
145,105961,NORTH CORNWALL,Y,,P,
145,105960,NORTH CAROLINA,Y,,P,
145,105959,NORTH BRABANT,Y,,P,
145,105958,NORTH BERGEN,Y,,P,
145,105957,NORRKOPING,Y,,P,
145,105956,NORFOLK (VIRGINIA),Y,,P,
145,105955,NORFOLK (ENGLAND),Y,,P,
145,105954,NORDMALING,Y,,P,
145,105967,NORTH SHIELDS,Y,,P,
145,105833,MORTAGNE SUR SEVRE,Y,,P,
145,105863,MURMANSK,Y,,P,
145,105862,MURCIA,Y,,P,
145,105861,MUNDESLEY,Y,,P,
145,105860,MUMBLES,Y,,P,
145,105859,MOZAMBIQUE,Y,,P,
145,105858,MOUSEHOLE,Y,,P,
145,105857,MOUNTS BAY,Y,,P,
145,105856,MOTHECOMBE,Y,,P,
145,105855,MOSTYN,Y,,P,
145,105854,MOSS,Y,,P,
145,105836,MOSQUITO COAST (NICARAGUA),Y,,P,
145,105908,NEW SOUTH WALES,Y,,P,
145,105834,MOSCOW,Y,,P,
145,105866,NACTON,Y,,P,
145,105820,MOROCCO,Y,,P,
145,105819,Mornack,N,Mistranscription of 'Morlaix'.,N,
145,105818,MORLAIX,Y,,P,
145,105816,MORECAMBE,Y,,P,
145,105815,MOOSONEE,Y,,P,
145,105814,MONTSERRAT,Y,,P,
145,105813,MONTROSE,Y,,P,
145,105812,MONTREAL,Y,,P,
145,105811,MONTEVIDEO,Y,,P,
145,105810,MONTEGO BAY,Y,,P,
145,105809,MONROVIA,Y,,P,
145,105835,MOSQUITO COAST (HONDURAS),Y,,P,
145,105878,NETHERLANDS,Y,,P,
145,105980,NOVOROSSISK,Y,,P,
145,105905,NEW PROVIDENCE,Y,,P,
145,105904,NEW POLZEATH,Y,,P,
145,105903,NEW ORLEANS,Y,,P,
145,105902,NEW LONDON BAY,Y,,P,
145,105901,NEW LONDON,Y,,P,
145,105900,NEW JERSEY,Y,,P,
145,105899,NEW HOLLAND,Y,,P,
145,105898,NEW HAMPSHIRE,Y,,P,
145,105897,NEW FERRY,Y,,P,
145,105896,NEW BRUNSWICK,Y,,P,
145,105864,MUSQUASH,Y,,P,
145,105893,NEVIS,Y,,P,
145,105865,MUSSELBURGH,Y,,P,
145,105877,NEGROS,Y,,P,
145,105876,NEATH,Y,,P,
145,105875,Natal,N,,N,
145,105874,NASSAU,Y,,P,
145,105873,NARVA,Y,,P,
145,105872,Napoli,N,,N,
145,105871,NAPLES,Y,,P,
145,105870,NANTES,Y,,P,
145,105869,NAMSOS,Y,,P,
145,105868,NAMIBE,Y,,P,
145,105867,NAKSKOV,Y,,P,
145,105907,NEW ROSS,Y,,P,
145,105895,NEW BRIGHTON (MERSEYSIDE),Y,,P,
145,106066,PERU,Y,,P,
145,105978,NOUVELLE,Y,,P,
145,106093,Jacobstad,N,,N,
145,106079,PIETARSAARI,Y,,P,
145,106077,PIEL,Y,,P,
145,106076,PICTON,Y,,P,
145,106075,Picta,N,Transcription/transliteration from Cyrllic alphabet to Latin alphabet.,N,
145,106074,PICARDIE,Y,,P,
145,106073,PIAUI,Y,,P,
145,106072,PHILIPPINES,Y,,P,
145,106071,PHILADELPHIA,Y,,P,
145,106069,PETERSBURG (NEW JERSEY),Y,,P,
145,106095,PINANG,Y,,P,
145,106067,PETERBOROUGH,Y,,P,
145,106096,Penang,N,,N,
145,106065,PERTH (WESTERN AUSTRALIA),Y,,P,
145,106064,PERTH (TAYSIDE),Y,,P,
145,106063,PERROS GUIREC,Y,,P,
145,106062,PERNAMBUCO,Y,,P,
145,106061,PEPEL,Y,,P,
145,106060,PENZANCE,Y,,P,
145,106059,PENTIRE POINT,Y,,P,
145,106058,PENTIRE,Y,,P,
145,106057,PENTEWAN,Y,,P,
145,106056,PENSACOLA,Y,,P,
145,106055,PENRHYN,Y,,P,
145,106068,PETERSBURG (ALASKA),Y,,P,
145,106124,POLKERRIS,Y,,P,
145,106129,PONT AUDEMER,Y,,P,
145,106130,PONTRIEUX,Y,,P,
145,106131,POOLE,Y,,P,
145,106132,PORI,Y,,P,
145,106133,Bjornberg,N,,N,
145,106134,Bjorneborg,N,,N,
145,106135,PORNIC,Y,,P,
145,105124,FREDERIKSBERG,Y,,P,
145,105487,KLAIPEDA,Y,,P,
145,106128,PONCE,Y,,P,
145,106127,POMARAO,Y,,P,
145,106094,Jakobstad,N,,N,
145,106125,POLPERRO,Y,,P,
145,106051,PENARTH,Y,,P,
145,106123,POLAND,Y,,P,
145,106122,POITOU CHARENTES,Y,,P,
145,106121,POINTE A PITRE,Y,,P,
145,106120,POINTE A PIERRE,Y,,P,
145,106119,POINT DE GALLE,Y,,P,
145,106118,PLYMOUTH (MONTSERRAT),Y,,P,
145,106117,PLYMOUTH (DEVON),Y,,P,
145,106116,PITEA,Y,,P,
145,106115,PISAGUA,Y,,P,
145,106114,PIRNA,Y,,P,
145,106113,PIRAEUS,Y,,P,
145,106126,POLRUAN,Y,,P,
145,106000,ORANJESTAD,Y,,P,
145,106020,PAIMPOL,Y,,P,
145,106019,PAIMBOEUF,Y,,P,
145,106018,PAIGNTON,Y,,P,
145,106017,PADSTOW,Y,,P,
145,106016,PABELLON DE PICA,Y,,P,
145,106014,OTTERHAM QUAY,Y,,P,
145,106013,OSTEND,Y,,P,
145,106006,Christiana,N,,N,
145,106005,OSLO,Y,,P,
145,106004,OSKARSHAMN,Y,,P,
145,106003,ORKNEY ISLANDS,Y,,P,
145,106054,PENNSYLVANIA,Y,,P,
145,106001,OREGON,Y,,P,
145,106023,PANAMA,Y,,P,
145,105999,ORAN,Y,,P,
145,105998,Porto,N,,N,
145,105997,OPORTO,Y,,P,
145,105996,ONTARIO,Y,,P,
145,105995,ONEGA,Y,,P,
145,105994,OHIO,Y,,P,
145,105993,ODESSA,Y,,P,
145,105984,ODDA,Y,,P,
145,105983,NYHAMN,Y,,P,
145,105982,NUEVITAS,Y,,P,
145,105981,Novorossiysk,N,,N,
145,106002,ORFORD,Y,,P,
145,106036,PASSAGE EAST,Y,,P,
145,106042,PAUILLAC,Y,,P,
145,106050,PEMBROKE,Y,,P,
145,106049,Penbrey,N,,N,
145,106048,PEMBREY,Y,,P,
145,106047,PEKKALA,Y,,P,
145,106046,PEEL,Y,,P,
145,106045,PAYS DE LA LOIRE,Y,,P,
145,106043,PAULL,Y,,P,
145,106041,PATRINGTON,Y,,P,
145,106040,Patrae,N,,N,
145,106039,Patrai,N,,N,
145,106021,PAKISTAN,Y,,P,
145,106037,PASSAGE WEST,Y,,P,
145,106022,PALERMO,Y,,P,
145,106035,PASCAGOULA,Y,,P,
145,106034,PASAJES,Y,,P,
145,106033,PARTINGTON,Y,,P,
145,106032,PARKGATE,Y,,P,
145,106030,PARANAGUA,Y,,P,
145,106029,PARANA,Y,,P,
145,106028,PARAMARIBO,Y,,P,
145,106027,PARAIBA,Y,,P,
145,106026,PARA,Y,,P,
145,106025,PAR,Y,,P,
145,106024,PAPENBURG,Y,,P,
145,106053,PENMAENMAWR,Y,,P,
145,106038,PATRAS,Y,,P,
145,105591,LEINSTER,Y,,P,
145,105645,LUBECK,Y,,P,
145,105605,LILLESAND,Y,,P,
145,105604,LIGURI,Y,,P,
145,105603,LIEPAJA,Y,,P,
145,105602,LIBYA,Y,,P,
145,105601,LIBOURNE,Y,,P,
145,105600,LIBERIA,Y,,P,
145,105598,LEVEN,Y,,P,
145,105596,LEON,Y,,P,
145,105595,LELANT,Y,,P,
145,105594,LEIXOES,Y,,P,
145,105607,LIMEKILNS,Y,,P,
145,105592,LEIRIA,Y,,P,
145,105608,LIMERICK,Y,,P,
145,105590,LEIGH ON SEA,Y,,P,
145,105589,LEER,Y,,P,
145,105588,LEEDS,Y,,P,
145,105587,LEE ON THE SOLENT,Y,,P,
145,105586,LEE,Y,,P,
145,105585,LEBANON,Y,,P,
145,105584,LE TREPORT,Y,,P,
145,105583,LE PALAIS,Y,,P,
145,105582,LE HAVRE,Y,,P,
145,105581,Le Croisie,N,,N,
145,105580,LE CONQUET,Y,,P,
145,105593,LEITH,Y,,P,
145,105623,LONDONDERRY,Y,,P,
145,105644,LOWESTOFT,Y,,P,
145,105643,LOWER UPNOR,Y,,P,
145,105642,LOWER HALSTOW,Y,,P,
145,105641,Louth,N,,N,
145,105640,LOUISIANA,Y,,P,
145,105639,LOTHIAN,Y,,P,
145,105638,LOSSIEMOUTH,Y,,P,
145,105637,LOSINJ,Y,,P,
145,105636,LOS ANGELES,Y,,P,
145,105635,LORIENT,Y,,P,
145,105634,LOOE,Y,,P,
145,105606,LIMA,Y,,P,
145,105624,Derry,N,,N,
145,105577,LATIUM,Y,,P,
145,105622,LONDON,Y,,P,
145,105621,LOMBARDY,Y,,P,
145,105618,LLANELLI,Y,,P,
145,105617,LLANDULAS,Y,,P,
145,105616,Leghorn,N,,N,
145,105615,LIVORNO,Y,,P,
145,105614,LIVERPOOL,Y,,P,
145,105613,LITTLEHAMPTON,Y,,P,
145,105612,LITHUANIA,Y,,P,
145,105610,LISBON,Y,,P,
145,105609,LINCOLNSHIRE,Y,,P,
145,105633,LONGHOPE,Y,,P,
145,105493,KOGE,Y,,P,
145,105536,LA PALZIC,Y,,P,
145,105535,LA PALMA,Y,,P,
145,105534,LA PALLICE,Y,,P,
145,105533,LA NOUVELLE,Y,,P,
145,105515,LE HOURDEL,Y,,P,
145,105514,LA GOULETTE,Y,,P,
145,105513,L'AIGUILLON SUR MER,Y,,P,
145,105507,KUWAIT,Y,,P,
145,105506,Scala Nova,N,,N,
145,105505,Kush Adassi,N,,N,
145,105504,KUSADASI,Y,,P,
145,105579,LAUNCESTON,Y,,P,
145,105488,Memel,N,,N,
145,105539,LA ROCHELLE,Y,,P,
145,105494,KOPERVIK,Y,,P,
145,105495,KOPMANHOLMEN,Y,,P,
145,105496,KOTKA,Y,,P,
145,105497,KOUILOU,Y,,P,
145,105498,KOWLOON,Y,,P,
145,105807,MONCTON,Y,,P,
145,106044,PAULSGROVE,Y,,P,
145,105502,KRONSHTADT,Y,,P,
145,105501,KRAMFORS,Y,,P,
145,105500,KRALENDIJK,Y,,P,
145,105499,KRAGERO,Y,,P,
145,105503,Kronstadt,N,,N,
145,105558,LANGRUNE,Y,,P,
145,105599,LIAONING,Y,,P,
145,105576,LAS PALMAS DE GRAN CANARIA,Y,,P,
145,105575,LARVIK,Y,,P,
145,105574,LARNE,Y,,P,
145,105573,LARNACA,Y,,P,
145,105566,El Araich,N,,N,
145,105565,LARACHE,Y,,P,
145,105564,LAPPVIK,Y,,P,
145,105563,LANZAROTE,Y,,P,
145,105562,LANNION,Y,,P,
145,105561,LANGUEDOC ROUSILLON,Y,,P,
145,105537,LA PLATA,Y,,P,
145,105559,LANGESUND,Y,,P,
145,105538,LA ROCHE BERNARD,Y,,P,
145,105557,LANDSKRONA,Y,,P,
145,105556,LANCASTER,Y,,P,
145,105555,LANCASHIRE,Y,,P,
145,105554,LAMBAYEQUE,Y,,P,
145,105553,LAGUNA,Y,,P,
145,105545,Lasso,N,,N,
145,105544,LAESO,Y,,P,
145,105543,LA TRINITE,Y,,P,
145,105542,Spezia,N,,N,
145,105541,LA SPEZIA,Y,,P,
145,105540,LA SEYNE,Y,,P,
145,105578,LATVIA,Y,,P,
145,105560,LANGSTONE HARBOUR,Y,,P,
145,105744,MATANZAS,Y,,P,
145,105757,MESSINA,Y,,P,
145,105756,MESQUER,Y,,P,
145,105755,MERSEYSIDE,Y,,P,
145,105754,MENAI STRAITS,Y,,P,
145,105753,MELTON,Y,,P,
145,105752,MELBOURNE,Y,,P,
145,105751,MEJILLONES,Y,,P,
145,105750,MEDITERRANEAN SEA,Y,"Bordered by the continents of Africa, Asia and Europe, the Mediterranean covers some 967,000 sq miles. It is linked to the Atlantic Ocean by the Straits of Gibraltar.",P,
145,105749,Medina,N,,N,
145,105748,MECKLENBURG VORPOMMERN,Y,,P,
145,105747,MAZARRON,Y,,P,
145,105727,MARIE GALANTE,Y,,P,
145,105745,MAURITIUS,Y,,P,
145,105760,MEVAGISSEY,Y,,P,
145,105743,MATADI,Y,,P,
145,105742,MASSACHUSETTS,Y,,P,
145,105741,MARYPORT,Y,,P,
145,105740,MARYLAND,Y,,P,
145,105739,MARTINIQUE,Y,,P,
145,105738,MARSTAL,Y,,P,
145,105737,MARSHCHAPEL,Y,,P,
145,105736,MARSEILLE,Y,,P,
145,105734,MARIN (MARTINIQUE),Y,,P,
145,105733,MARIN (SPAIN),Y,,P,
145,105729,Maarianhamina,N,,N,
145,105728,MARIEHAMN,Y,,P,
145,105746,COUNTY MAYO,Y,,P,
145,105773,MILL BAY,Y,,P,
145,105806,MOMBASA,Y,,P,
145,105805,MOBILE,Y,,P,
145,105804,MISTLEY,Y,,P,
145,105803,MISSISSIPPI,Y,,P,
145,105802,RIVER MIRAMICHI,Y,,P,
145,105801,MIRAGOANE,Y,,P,
145,105800,MINORCA,Y,,P,
145,105799,MINNESOTA,Y,,P,
145,105798,MINEHEAD,Y,,P,
145,105797,MINDANAO,Y,,P,
145,105796,MINA AL AHMADI,Y,,P,
145,105795,MILWAUKEE,Y,,P,
145,105758,MESSINI,Y,,P,
145,105793,MILLHEAD,Y,,P,
145,105759,METHIL,Y,,P,
145,105772,MILFORD HAVEN,Y,,P,
145,105771,Milano,N,,N,
145,105770,MILAN,Y,,P,
145,105769,MIDDLESBROUGH,Y,,P,
145,105597,LERWICK,Y,,P,
145,105767,Middleburg (Zeeland),N,,N,
145,105646,LUCENA,Y,,P,
145,105764,MIDDELBEERS,Y,,P,
145,105763,MICHIGAN,Y,,P,
145,105762,MIAMI,Y,,P,
145,105761,MEXICO,Y,,P,
145,105765,MIDDELBURG (ZEELAND),Y,,P,
145,105794,MILTON,Y,,P,
145,105655,LYMPSTONE,Y,,P,
145,105699,Mallorca,N,,N,
145,105698,MAJORCA,Y,,P,
145,105697,MAINLAND (SHETLAND ISLES),Y,,P,
145,105660,LYTTELTON,Y,,P,
145,105694,Pomona,N,,N,
145,105650,LUSHUN,Y,,P,
145,105679,MAIDSTONE,Y,,P,
145,105678,MAHARASHTRA,Y,,P,
145,105677,MAGDALENA,Y,,P,
145,105676,MADRAS,Y,Previous name for Chennai.,P,
145,105675,MADEIRA,Y,,P,
145,105700,MALAGA,Y,,P,
145,105673,MAASLUIS,Y,,P,
145,105696,MAINLAND (ORKNEY ISLANDS),Y,,P,
145,105647,LUCON,Y,,P,
145,105652,LYDNEY,Y,,P,
145,105648,LULEA,Y,,P,
145,105659,Lytham St Anns,N,,N,
145,105651,LUZON,Y,,P,
145,105658,LYNN DEEPS,Y,,P,
145,105657,LYNN,Y,,P,
145,105656,LYNMOUTH,Y,,P,
145,105726,MARGATE,Y,,P,
145,105768,Middleburg (Eastern Cape),N,,N,
145,105649,LULWORTH COVE,Y,,P,
145,105674,MACDUFF,Y,,P,
145,105714,MANZANILLA BAY,Y,,P,
145,105718,MARACAIBO,Y,,P,
145,105717,MANZANILLO (DOMINICAN REPUBLIC),Y,,P,
145,105716,MANZANILLO (MEXICO),Y,,P,
145,105719,Maracaybo,N,,N,
145,105720,MARANHAO,Y,,P,
145,105722,MARAZION,Y,,P,
145,105693,MAINE,Y,,P,
145,105723,MARCHES,Y,,P,
145,105701,Malega,N,,N,
145,105724,MARCUS HOOK,Y,,P,
145,105715,MANZANILLO (CUBA),Y,,P,
145,105713,MANOCA,Y,,P,
145,105709,Moluccas,N,,N,
145,105702,MALAYSIA,Y,,P,
145,105703,Malaya,N,,N,
145,105704,MALDON,Y,,P,
145,105705,MALI LOSINJ,Y,,P,
145,105706,MALMO,Y,,P,
145,105725,MARENNES,Y,,P,
145,105654,LYMINGTON,Y,,P,
145,105712,MANITOBA,Y,,P,
145,105653,LYME REGIS,Y,,P,
145,105710,MANCHESTER,Y,,P,
145,105711,MANDAL,Y,,P,
145,105707,MALTA,Y,,P,
145,139926,SAVANNA LA MAR,Y,,P,
145,139916,SYLT,Y,,P,
145,139927,PELOTAS,Y,,P,
145,139915,DONAGHADEE,Y,,P,
145,139914,HALLAND,Y,,P,
145,139913,FALKENBERG,Y,,P,
145,139917,PORTKNOCKIE,Y,,P,
145,139912,BOULMER,Y,,P,
145,139752,Horne,N,,N,
145,139924,BRAMLEY MOORE DOCK,Y,,P,
145,139923,APALACHICOLA,Y,,P,
145,139911,CRASTER,Y,,P,
145,139922,RIVER ALT,Y,,P,
145,139921,RAVENGLASS,Y,,P,
145,139920,MORAY,Y,,P,
145,139910,NORTH QUEENSFERRY,Y,,P,
145,139909,BURNMOUTH,Y,,P,
145,139907,CULLERCOATS,Y,,P,
145,139908,KENNETPANS,Y,,P,
145,140574,COUNTY MEATH,Y,,P,
145,139925,KEMI,Y,,P,
145,140579,COUNTY KERRY,Y,,P,
145,140572,COUNTY ANTRIM,Y,,P,
145,140573,COUNTY LOUTH,Y,,P,
145,139972,SOUTHPORT,Y,,P,
145,140575,COUNTY WICKLOW,Y,,P,
145,140576,COUNTY WEXFORD,Y,,P,
145,140571,COUNTY LONDONDERRY,Y,,P,
145,140578,COUNTY CORK,Y,,P,
145,140570,COUNTY DONEGAL,Y,,P,
145,140580,COUNTY LIMERICK,Y,,P,
145,140581,COUNTY CLARE,Y,,P,
145,140582,COUNTY GALWAY,Y,,P,
145,140583,COUNTY LEITRIM,Y,,P,
145,140629,BRAY,Y,,P,
145,140633,ARDGLASS,Y,,P,
145,140577,COUNTY WATERFORD,Y,,P,
145,139066,Louisa,N,,N,
145,144155,FISHERROW,Y,,P,
145,139386,Uleaborg,N,,N,
145,139302,BATH (AVON),Y,,P,
145,139297,BATH (MAINE),Y,,P,
145,139144,HORNSEA,Y,,P,
145,139928,FLOOKBURGH,Y,,P,
145,139110,JAVEA,Y,,P,
145,139751,HOORN,Y,,P,
145,139065,UUSIMAA,Y,,P,
145,139064,LOVIISA,Y,,P,
145,138695,GOTEBORG OCH BOHUS,Y,,P,
145,138672,LYSEKIL,Y,,P,
145,140565,CONEY ISLAND (COUNTY SLIGO),Y,,P,
145,140569,COUNTY SLIGO,Y,,P,
145,139111,Xabia,N,,N,
145,140271,DEN HELDER,Y,Netherlands,P,
145,140310,WAKEFIELD,Y,West Yorkshire,P,
145,140242,NEWBURN (TYNE AND WEAR),Y,Tyne and Wear,P,
145,140243,WAREN MILL,Y,Northumberland,P,
145,140150,Ostfriesische Inseln,N,,N,
145,140149,VEERE,Y,Zeeland,P,
145,140148,EAST FRIESIAN ISLANDS,Y,Germany,P,
145,140147,NORDERNEY,Y,"East Friesian Islands, Germany",P,
145,139970,SONDERBORG,Y,,P,
145,140252,NEWHAVEN ON FORTH,Y,Scotland,P,
145,140203,MONKWEARMOUTH,Y,Tyne and Wear,P,
145,140283,PORT MULGRAVE,Y,North Yorkshire,P,
145,140288,ROTHERHAM,Y,South Yorkshire,P,
145,139980,STARCROSS,Y,,P,
145,139979,HORTEN,Y,,P,
145,139978,TOKYO,Y,,P,
145,139977,VARMLAND,Y,,P,
145,140289,SOUTH YORKSHIRE,Y,England,P,
145,140144,MANNINGTREE,Y,Essex,P,
145,140367,GOREE (SENEGAL),Y,Senegal,P,
145,140387,FISHLAKE,Y,South Yorkshire,P,
145,140384,PORTSEA (AUSTRALIA),Y,"Victoria, Australia",P,
145,140383,PORTSEA (HAMPSHIRE),Y,Hampshire,P,
145,140370,Goeree,N,,N,
145,139953,SEAHOUSES,Y,,P,
145,140415,PITTENWEEM,Y,"Fife, Scotland",P,
145,140420,WINTERTON ON SEA,Y,Norfolk,P,
145,140219,ROTHESAY,Y,Argyll and Bute,P,
145,140429,BOROUGHBRIDGE,Y,North Yorkshire,P,
145,140218,ARGYLL AND BUTE,Y,Scotland,P,
145,140329,BRADFORD,Y,West Yorkshire,P,
145,140167,NEW BERN,Y,"North Carolina, USA",P,
145,140168,Newburn,N,"North Carolina, USA",N,
145,140174,NEWBIGGIN BY THE SEA,Y,Northumberland,P,
145,140178,CAPE FEAR,Y,North Carolina,P,
145,140319,Milton Next Sittingbourne,N,Kent,N,
145,140318,MILTON REGIS,Y,Kent,P,
145,139974,OLAND,Y,,P,
145,140369,Goree (Netherlands),N,,N,
145,139938,COCKBURNSPATH,Y,,P,
145,139976,UDDEHOLM,Y,,P,
145,139946,PORT ERROLL,Y,,P,
145,139945,MULROY BAY,Y,,P,
145,139944,POULTON,Y,,P,
145,139943,WHITLEY BAY,Y,,P,
145,139942,FREIBURG,Y,,P,
145,139941,ULLAPOOL,Y,,P,
145,139948,BRUNSWICK DOCK,Y,,P,
145,139939,COQUET ISLAND,Y,,P,
145,139949,SEVASTOPOL,Y,,P,
145,139937,LINCOLN,Y,,P,
145,139936,TEWKESBURY,Y,,P,
145,139935,FLAT HOLM,Y,,P,
145,139934,RIVER AXE,Y,,P,
145,139933,FRODSHAM,Y,,P,
145,139932,DALHOUSIE,Y,,P,
145,139931,EASTHAM,Y,,P,
145,139930,WORCESTERSHIRE,Y,,P,
145,139940,ABERDOUR,Y,,P,
145,139962,BEADNELL,Y,,P,
145,139929,DROITWICH,Y,,P,
145,139973,KRISTIINANKAUPUNKI,Y,,P,
145,139971,SONDERJYLLAND,Y,,P,
145,139969,BARKING,Y,,P,
145,139968,YARMOUTH (NOVA SCOTIA),Y,,P,
145,139967,SKILLINGE,Y,,P,
145,139966,PORT ST MARY,Y,,P,
145,139947,ABERDEENSHIRE,Y,,P,
145,139964,HELLVIK,Y,,P,
145,139975,HARSTAD,Y,,P,
145,139959,HELLEVOETSLUIS,Y,,P,
145,139958,LUANDA,Y,,P,
145,139957,PILL,Y,,P,
145,139956,TORNIO,Y,,P,
145,139955,WORCESTER,Y,,P,
145,139954,FARNE ISLANDS,Y,,P,
145,139952,TRANMERE,Y,,P,
145,139950,MALAHIDE,Y,,P,
145,139965,PORTAFERRY,Y,,P,
145,144005,AMAZONAS,Y,,P,
145,141217,KOLOBRZEG,Y,,P,
145,144016,OBBOLA,Y,,P,
145,144015,BOTTEN,Y,,P,
145,144014,AXMOUTH,Y,,P,
145,144013,ATHENS,Y,,P,
145,144012,ASTORIA,Y,,P,
145,144011,Askeroy,N,,N,
145,144010,Askeroen,N,,N,
145,144009,ASKEROYA,Y,,P,
145,144008,ASKER,Y,,P,
145,144018,TURKU PORI,Y,,P,
145,144006,MANAUS,Y,,P,
145,144019,Abo,N,,N,
145,144004,ALVSBORG,Y,,P,
145,144003,ALGECIRAS,Y,,P,
145,144002,ALAGOAS,Y,,P,
145,144001,Haynasch,N,,N,
145,144000,AINAZI,Y,,P,
145,143999,FYN,Y,,P,
145,143998,AERO,Y,,P,
145,143997,AASGAARDSTRAND,Y,,P,
145,143996,'S-Gravenhage,N,,N,
145,143464,Drontheim,N,,N,
145,144007,AMHERST,Y,,P,
145,144041,BURRAY,Y,,P,
145,144053,BLEKINGE,Y,,P,
145,144052,BLACKWALL,Y,,P,
145,144051,BLACKPOOL,Y,,P,
145,144050,BILLINGSGATE,Y,,P,
145,144049,BERMEO,Y,,P,
145,144048,WINDSOR (BERKSHIRE),Y,,P,
145,144047,BERKSHIRE,Y,,P,
145,144046,BERENICE,Y,,P,
145,144045,BENGAL,Y,,P,
145,144044,BECKTON,Y,,P,
145,144017,Abbola,N,,N,
145,144042,FLOTTA,Y,,P,
145,143420,SKANE,Y,,P,
145,144040,BASIN,Y,,P,
145,144039,BARTON UPON HUMBER,Y,,P,
145,144038,BARNSLEY,Y,,P,
145,144026,BANTHAM,Y,,P,
145,144025,BALBRIGGAN,Y,,P,
145,144024,Aspinwall,N,,N,
145,144023,Scanderoon,N,,N,
145,144022,Alexandretta,N,,N,
145,144021,Iskanderun,N,,N,
145,144020,ISKENDERUN,Y,,P,
145,144043,SOUTH RONALDSAY,Y,,P,
145,137188,Burlington (England),N,,N,
145,143282,ILE DE FRANCE,Y,,P,
145,143281,LANGERONNE,Y,,P,
145,143277,KERCH,Y,,P,
145,143273,LE CROISIC,Y,,P,
145,143272,CASTELLAMMARE DI STABIA,Y,,P,
145,143270,CORCUBION,Y,,P,
145,143258,UNASSIGNED,N,,P,
145,143009,PORTPATRICK,Y,,P,
145,142956,Steneburgh,N,,N,
145,142955,STEENBERGEN,Y,,P,
145,143463,Trondhjem,N,,N,
145,137181,Windau,N,,N,
145,143288,PERVENCHES,Y,,P,
145,141895,DALBEATTIE,Y,,P,
145,141888,Mumbai,N,Previously known as Bombay.,N,
145,141887,Chennai,N,Previously known as Madras.,N,
145,141509,Portobello,N,Use most appropriate term where known.,N,
145,141456,Zurickzea,N,,N,
145,141455,Zierickzee,N,,N,
145,141454,ZIERIKZEE,Y,,P,
145,141452,CROVIE,Y,,P,
145,141285,Bo'Ness,N,,N,
145,141218,Kolberg,N,Former name of Kolobrzeg,N,
145,137180,VENTSPILS,Y,,P,
145,143321,SHALLON,Y,Unable to identify actual place from documentary sources alone.,P,
145,144056,BOEKZETELERFEHN,Y,,P,
145,143359,SAINT MARTIN DE RE,Y,,P,
145,143354,ANGUILLA,Y,,P,
145,143341,Port Natal,N,,N,
145,143339,BREMER LEHE,Y,,P,
145,143338,Geestemuende,N,,N,
145,143335,Dago,N,,N,
145,143334,Kertel,N,,N,
145,143333,KARDLA,Y,,P,
145,143332,HIIUMAA,Y,,P,
145,143283,VAL D'OISE,Y,,P,
145,143324,SALTA CABELLO,Y,,P,
145,143287,RIVER NILE,Y,,P,
145,143320,Wimbranc,N,Mistranscription from original source,N,
145,143313,Sao Paulo De Loanda,N,,N,
145,143312,Sao Paulo De Luanda,N,,N,
145,143311,RIVER MEDINA,Y,,P,
145,143296,Cape Francois,N,,N,
145,143295,Cap Francois,N,,N,
145,143294,Cap St Francois,N,,N,
145,143291,CAPE SAINT FRANCIS (SOUTH AFRICA),Y,,P,
145,143290,CAPE SAINT FRANCIS (NEWFOUNDLAND),Y,,P,
145,143289,RIGWALD,Y,Unable to identify actual place from documentary sources alone.,P,
145,143421,DUNWICH,Y,,P,
145,143328,TARVIER,Y,Unable to identify actual place from documentary sources alone.,P,
145,144113,Dunav,N,,N,
145,144120,Chaleion,N,,N,
145,144119,GALAXIDHION,Y,,P,
145,144146,ENO,Y,,P,
145,144147,Exon,N,,N,
145,144118,Cette,N,,N,
145,144148,FAIAL (AZORES),Y,,P,
145,144117,HUNGARY,Y,,P,
145,144149,FAIAL (MADEIRA),Y,,P,
145,144150,FALSTER,Y,,P,
145,144116,SLOVAKIA,Y,,P,
145,144102,COOSAW RIVER,Y,,P,
145,144114,CULLERA,Y,,P,
145,144123,DELFSHAVEN,Y,,P,
145,144112,Duna,N,,N,
145,144111,Dunaj,N,,N,
145,144110,Donau,N,,N,
145,144109,RIVER DANUBE,Y,,P,
145,144108,CZECH REPUBLIC,Y,,P,
145,144107,CRIMEA,Y,,P,
145,144106,CRAIL,Y,,P,
145,144105,COURCELLES,Y,,P,
145,144104,ERQUY,Y,,P,
145,144054,SOLVESBORG,Y,,P,
145,144115,CZECHOSLOVAKIA,Y,"Use only for historic state of Czechoslovakia, where new state is known index with CZECH REPUBLIC or SLOVAKIA.",P,
145,144133,DUNBEATH,Y,,P,
145,144145,ELSWICK,Y,,P,
145,144144,ELMER SANDS,Y,,P,
145,144143,Elbing,N,,N,
145,144142,ELBLAG,Y,,P,
145,144141,EGERSUND,Y,,P,
145,144140,EDAY,Y,,P,
145,144139,EAST QUANTOXHEAD,Y,,P,
145,144138,EAST AFRICA,Y,,P,
145,144137,Durdragh,N,,N,
145,144136,Donostia San Sebastian,N,,N,
145,144121,Galaxidi,N,,N,
145,144134,DUNDAS,Y,,P,
145,144122,DARLINGTON,Y,,P,
145,139951,PORT WILLIAM,Y,,P,
145,144132,DUNBALL,Y,,P,
145,144131,Ragusa,N,,N,
145,144130,DUBROVNIK,Y,,P,
145,144129,Dormumersiel,N,,N,
145,144128,DORNUMERSIEL,Y,,P,
145,144127,DONCASTER,Y,,P,
145,144126,DOGGER BANK,Y,,P,
145,144125,DOBO,Y,,P,
145,144124,DEMMIN,Y,,P,
145,144101,COMBE MARTIN,Y,,P,
145,144135,Uummannaq,N,,N,
145,144066,BRIELLE,Y,,P,
145,144078,CAMBOIS,Y,,P,
145,144077,CALABAR,Y,,P,
145,144076,Borga,N,,N,
145,144075,PORVOO,Y,,P,
145,144074,Berbice,N,,N,
145,144073,Brighthelmstone,N,,N,
145,144072,Beedhemstone,N,,N,
145,144071,BURSLEDON,Y,,P,
145,144070,BUCKHAVEN,Y,,P,
145,144069,Den Haag,N,,N,
145,144103,COTES D'ARMOR,Y,,P,
145,144067,Brill,N,,N,
145,144081,CAROLINENSIEL,Y,,P,
145,144065,BRESSAY,Y,,P,
145,144064,BRAUNTON,Y,,P,
145,144063,BRASS RIVER,Y,,P,
145,144062,BOWLING,Y,,P,
145,144061,Buctouche,N,,N,
145,144060,BOUCTOUCHE,Y,,P,
145,144059,BONAR BRIDGE,Y,,P,
145,144058,BOGNOR REGIS,Y,,P,
145,144057,Bocksetelerfehn,N,,N,
145,143340,Bremerlehe,N,,N,
145,144068,Den Briel,N,,N,
145,144092,CHANIA,Y,,P,
145,144100,COLDINGHAM,Y,,P,
145,144099,CLEY NEXT THE SEA,Y,,P,
145,144098,SOCOA,Y,,P,
145,144097,CIBOURE,Y,,P,
145,144096,CHESAPEAKE BAY,Y,,P,
145,144151,STORSTROM,Y,,P,
145,144152,FETLAR,Y,,P,
145,144153,FINDHORN,Y,,P,
145,144095,MARANS,Y,,P,
145,144154,FINISTERRE,Y,,P,
145,144079,CAMPECHE,Y,,P,
145,144093,Khania,N,,N,
145,144080,CAROLINA,Y,Use only for the historic region of North America. For modern places use NORTH CAROLINA or SOUTH CAROLINA.,P,
145,144091,CERES,Y,,P,
145,144090,CEBU,Y,,P,
145,144089,CAWSAND,Y,,P,
145,144088,CAUMONT L'EVENTE,Y,,P,
145,144087,CASTLE HAVEN,Y,,P,
145,144086,CARRICKFERGUS,Y,,P,
145,144085,Carolinziel,N,,N,
145,144084,Carolinsiel,N,,N,
145,144083,Carolinsheigh,N,,N,
145,144082,Carolinenziel,N,,N,
145,144055,BOCA GRANDE,Y,,P,
145,144094,CHARENTE MARITIME,Y,,P,
145,141073,ST ANDREWS (NEWFOUNDLAND),Y,,P,
145,141081,PRESTONPANS,Y,,P,
145,141074,ROSEHEARTY,Y,,P,
145,141056,BRECHIN,Y,"Angus, Scotland",P,
145,141055,ANGUS,Y,Scotland,P,
145,141042,RIVER RIBBLE,Y,Lancashire,P,
145,141031,Skaterow,N,,N,
145,141030,SKATERAW,Y,"East Lothian, Scotland",P,
145,141029,EAST LOTHIAN,Y,Scotland,P,
145,140905,SKINNINGROVE,Y,Redcar and Cleveland,P,
145,140830,PORTOBELLO (EAST SUSSEX),Y,,P,
145,140829,PORTOBELLO (LOTHIAN),Y,,P,
145,140828,ST DAVIDS,Y,,P,
145,141175,Nikolaistad,N,Former name of Vaasa when part of Grand Duchy of Finland.,N,
145,141024,GREIFSWALD,Y,"Mecklenburg-Vorpommern, Germany",P,
145,144233,LANDERNEAU,Y,,P,
145,144232,LANCING,Y,,P,
145,144230,L'Ecluse,N,,N,
145,144228,Kobenhavn (City),N,,N,
145,144229,Konigsberg,N,,N,
145,144227,KRONOBERG,Y,,P,
145,144231,LA SEYNE SUR MER,Y,,P,
145,144244,LEMVIG,Y,,P,
145,144242,MUDROS,Y,,P,
145,144243,Moudros,N,,N,
145,152420,HAREN,Y,German port on the River Ems.,P,
145,144167,Foroyar,N,,N,
145,152421,Emsland,N,,N,
145,152427,MOGADISHU,Y,"Port in Somalia, one of largest in East Africa",P,
145,152428,Xamar,N,,N,
145,152417,NORDENHAM,Y,German port of the western bank of the mouth of the River Weser.,P,
145,144159,FORT LIBERTE,Y,,P,
145,144240,LESBOS,Y,,P,
145,152449,CAIRNRYAN,Y,,P,
145,152452,ISLINGTON,Y,,P,
145,144158,FOBBING,Y,,P,
145,152463,SECHENDORF,Y,,P,
145,144157,FLINT,Y,,P,
145,144156,FLAMBOROUGH,Y,,P,
145,152501,ARLINGHAM,Y,"Arlingham civil parish, River Severn, Gloucestershire",P,
145,144160,FORT WILLIAM,Y,,P,
145,152363,DAR ES SALAAM,Y,,P,
145,144235,LARGS,Y,,P,
145,144236,NORTH AYRSHIRE,Y,,P,
145,152343,NAARDEN,Y,,P,
145,152346,YELLAND,Y,,P,
145,152349,ZUEITINA,Y,,P,
145,152352,PARIS,Y,,P,
145,152353,ASTURIAS,Y,,P,
145,152397,GUNNESS,Y,"Small port on River Trent, North Lincs.",P,
145,152360,PLOCE,Y,,P,
145,144241,LEMNOS,Y,,P,
145,152367,SASSANDRA,Y,,P,
145,152371,SCHEVENINGEN,Y,,P,
145,152377,BOURGAS,Y,,P,
145,152378,Burgas,N,,N,
145,144237,LARNE LOUGH,Y,,P,
145,144238,Lough Larne,N,,N,
145,144239,LAXEY,Y,,P,
145,144234,LANGSTONE,Y,,P,
145,152354,AVILES,Y,,P,
145,147485,META,Y,,P,
145,144191,HESWALL,Y,,P,
145,144181,HONDARRIBIA,Y,,P,
145,144182,HALLSTA,Y,,P,
145,147540,NEW PASSAGE,Y,,P,
145,147537,MINSTERWORTH,Y,,P,
145,147536,BEWDLEY,Y,,P,
145,147531,RIVER SEVERN,Y,,P,
145,147530,BEACHLEY,Y,,P,
145,163921,HADLEIGH,Y,Essex,P,
145,147919,KETTLENESS,Y,,P,
145,147486,Isle De Bourbon,N,,N,
145,147920,SANDSEND,Y,,P,
145,147483,REUNION,Y,"Mascarene Islands, Africa; dependent territory as a departement of France.",P,
145,147479,BARDSEY ISLAND,Y,,P,
145,144183,SODERMANLAND,Y,,P,
145,144184,HAPARANDA,Y,,P,
145,144185,NORRBOTTEN,Y,,P,
145,144186,HARTLAND POINT,Y,,P,
145,144187,HAWARDEN,Y,,P,
145,144188,HEACHAM,Y,,P,
145,144189,HELLESTED,Y,,P,
145,151844,GOA,Y,,P,
145,147487,Ile De France (Mauritius),N,,N,
145,144178,GOLDSBORO (PENNSYLVANIA),Y,,P,
145,144170,Fredrikshall,N,,N,
145,144171,WEST AFRICA,Y,,P,
145,144172,GAMBIA,Y,,P,
145,144173,GAMLEBY,Y,,P,
145,144174,GAVLEBORG,Y,,P,
145,144175,SANDARNE,Y,,P,
145,144176,GLUCKSTADT,Y,,P,
145,151477,NORDEN,Y,,P,
145,151481,UUSIKAARLEPYY,Y,,P,
145,144180,GUIPUZCOA,Y,,P,
145,144177,GOEREE OVERFLAKKEE,Y,,P,
145,144192,HIGHBRIDGE,Y,,P,
145,152507,FOGLO,Y,"Aland Islands, Finland",P,
145,144289,MOUTH MILL,Y,,P,
145,144169,Fredrikshald,N,,N,
145,144168,HALDEN,Y,,P,
145,151662,ITZEHOE,Y,,P,
145,151670,LIMASSOL,Y,,P,
145,151671,SOUTHERN CYPRUS,Y,,P,
145,151672,AVEIRO,Y,,P,
145,151673,BOUGIE,Y,,P,
145,144179,GOTLAND,Y,,P,
145,151482,Nykarleby,N,,N,
145,144220,KIRKLEY,Y,,P,
145,144190,HELSINKI,Y,,P,
145,144210,Jernemuts,N,,N,
145,144211,KALUNDBORG,Y,,P,
145,144212,OVERIJSSEL,Y,,P,
145,144213,KAMPEN,Y,,P,
145,144214,KATTEGAT,Y,,P,
145,144215,SKAGERRAK,Y,,P,
145,144216,KEM,Y,,P,
145,144217,KERNEVEL,Y,,P,
145,144208,TEL AVIV YAFO,Y,,P,
145,144219,KILLOUGH,Y,,P,
145,144207,JONKOPING,Y,,P,
145,144221,KNOTTINGLEY,Y,,P,
145,144222,KOBENHAVN (DISTRICT),Y,,P,
145,144223,KOPPARBERG,Y,,P,
145,144224,KORCULA,Y,,P,
145,151898,TUBORG HAVN,Y,,P,
145,144164,FREDERIKSHAVN,Y,,P,
145,144163,FREDERIKSDAL,Y,,P,
145,144162,FREDERIKSBORG,Y,,P,
145,144225,KRISTIANSTAD,Y,,P,
145,144226,KRISTINEHAMN,Y,,P,
145,144218,Kermovel,N,,N,
145,151848,PENLEE,Y,,P,
145,144193,HOMMELVIK,Y,,P,
145,144194,VEJLE,Y,,P,
145,144195,HORSENS,Y,,P,
145,144196,HOWDEN,Y,,P,
145,144197,HOYLAKE,Y,,P,
145,144198,Hernosand,N,,N,
145,144199,LINDISFARNE,Y,,P,
145,144200,Holy Island,N,,N,
145,144201,INNER HEBRIDES,Y,,P,
145,144209,Jaffa,N,,N,
145,151845,MORMUGAO,Y,,P,
145,144161,FRECKLETON,Y,,P,
145,151851,SAN LORENZO,Y,,P,
145,151856,OLDERSUM,Y,,P,
145,144166,Faeroe Islands,N,,N,
145,144165,NORDJYLLAND,Y,,P,
145,151864,ST JOHN (NEW BRUNSWICK),Y,,P,
145,144202,MULL,Y,,P,
145,144203,ISLAS LOBOS DE AFUERA,Y,,P,
145,144204,ISLAS LOBOS DE TIERRA,Y,,P,
145,144205,Ilha Da Madeira,N,,N,
145,144206,JAMTLAND,Y,,P,
145,151838,ARKLOW,Y,,P,
145,144365,ROSTREVOR,Y,,P,
145,144355,RIVER WEAR,Y,,P,
145,144374,SAMSO,Y,,P,
145,144373,SALOU,Y,,P,
145,144372,SALDANHA BAY,Y,,P,
145,144371,Reval,N,,N,
145,144370,TALLINN,Y,,P,
145,144369,RUNSWICK,Y,,P,
145,144368,RUDKOBING,Y,,P,
145,144376,SAN MIGUEL,Y,,P,
145,144366,ROSYTH,Y,,P,
145,144377,SAN SEBASTIAN (TIERRA DEL FUEGO),Y,,P,
145,144287,MORRISONS HAVEN,Y,,P,
145,144363,ROSKILDE,Y,,P,
145,144245,RINGKOBING,Y,,P,
145,144361,ROGERSTONE,Y,,P,
145,144360,Rodby Havn,N,,N,
145,144359,RODBYHAVN,Y,,P,
145,144358,ROCK FERRY,Y,,P,
145,144357,ROBIN HOODS BAY,Y,,P,
145,144311,OSTERGOTLAND,Y,,P,
145,144367,ROUSAY,Y,,P,
145,144387,SKAELSOR,Y,,P,
145,144397,SOUTHTOWN,Y,,P,
145,144396,SOUTHERN AFRICA,Y,,P,
145,144395,SOUTHAMPTON WATER,Y,,P,
145,144394,SOUTH BENFLEET,Y,,P,
145,144393,SOLWAY FIRTH,Y,,P,
145,144392,SKUDENESHAVN,Y,,P,
145,144391,SKERRIES,Y,,P,
145,144390,SKARABORG,Y,,P,
145,144375,SAN CARLOS,Y,,P,
145,144388,VESTSJAELLAND,Y,,P,
145,144354,RIVER SWALE,Y,,P,
145,144386,SJOVEGAN,Y,,P,
145,144385,SHOEBURYNESS,Y,,P,
145,144384,SHIELDS,Y,,P,
145,144383,SHAPINSAY,Y,,P,
145,144382,SERVOLA,Y,,P,
145,144381,SEATON SLUICE,Y,,P,
145,144380,SANNESUND,Y,,P,
145,144379,SANDAY,Y,,P,
145,144378,TIERRA DEL FUEGO,Y,,P,
145,144389,Skaelskor,N,,N,
145,144321,PETERSBURG (VIRGINIA),Y,,P,
145,144356,RIVER YARE,Y,,P,
145,144330,PONTORSON,Y,,P,
145,144329,PONT L'ABBE,Y,,P,
145,144328,POMARON,Y,,P,
145,144327,POINTE DE CROISIC,Y,,P,
145,144326,POINT OF AYR,Y,,P,
145,144325,PISA,Y,,P,
145,144324,PIOMBINO,Y,,P,
145,144332,PORT EN BESSIN HUPPAIN,Y,,P,
145,144322,PETTYCUR,Y,,P,
145,144333,PORT LOUIS,Y,,P,
145,144320,PETERHEAD,Y,,P,
145,144319,PEPPERCOMBE,Y,,P,
145,144318,PENTLAND FIRTH,Y,,P,
145,144317,PAPA WESTRAY,Y,,P,
145,144316,PALMA,Y,,P,
145,144315,PADANG,Y,,P,
145,144314,OXWICH BAY,Y,,P,
145,144313,OWER,Y,,P,
145,144312,OUTER HEBRIDES,Y,,P,
145,144323,PICTOU,Y,,P,
145,144343,QUEENBOROUGH,Y,,P,
145,144353,RIVER OUSE,Y,,P,
145,144352,RIVER GAMBIA,Y,,P,
145,144351,RIVER FORTH,Y,,P,
145,144350,RIVER EXE,Y,,P,
145,144349,RIVER DEE,Y,,P,
145,144348,RIVER AVON,Y,,P,
145,144347,RIVER AMAZON,Y,,P,
145,144346,RICHMOND UPON THAMES,Y,,P,
145,144331,PORLOCK,Y,,P,
145,144344,RAVENSCAR,Y,,P,
145,144400,STANLOW,Y,,P,
145,144342,Pampeluna,N,,N,
145,144341,PUTTERSHOEK,Y,,P,
145,144340,PREESALL,Y,,P,
145,144339,PORTRUSH,Y,,P,
145,144338,PORTO ALEGRE,Y,,P,
145,144337,PORTMAHOMACK,Y,,P,
145,144336,PORTH,Y,,P,
145,144335,PORTGORDON,Y,,P,
145,144334,PORT SUNLIGHT,Y,,P,
145,144345,RIBE,Y,,P,
145,144446,WATERMOUTH,Y,,P,
145,144398,SPIEKEROOG,Y,,P,
145,144595,STOKMARKNES,Y,,P,
145,144453,WISMAR,Y,,P,
145,144452,WISCASSET,Y,,P,
145,144451,WINCHELSEA,Y,,P,
145,144450,WHITBURN,Y,,P,
145,144449,WHALSAY,Y,,P,
145,144448,WESTRAY,Y,,P,
145,144455,WYK AUF FOHR,Y,,P,
145,144611,VADDO,Y,,P,
145,144456,YELL,Y,,P,
145,144445,WALLASEY,Y,,P,
145,144444,Vizcaya,N,,N,
145,144443,Villanova,N,,N,
145,144442,VILANOVA DE AROUSA,Y,,P,
145,144441,Villagarcia,N,,N,
145,144440,VILAGARCIA DE AROUSA,Y,,P,
145,144439,VIBORG,Y,,P,
145,144438,VASTMANLAND,Y,,P,
145,144437,VASTERVIK,Y,,P,
145,144447,WEST KIRBY,Y,,P,
145,162763,MARBELLA,Y,,P,
145,144539,RANDERS,Y,,P,
145,144540,BASMOEN,Y,,P,
145,144541,ORVIKEN,Y,,P,
145,144542,NOTTINGHAMSHIRE,Y,,P,
145,144543,NEWARK ON TRENT,Y,,P,
145,144550,HOLBAEK,Y,,P,
145,144551,NORDBY (VESTSJAELLAND),Y,,P,
145,144552,MOLDE,Y,,P,
145,144454,WOODY BAY,Y,,P,
145,162760,MERVILLE,Y,,P,
145,144435,VARNA,Y,,P,
145,162766,SEJERO,Y,,P,
145,162771,BRADWELL ON SEA,Y,,P,
145,144461,Zuid Holland,N,,N,
145,144460,Zealand,N,,N,
145,144582,FLEKKEFJORD,Y,,P,
145,144584,Passages,N,,N,
145,144459,ZELZATE,Y,,P,
145,144458,ZAANDAM,Y,,P,
145,144457,YORK,Y,,P,
145,144566,RIDHAM DOCK,Y,,P,
145,144407,STROUD,Y,,P,
145,144415,SWANWICK,Y,,P,
145,144414,SVELVIK,Y,,P,
145,144413,SVELGEN,Y,,P,
145,144412,Sutton,N,,N,
145,144411,SUTTON POOL,Y,,P,
145,144410,Stubbekjobing,N,,N,
145,159334,Mawlamyine,N,,N,
145,159333,MOULMEIN,Y,,P,
145,144992,Bona,N,,N,
145,144408,STRUER,Y,,P,
145,144418,TAYPORT,Y,,P,
145,144406,STRONSAY,Y,,P,
145,144405,STRANGFORD (COUNTY DOWN),Y,,P,
145,144404,STRALSUND,Y,,P,
145,144403,STONEHAVEN,Y,,P,
145,144402,STIRLING,Y,,P,
145,159318,NEWPORT (RHODE ISLAND),Y,,P,
145,159315,PISCATAQUA RIVER,Y,,P,
145,144401,STENSJO,Y,,P,
145,144362,ROMNEY,Y,,P,
145,144409,STUBBEKOBING,Y,,P,
145,144427,TREVAUNANCE COVE,Y,,P,
145,144399,ST HELENS ROAD,Y,,P,
145,145001,FINSTERWOLDE,Y,,P,
145,145004,VILLA CONSTITUCION,Y,,P,
145,145007,ARICA,Y,,P,
145,144434,VARDO,Y,,P,
145,144433,VARBERG,Y,,P,
145,144432,UPPSALA,Y,,P,
145,144431,UPNOR,Y,,P,
145,144430,UGIE,Y,,P,
145,144416,Sluys,N,,N,
145,144428,TYSSEDAL,Y,,P,
145,144417,Southton,N,,N,
145,144426,TOBERMORY,Y,,P,
145,144425,THURO,Y,,P,
145,144424,THORNHAM,Y,,P,
145,144423,Thorn,N,,N,
145,144422,THORNE,Y,,P,
145,144421,THE DOWNS,Y,,P,
145,144420,THE NORE,Y,,P,
145,144419,THAMES ESTUARY,Y,,P,
145,144436,VASTER,Y,,P,
145,144429,Thorshavn,N,,N,
145,144306,OAXACA,Y,,P,
145,144301,NORRESUNDBY,Y,,P,
145,144303,NORTH SUNDERLAND,Y,,P,
145,144296,NEW ENGLAND,Y,,P,
145,144295,NESTON,Y,,P,
145,144304,NYKOBING,Y,,P,
145,144305,Noord Holland,N,,N,
145,144271,PUNTA ARENAS,Y,,P,
145,144265,Lussingrande,N,,N,
145,144294,NAVASSA,Y,,P,
145,144273,MARINELLA,Y,,P,
145,144253,LOCTUDY,Y,,P,
145,144307,PALOMARES,Y,,P,
145,144308,OBAN,Y,,P,
145,144274,Selinus,N,,N,
145,144268,MACKAY,Y,,P,
145,144275,MARSTRAND,Y,,P,
145,144276,MAWGAN,Y,,P,
145,146413,Parrsborough,N,,N,
145,144277,MELILLA,Y,,P,
145,144293,PAMPLONA,Y,,P,
145,144258,LYBSTER,Y,,P,
145,146418,FLINTSHIRE,Y,,P,
145,146419,HOLYWELL,Y,,P,
145,144264,VELI LOSINJ,Y,,P,
145,144263,Lusinpicolo,N,,N,
145,144262,Libau,N,,N,
145,146412,PARRSBORO,Y,,P,
145,144261,La Houle,N,,N,
145,144260,LYTHAM ST ANNES,Y,,P,
145,144297,VERMONT,Y,,P,
145,144298,NEWBURGH,Y,,P,
145,144272,MALMOHUS,Y,,P,
145,144299,NEWPORT NEWS,Y,,P,
145,144257,LOW NEWTON BY THE SEA,Y,,P,
145,144256,LOUISBURG,Y,,P,
145,144255,LOSTWITHIEL,Y,,P,
145,144254,LOLLAND,Y,,P,
145,144300,NORMANDY,Y,,P,
145,144266,Lussino,N,,N,
145,144267,MACEIO,Y,,P,
145,144278,PRESIDIOS,Y,,P,
145,144259,LYNGOR,Y,,P,
145,144291,NARVIK,Y,,P,
145,144250,LITTLEFERRY,Y,,P,
145,144302,NORTH AFRICA,Y,,P,
145,159160,JAUNJELGAVA,Y,,P,
145,144249,LITTLE STOKE,Y,,P,
145,144248,LIGURIA,Y,,P,
145,144247,LIEBENAU,Y,,P,
145,152517,CHESTERFIELD,Y,,P,
145,152513,DERBYSHIRE,Y,,P,
145,144279,MERIKARVIA,Y,,P,
145,159163,Friedrichstadt,N,,N,
145,144270,MAGELLANES-ANTARTICA,Y,,P,
145,144290,NAIRN,Y,,P,
145,146370,PORTYERROCK,Y,,P,
145,144288,MOTRIL,Y,,P,
145,144286,MORAY FIRTH,Y,,P,
145,144285,MONACO,Y,,P,
145,146366,KIRKCOLM,Y,,P,
145,144284,MOGADORE,Y,,P,
145,146362,BOWNESS ON SOLWAY,Y,,P,
145,144364,ROSS,Y,,P,
145,144246,LESCONIL,Y,,P,
145,144251,LOBITOS,Y,,P,
145,144283,MINATITLIN,Y,,P,
145,144281,MILLOM,Y,,P,
145,144280,Sastmola,N,,N,
145,144292,NAVARRA,Y,,P,
145,146392,NEWNHAM,Y,,P,
145,144282,MILLWALL,Y,,P,
145,144252,PIURA,Y,,P,
145,146382,CARSETHORN,Y,,P,
145,144269,MADEIRA ISLANDS,Y,,P,
145,144310,OREBRO,Y,,P,
145,152572,Hudson'S Bay,N,,N,
145,144309,ODENSE,Y,,P,
145,146378,MIRAMICHI,Y,,P,
145,146374,DRUMMORE,Y,,P,
145,146395,BUCKIE,Y,,P,
145,171230,Kasko,N,,N,
145,171228,FEHMARN,Y,,P,
145,170042,TORO,Y,,P,
145,170048,SLIEDRECHT,Y,,P,
145,171102,NORDHOLZ,Y,,P,
145,167333,PEACEHAVEN,Y,,P,
145,171229,KASKINEN,Y,,P,
145,170094,KIRKENES,Y,,P,
145,167607,KOBE,Y,,P,
145,171226,SIMRISHAMN,Y,,P,
145,171225,ISTORP,Y,,P,
145,170037,MORTAGNE SUR GIRONDE,Y,,P,
145,170036,KRISTINESTAD,Y,,P,
145,167847,ST DOGMAELS,Y,,P,
145,170033,ITHACA,Y,,P,
145,167852,OLDENBURG,Y,,P,
145,170012,BANDHOLM,Y,A small port town on the coast of northern Lolland.,P,
145,169996,UMEA,Y,City in Northern Sweden.,P,
145,169992,COLOGNE,Y,German city spanning the river Rhine.,P,
145,171227,TRELLEBORG,Y,,P,
145,168102,POTOMAC RIVER,Y,"River principally lying between the states of Maryland and Virginia, USA, with its outlet to the sea in Chesapeake Bay.",P,
145,171261,BORG,Y,,P,
145,167905,PARNU,Y,,P,
145,167873,Batum,N,,N,
145,167872,Batoum,N,,N,
145,167871,BATUMI,Y,,P,
145,171259,THISTED,Y,,P,
145,171258,Vasa,N,,N,
145,167906,Pernau,N,,N,
145,167037,PORT SETON,Y,,P,
145,167946,RHAUDERFEHN,Y,,P,
145,170800,Aabenraa,N,,N,
145,169903,SUSAK,Y,,P,
145,167860,DOBOY ISLAND,Y,,P,
145,164085,BORKUM,Y,"East Friesland, Lower Saxony, Germany",P,
145,164092,GRANGE OVER SANDS,Y,,P,
145,164096,APPINGEDAM,Y,,P,
145,171260,MULLSJO,Y,,P,
145,167032,CULLEN,Y,"Moray, Scotland",P,
145,169906,SCHEEMDA,Y,,P,
145,170799,APENRADE,Y,,P,
145,164366,SKOPELOS,Y,,P,
