"CLA_GR_UID","THE_TE_UID","TERM","INDEX_TERM","SCOPE_NOTE","STATUS","IMAGE_EXISTS"
129.00,98264.00,"Uppingham Stone","N",,"N",
129.00,98247.00,"Tixall Stone","N",,"N",
129.00,98248.00,"Todber Stone","N",,"N",
129.00,98249.00,"Tonbridge Stone","N",,"N",
129.00,98250.00,"Torquay Limestone","N",,"N",
129.00,98251.00,"Torquay Marble","N","Use both terms.","N",
129.00,98252.00,"Totternhoe Stone","N",,"N",
129.00,98253.00,"Travertine","N","Use both terms.","N",
129.00,98254.00,"Trebarwith Rustic Slate","N",,"N",
129.00,98255.00,"Trecarne Rustic Slate","N",,"N",
129.00,98259.00,"Tufa","N",,"N",
129.00,98257.00,"Trerice Porphry","N",,"N",
129.00,98258.00,"Trerice Stone","N",,"N",
129.00,98262.00,"TURF","Y","Layer of grass with earth and matted roots cut from the ground and used for earth buildings and as a covering material.","P",
129.00,98263.00,"Tyrolean","N",,"N",
129.00,98265.00,"VEGETAL","N","Pertaining to or deriving from a botanical living organism. See VEGETAL Class List for narrow terms.","P",
129.00,98266.00,"Verde Antico","N","Use both terms.","N",
129.00,98231.00,"TAR","Y","Thick, viscid liquid, obtained by the distillation of wood, coal or other organic substances, chemically a mixture of hydrocarbons with resins.","P",
129.00,98268.00,"Verde Fraye","N","Use both terms.","N",
129.00,98260.00,"TUFACEOUS LIMESTONE","Y","Very light, depositional limestone formed by the precipitation of calcium carbonate rich water (Tufa). The more dense and compact form, Travertine, is formed in a similar way.","P",
129.00,98267.00,"Verde Ematita","N",,"N",
129.00,98261.00,"Tunbridge Wells Stone","N",,"N",
129.00,98246.00,"Tisbury Stone","N",,"N",
129.00,98256.00,"Tredinnick Rustic Slate","N",,"N",
129.00,98234.00,"Teesdale Marble","N",,"N",
129.00,98226.00,"Swedish Green Granite","N",,"N",
129.00,98225.00,"Swanage Stone","N",,"N",
129.00,98224.00,"Swaledale Fossil","N",,"N",
129.00,98223.00,"SUSSEX STONE","Y","Fine grained, buff, brown to green coloured Cretaceous sandstone. Quarried at various locations in Sussex. Not to be confused with Sussex marble which is a cretaceous limestone.","P",
129.00,98304.00,"Woolton Stone","N",,"N",
129.00,98269.00,"Verona Marble","N","Use both terms.","N",
129.00,98227.00,"Swindon Stone","N",,"N",
129.00,98228.00,"Swithland Slate","N","Use both terms.","N",
129.00,98229.00,"SYENITE","Y","Hard, coarse grained, green to pink coloured igneous rock. Commonly used as a polished cladding.","P",
129.00,98233.00,"Taynton Stone","N",,"N",
129.00,98232.00,"TARMACADAM","Y","Road or paving material combining crushed stone, rolled and mixed with bitumen type mixer.","P",
129.00,98245.00,"Tintagel Stone","N",,"N",
129.00,98235.00,"TERRACOTTA","Y","Hard, unglazed, brown, versatile earthenware which can be used as a tile or moulded into statuary. Used in a structural or semi-structural context as a moulded hollow block.","P",
129.00,98236.00,"TERTIARY LIMESTONE","Y","Hard, fossil rich, white to deep red coloured limestone, laid down during the Tertiary period. Used since Roman times because of its good durability and weathering properties.","P",
129.00,98237.00,"TESSERA","Y","Squared block of glass, tile, stone or marble used in mosaic.","P",
129.00,98238.00,"TEXTILE","Y","A woven or bonded fabric or cloth. See TEXTILE Class List for narrow terms.","P",
129.00,98239.00,"THATCH","Y","Traditional roof covering consisting of materials such as reed, straw or heather layered and fastened together onto roof to form a run off to prevent water penetration.","P",
129.00,98240.00,"Thorverton Stone","N",,"N",
129.00,98241.00,"TILE","Y","Tablet of a uniform shape. Used as finishing or covering materials which fit together in a regular format.","P",
129.00,98242.00,"TIMBER","Y","Wood, cut and seasoned so forming or capable of forming any part of a structure. May be treated with preservative before use.","P",
129.00,98243.00,"TIN","Y","Malleable metal used for roofing and for alloys such as bronze.","P",
129.00,98244.00,"Tinos","N","Use both terms.","N",
129.00,98230.00,"Tadcaster Stone","N",,"N",
129.00,98309.00,"Yorkshire Flagstone","N",,"N",
129.00,98296.00,"Whitby Cement","N",,"N",
129.00,98297.00,"Whitby Stone","N",,"N",
129.00,98298.00,"WICHERT","Y","Cob type construction typical to Buckinghamshire using a local clay with a high chalk content to produce walls of notable inherent stability.","P",
129.00,98299.00,"Windy Hill Stone","N",,"N",
129.00,98300.00,"Winsley Ground","N",,"N",
129.00,98301.00,"WOOD","Y","Hard, compact, unprocessed, fibrous cellulose substance. The roots, trunks and branches of trees and shrubs consist of this tissue.","P",
129.00,98303.00,"WOODWOOL SLAB","Y","A sheet or board made from a mixture of thin strips of wood and cement which are bound together through compression within a mould. Woodwool slabs are used for roof or wall cladding, providing fire resistance, and heat and sound insulation.","P",
129.00,98305.00,"WROUGHT IRON","Y","The oldest form of iron, it is a tough, pure form of iron that can be fashioned into decorative items or shapes by hammering, squeezing or rolling.","P",
129.00,98306.00,"Yeovil Marble","N","Use both terms.","N",
129.00,98302.00,"Woodkirk Stone","N",,"N",
129.00,98308.00,"Yorkshire Delph","N",,"N",
129.00,98293.00,"WHINSTONE","Y","Northern quarryman's name for any fine grained, dark grey/black to green coloured igneous rock. Index with specific stone type where given.","P",
129.00,98310.00,"Yorkshire Freestone","N",,"N",
129.00,98311.00,"Yorkshire Stone","N",,"N",
129.00,98312.00,"ZINC","Y","A hard and lustrous metallic element, used for roofing, galvanising iron and a component of alloys such as brass.","P",
129.00,98201.00,"Spoutcrag","N",,"N",
129.00,98222.00,"Sussex Marble","N","Use both terms.","N",
129.00,100208.00,"Oolite","N",,"N",
129.00,102713.00,"GALVANIZED IRON","Y","Iron coated in zinc, giving good protection against weathering.","P",
129.00,102712.00,"GALVANIZED STEEL","Y","Steel coated in zinc, giving good protection against weathering.","P",
129.00,102689.00,"Marmo","N",,"N",
129.00,102688.00,"PORPHYRY","Y","Traditional term for any fine to medium grained igneous rock, containing large crystal fragments.","P",
129.00,98307.00,"YORK STONE","Y","Generic name for the fine grained, brown coloured carboniferous sandstone, quarried in the Leeds, Bradford and Halifax area.","P",
129.00,98283.00,"WEATHERING STEEL","Y","An alloy of steel.","P",
129.00,98271.00,"Vitrified Brick","N",,"N",
129.00,98272.00,"Volcanic Stone","N",,"N",
129.00,98273.00,"Volcanic Trap","N",,"N",
129.00,98274.00,"Walling Stone","N",,"N",
129.00,98275.00,"Waterholes Sandstone","N",,"N",
129.00,98276.00,"WATTLE","Y","Wooden rods or stakes which can be interlaced with twigs or branches to make walls or fences, or more commonly, to form the basis of panels in traditional timber framed buildings which are then covered with daub.","P",
129.00,98277.00,"Watts Cliff Stone","N",,"N",
129.00,98278.00,"Wattscliffe Stone","N",,"N",
129.00,98279.00,"Weald Stone","N",,"N",
129.00,98280.00,"WEALDEN STONE","Y","Fine grained, brown/yellow to dark grey coloured cretaceous sandstone. It is a particularly good freestone and was often used for ashlar finishes.","P",
129.00,98295.00,"Whitbed","N",,"N",
129.00,98282.00,"WEATHERBOARD","Y","Length of timber boarding (usually elm, now pine) fixed horizontally or vertically to the exterior of a structure which may be 'tongue and grooved' or 'feathered' to provide external protection.","P",
129.00,98294.00,"Whit Bed","N",,"N",
129.00,98284.00,"Weldon Stone","N",,"N",
129.00,98285.00,"Wellfield Stone","N",,"N",
129.00,98286.00,"WELSH SLATE","Y","Collective term for the North and South Wales groups of slate. Hard, fine grained, metamorphic rock, with varying dark shades.","P",
129.00,98287.00,"WEST COUNTRY SLATE","Y","Collective term for the slates from Devon and Cornwall. Hard, fine grained metamorphic rock. Varying in colour from dark grey/green to blueish/grey. West Country Slate is geologically different from both Lake District and Welsh Slate.","P",
129.00,98288.00,"Westmoorland Green","N",,"N",
129.00,98289.00,"Westmoorland Slate","N",,"N",
129.00,98290.00,"Westwood Stone","N",,"N",
129.00,98291.00,"Whatstandwell Stone","N",,"N",
129.00,98292.00,"Wheatley Stone","N",,"N",
129.00,98270.00,"Virgo Granite","N",,"N",
129.00,98281.00,"Weatherbed","N",,"N",
129.00,97962.00,"Hall Dale Stone","N",,"N",
129.00,97969.00,"Hardwhite","N",,"N",
129.00,97956.00,"GRITSTONE (LIMESTONE)","Y","Specific English quarryman's term for any limestone abundant in shell fragments. Use this term with care. When only Gritstone is mentioned, unless otherwise specified, assume it to be Gritstone (Sandstone), since this is the most common usage.","P",
129.00,97957.00,"GRITSTONE (SANDSTONE)","Y","Carboniferous sandstone varying in grain size from coarse to fine and in colour from white, yellow, pink to brown. When only Gritstone is mentioned, unless otherwise specified, assume it to be Gritstone (Sandstone), as this is the more common usage.","P",
129.00,97958.00,"Growan","N",,"N",
129.00,97959.00,"Guiting Stone","N",,"N",
129.00,97954.00,"Greyweathers","N",,"N",
129.00,97961.00,"Hailes Stone","N",,"N",
129.00,97953.00,"Grey Royal Granite","N",,"N",
129.00,97963.00,"HAM HILL STONE","Y","Shelly, gold/brown, coloured liassic limestone containing large quantities of crystalline calcite.","P",
129.00,97964.00,"Ham Stone","N",,"N",
129.00,97965.00,"Hard Rock","N",,"N",
129.00,97966.00,"Hard York","N",,"N",
129.00,97967.00,"Hard York Freestone","N","Use both terms.","N",
129.00,97869.00,"Culm Stone","N",,"N",
129.00,97960.00,"Hadene Stone","N",,"N",
129.00,97946.00,"Graphic Granite","N",,"N",
129.00,97939.00,"GLASS","Y","Transparent, hard substance made by fusing soda-silica which solidifies from a molten state.","P",
129.00,97940.00,"GNEISS","Y","Coarse grained, metamorphic rock in which the colour is dependent upon the predominant mineral.","P",
129.00,97941.00,"Godstone Stone","N",,"N",
129.00,97942.00,"GOLD","Y","A precious metal characterised by its yellow colour and resistance to tarnishing.","P",
129.00,97943.00,"GORSE","Y","A spiny evergreen shrub of the pea family which can be utilized as a roof covering in areas of its predominance, eg. heathland.","P",
129.00,97955.00,"Grinshill Stone","N",,"N",
129.00,97945.00,"Granolithic Concrete","N","Use both terms.","N",
129.00,97970.00,"Hartham Park Stone","N",,"N",
129.00,97947.00,"GRAVEL","Y","Grains of rock fragment larger than coarse sand and finer than pebbles (diameter 2-4mm).","P",
129.00,97948.00,"Green Brae Stone","N",,"N",
129.00,97949.00,"Green Ventnor Stone","N",,"N",
129.00,97950.00,"Greenmoor Stone","N",,"N",
129.00,97951.00,"Greensand Stone","N",,"N",
129.00,97952.00,"GREENSTONE","Y","Geologist's term for any dark coloured, slightly metamorphosed igneous rock. Index with specific stone type where given.","P",
129.00,97944.00,"GRANITE","Y","A hard, coarse grained, durable igneous rock. Can be used decoratively or as a main material. Found throughout the country.","P",
129.00,97994.00,"Isle Of Man Granite","N",,"N",
129.00,97968.00,"Hardboard","N",,"N",
129.00,97988.00,"Imitation Stone","N",,"N",
129.00,97989.00,"Imperial Mahogany","N",,"N",
129.00,97990.00,"Industrial Waste","N",,"N",
129.00,97991.00,"IONA MARBLE","Y","One of only three 'true' British marbles, pale green and white in colour.","P",
129.00,97986.00,"Huddlestone Stone","N",,"N",
129.00,97993.00,"IRONSTONE","Y","Collective name for any stone that has become impregnated with iron oxide. Index with specific stone type where given.","P",
129.00,97985.00,"Hovingham Stone","N",,"N",
129.00,97995.00,"Isle Of Wight Stone","N",,"N",
129.00,97996.00,"Istrian Stone","N","Use all terms.","N",
129.00,97997.00,"Italian Quartzite","N",,"N",
129.00,97998.00,"Jaune Lamartine","N",,"N",
129.00,97999.00,"JURASSIC LIMESTONE","Y","Limestone formed during the Jurassic period. Provides many widely used building stones.","P",
129.00,98000.00,"KEINTON STONE","Y","Hard, white/grey coloured liassic limestone. Quarried near Somerton in Somerset.","P",
129.00,97992.00,"IRON","Y","A malleable, ductile ferromagnetic metal widely used for structural and decorative purposes.","P",
129.00,97978.00,"Hollington Stone","N",,"N",
129.00,97971.00,"Hatherleigh Stone","N",,"N",
129.00,97972.00,"Hazlebury Stone","N",,"N",
129.00,97973.00,"Headington Stone","N",,"N",
129.00,97974.00,"HEATHER","Y","A dwarf shrub of the heath family used as an alternative to straw as a roof covering in moorland regions. Cut while in bloom and laid with the roots carefully entwined. The covering turns a characteristic black colour with age.","P",
129.00,97975.00,"Heathstone","N",,"N",
129.00,97987.00,"Hurdwick Stone","N",,"N",
129.00,97977.00,"HIGH TENSILE STEEL","Y","A strong alloy of steel.","P",
129.00,97934.00,"Gaisby Stone","N",,"N",
129.00,97979.00,"Hoptons Wood Stone","N",,"N",
129.00,97980.00,"HORNBLENDE","Y","Medium hard, green/black coloured. Found in many igneous and metamorphic rocks.","P",
129.00,97981.00,"Hornblende Granite","N",,"N",
129.00,97982.00,"HORNTON STONE","Y","Compact grained, brown/yellow/green/grey blue, coloured liassic limestone.","P",
129.00,97983.00,"Horsham Slab","N",,"N",
129.00,97984.00,"HORSHAM STONE","Y","Hard, fissile sandstone which weathers to a dark brown colour. Mainly used as a stone roofing material (stone slate) throughout Sussex and Surrey.","P",
129.00,97976.00,"Heavitree Stone","N",,"N",
129.00,97893.00,"Dolomitic Conglomerate","N","Use both terms.","N",
129.00,97938.00,"Ginger Bread Stone","N",,"N",
129.00,97887.00,"DEVONIAN LIMESTONE","Y","Limestone formed during the Devonian period, and found predominantly between the Exe and Tamar rivers in Devon. Varying in colour from black/grey to pink/white it was often polished to imitate, and be used as, marble.","P",
129.00,97888.00,"Diamanzite","N",,"N",
129.00,97889.00,"DIORITE","Y","Coarse grained, dark coloured, igneous rock.","P",
129.00,97890.00,"Doddington Stone","N",,"N",
129.00,97885.00,"Devon Marble","N","Use both terms.","N",
129.00,97892.00,"DOLOMITE","Y","Soft, often white, but may be transparent. Dolomite can be found on its own, but may also occur as a replacement mineral found in some rocks, particularly limestone, formed after action by magnesium-rich fluids.","P",
129.00,97884.00,"Devon Granite","N",,"N",
129.00,97894.00,"Doulting Stone","N",,"N",
129.00,97895.00,"Drewsteignston Stone","N",,"N",
129.00,97896.00,"Dukes Red Limestone","N",,"N",
129.00,97897.00,"Dundee Marble","N","Use both terms.","N",
129.00,97898.00,"Dundry Stone","N",,"N",
129.00,97899.00,"Dunhouse Stone","N",,"N",
129.00,97891.00,"DOLERITE","Y","Medium grained, intrusive, black or dark green coloured, igneous rock.","P",
129.00,97877.00,"Deepdale Fossil","N",,"N",
129.00,97870.00,"Cumberland Stone","N",,"N",
129.00,97871.00,"Darley Dale Stone","N",,"N",
129.00,97872.00,"Darney Stone","N",,"N",
129.00,97873.00,"DAUB","Y","Application of earth based plaster to a backing of lath or wattle used in internal or external walls. Composite mixture which may include clay soil, dung, straw, lime putty, sand or horsehair.","P",
129.00,97874.00,"Davie Blocks Stone","N",,"N",
129.00,97886.00,"Devon Slate","N",,"N",
129.00,97876.00,"DECORATIVE PLASTER","Y","Ornate or patterned decoration, carved into or moulded from plaster.","P",
129.00,97902.00,"EARTH","Y","Combination of organic and inorganic material cohered to form a hard solid wall or covering. Use for structures created by the excavation and piling up of earth, such as ice houses. Earth may be used in combination with other materials.","P",
129.00,97878.00,"Delabole Slate","N",,"N",
129.00,97879.00,"Delph Stone","N",,"N",
129.00,97880.00,"Derbydene","N",,"N",
129.00,97881.00,"Derbyshire Fossil","N",,"N",
129.00,97882.00,"Derbyshire Grit Stone","N",,"N",
129.00,97883.00,"Derbyshire Stone","N",,"N",
129.00,97875.00,"Deal","N",,"N",
129.00,97928.00,"FOREST STONE (LEICESTERSHIRE)","Y","Collective name for a series of rocks (granite, syenite, porphry and slate) found in the Charnwood Forest of Leicestershire. Index with specific stone type where given.","P",
129.00,97921.00,"FLINT","Y","Hard, durable, dark grey stone, the purest native form of silica, which can either be used decoratively or as a main material. Predominantly found in East Anglia and the South East.","P",
129.00,97922.00,"Flint Lime Brick","N",,"N",
129.00,97923.00,"FLUORITE","Y","Soft mineral, colour varying from black/purple to yellow/green. Commonly found as a mineral vein.","P",
129.00,97924.00,"Fluorspar","N",,"N",
129.00,97925.00,"Forest Marble","N","Use both terms.","N",
129.00,97900.00,"Dunleary Stone","N",,"N",
129.00,97927.00,"Forest Stone (Gloucestershire)","N",,"N",
129.00,97918.00,"FIBREGLASS","Y","Any material consisting of glass filaments woven into textiles, paper or board.","P",
129.00,97929.00,"FOSSIL","Y","The remains of living organisms preserved in stone over a long time period. This may be the internal or external moulds of, usually, the hard parts of an organism (shells, bones, etc.).","P",
129.00,97930.00,"Foxs Wood Rubble","N",,"N",
129.00,97931.00,"Freebed","N",,"N",
129.00,97932.00,"FREESTONE","Y","Stonemason's term for any easily worked sedimentary rock. Index with specific stone type where given.","P",
129.00,97933.00,"Frosterley Marble","N","Use both terms.","N",
129.00,98003.00,"KENTISH RAGSTONE","Y","Sandy, rough blue to green/grey coloured limestone. Quarried in Kent and widely used throughout the South East.","P",
129.00,97926.00,"Forest Of Dean Stone","N",,"N",
129.00,97910.00,"Empire Stone","N",,"N",
129.00,97937.00,"Gatton Stone","N",,"N",
129.00,97903.00,"EARTH MIX","N","Unbaked clays and/or soil material often mixed with, or performing the function of an aggregate or binder. See EARTH MIX Class List for narrow terms.","P",
129.00,97904.00,"Elland Edge Flagrock","N",,"N",
129.00,97905.00,"Elland Edge Stone","N",,"N",
129.00,97906.00,"ELM","Y","Deciduous wood from the native elm tree, commonly used for framing or cladding of lesser timber framed structures due to its poorer weathering qualities as compared to oak.","P",
129.00,97907.00,"Elterwater Slate","N",,"N",
129.00,97920.00,"Fletton Brick","N",,"N",
129.00,97909.00,"Ematita Granite","N",,"N",
129.00,97919.00,"FIRESTONE","Y","Soft sandstone stained by iron oxide often used in the Surrey area.","P",
129.00,97911.00,"ENCAUSTIC TILE","Y","Glazed and decorated, patterned earthenware tile combining different coloured clays which are inlaid and burnt in. Mainly used for flooring and external decoration.","P",
129.00,97913.00,"Fabric","N",,"N",
129.00,97915.00,"FELDSPAR","Y","Hard, often coloured, can be transparent. Found on its own as crystals and veins but also as a major constituent of all three geological rock types.","P",
129.00,97916.00,"FELT","Y","Fabric of fibrous materials consolidated by heat and mechanical action so that the fibres are matted together.","P",
129.00,97917.00,"FIBREBOARD","Y","A sheet formed from wood which has been separated into its fibrous elements and reconstituted under pressure. The natural fibres produce resins which act as adhesive, but often additional adhesives are used.","P",
129.00,97901.00,"Dunston Stone","N",,"N",
129.00,97908.00,"ELVAN","Y","Miner's term for fine grained, often light grey/fawn coloured porphyritic rocks. Commonly found in Devon and Cornwall.","P",
129.00,98091.00,"Pencaemaur Stone","N",,"N",
129.00,98067.00,"MOUNTSORREL GRANITE","Y","Very hard, rough medium/coarse grained, pink to grey coloured granite. Usually found and quarried in Leicestershire.","P",
129.00,98085.00,"Parian Marble","N",,"N",
129.00,98086.00,"Pavonazzo","N",,"N",
129.00,98087.00,"PEAT","Y","Part-decomposed vegetable matter formed under waterlogged conditions into a firm, brown deposit resembling soil. Used as a brick for infilling in timber framed walls.","P",
129.00,98088.00,"Peat Brick","N",,"N",
129.00,98083.00,"PARGETING","Y","External decorative plasterwork often incised or modelled with ornamental patterns. Usually applied to timber-framed houses, especially during 16th and 17th centuries.","P",
129.00,98090.00,"PEBBLEDASH","Y","A render with small washed stones added as aggregate. Popular in the early 20th century.","P",
129.00,98082.00,"PAPER","Y","Thin flexible sheets made from the pulp of wood or other fibrous matter.","P",
129.00,98092.00,"Penmon Limestone","N",,"N",
129.00,98093.00,"PENNANT STONE","Y","Hard, fine grained, blue/grey coloured sandstone. Quarried in South Wales and the Bristol area and commonly used, throughout the country, as a stone roofing material (stone slate).","P",
129.00,98094.00,"Pennon Marble","N","Use both terms.","N",
129.00,98095.00,"Penrhyn Slate","N",,"N",
129.00,98096.00,"Penrith Red Sandstone","N",,"N",
129.00,98097.00,"Penshaw Sandstone","N",,"N",
129.00,98089.00,"PEBBLE","Y","Rock fragment (diameter 4-64mm) larger than gravel and smaller than cobble, combined with other material e.g. flint, for decorative effect.","P",
129.00,98075.00,"OOLITIC LIMESTONE","Y","Limestone formed during the Jurassic period. Composed of ooliths, literally small rock particles with the appearance of fish roe.","P",
129.00,98001.00,"Kemnay Granite","N",,"N",
129.00,98069.00,"MUD","Y","Wet soil, sand or other earthy matter combined with ballast and bonded with straw or other binding material. Walls are built in the absence of shuttering by the simple process of pitching in layers.","P",
129.00,98070.00,"Mudstone","N",,"N",
129.00,98071.00,"Muscovite Granite","N",,"N",
129.00,98072.00,"Newham Stone","N",,"N",
129.00,98084.00,"Pargetting","N",,"N",
129.00,98074.00,"OAK","Y","A native hardwood of the Beech family with hard and durable characteristics which traditionally made it appropriate for structural work.","P",
129.00,98100.00,"Permian Sandstone","N",,"N",
129.00,98076.00,"Orton Scar Limestone","N",,"N",
129.00,98077.00,"Otta Slate","N",,"N",
129.00,98078.00,"Oxford Stone","N",,"N",
129.00,98079.00,"Painswick Stone","N",,"N",
129.00,98080.00,"PANEL BOARD","Y","Large board used for covering the internal surfaces of a building, ie. floors, walls and ceilings. Some forms can be used as external cladding.","P",
129.00,98081.00,"PANTILE","Y","Curved, interlocking roof tile of S-shaped section usually made of clay or concrete.","P",
129.00,98073.00,"Northamptonshire Stone","N",,"N",
129.00,98125.00,"Prudham Stone","N",,"N",
129.00,98117.00,"POLYCARBONATE","Y","Very tough transparent sheeting often used for security glazing.","P",
129.00,98118.00,"POLYPHANT","Y","Compact, grey/green/brown/white-speckled coloured igneous rock, peculiar to Cornwall. It is easy to carve and readily takes a polish, hence its similarity to British marbles.","P",
129.00,98119.00,"POLYVINYL CHLORIDE","Y","A type of thermoplastic polymer which is versatile and cheap, often referred to as PVC. This includes plasticized PVC and unplasticized PVC (uPVC).","P",
129.00,98121.00,"PORTLAND CEMENT","Y","A form of cement originally named since it was said to be like Portland Stone in appearance.","P",
129.00,98122.00,"Portland Roach","N",,"N",
129.00,98098.00,"Pentelic Marble","N",,"N",
129.00,98124.00,"PRESTRESSED CONCRETE","Y","Concrete, containing bars or wires, which is compressed to greatly increase its strength.","P",
129.00,98114.00,"Plymouth Limestone","N",,"N",
129.00,98126.00,"PUDDINGSTONE","Y","Conglomerate consisting of rounded flint pebbles held together in a natural silica and sand cement.","P",
129.00,98127.00,"Pulborough Stone","N",,"N",
129.00,98128.00,"PULHAMITE STONE","Y","A patented manmade rock invented by James Pulham and Son of Broxbourne. Pulhamite was used to join natural rocks together or crafted to simulate natural stone features. It is an artificial form of sandstone.","P",
129.00,98129.00,"Purbeck Marble","N","Use both terms.","N",
129.00,98203.00,"Spynie Stone","N",,"N",
129.00,98221.00,"Stucco Lustro","N",,"N",
129.00,98123.00,"PORTLAND STONE","Y","Fine to coarse grained, cream to green/grey coloured oolitic limestone. Quarried since Roman times, it is one of Britain's best building stones, hence its use throughout the country.","P",
129.00,98108.00,"Pise De Terre","N",,"N",
129.00,98066.00,"Mount Sorrel Granite","N",,"N",
129.00,98101.00,"PETERHEAD GRANITE","Y","Coarse grained, dark coloured granite, quarried in the Peterhead and Cairngall areas of Scotland, but used throughout the North.","P",
129.00,98102.00,"Petworth Marble","N","Use both terms.","N",
129.00,98103.00,"Pillaguri Slate","N",,"N",
129.00,98104.00,"PINE","Y","Wood of a coniferous tree native to Scotland and Scandinavia.","P",
129.00,98105.00,"Pink Granite","N",,"N",
129.00,98116.00,"PLYWOOD","Y","Thin layers of wood, bonded together to form a structural board. The grain of the adjacent layers lie across one another to give structural strength. Produced since mid 19th century for use in interior joinery, since 1930's for exterior use.","P",
129.00,98107.00,"PISE","Y","Rammed earth or clay of a low moisture content used to make floors or walls, or found between shuttering.","P",
129.00,98115.00,"Plymouth Stone","N",,"N",
129.00,98109.00,"PLANT","Y","Any tree, shrub or herb of cellulose form, normally subsisting in soil and producing its food through photosynthesis.","P",
129.00,98110.00,"PLASTER","Y","Lime plaster, consisting of lime and sand, is the oldest type of render. Applied externally to walls or onto laths for infill panels and usually limewashed.","P",
129.00,98111.00,"PLASTIC","Y","Any of large class of polymers based on synthetic resins or modified natural polymers which may be moulded, extruded or cast while soft or liquid, which then set rigidly or slightly elastic in form.","P",
129.00,98112.00,"Plymax","N",,"N",
129.00,98113.00,"PLYMETAL","Y","Structural board comprising a core of thin layers of wood bonded together, which is faced on one or both sides with a sheet of metal, usually galvanised steel or aluminium. Mainly used for external wall cladding.","P",
129.00,98099.00,"Pentewan Stone","N",,"N",
129.00,98106.00,"Pink Verona Marble","N","Use both terms.","N",
129.00,98026.00,"LIME","Y","Calcium Oxide obtained by heating limestone in a kiln. Used as a constituent of modern mortar, or as slaked (non-hydraulic) lime in lime putty, daub, limewash and traditional lime plaster, mortar and renders.","P",
129.00,98068.00,"Mountsorrel Stone","N",,"N",
129.00,98020.00,"Laughton Stone","N",,"N",
129.00,98021.00,"Lazonby Red Sandstone","N",,"N",
129.00,98022.00,"LEAD","Y","Metal used primarily for roof coverings and window fittings. It is easy to work, can be worked cold and does not rust which makes it suitable for holding or repelling water.","P",
129.00,98023.00,"LEATHER","Y","Animal skin that has been hardened or treated by a tanning process.","P",
129.00,98018.00,"LATH","Y","Narrow strips of wood which can form the groundwork for slates, panels or plaster work.","P",
129.00,98025.00,"LIGHTWEIGHT CONCRETE","Y","A concrete which is either aerated or made from lightweight aggregate.","P",
129.00,98017.00,"Large Paludina Marble","N","Use both terms.","N",
129.00,98027.00,"Lime Mortar","N","Use both terms.","N",
129.00,98028.00,"LIMESTONE","Y","Sedimentary rock consisting mainly of calcium carbonate. Varying in grain size, colour and hardness, quarried and used throughout the country.","P",
129.00,98029.00,"LINCOLNSHIRE LIMESTONE","Y","Generic term for the oolitic limestones quarried in Northamptonshire, Lincolnshire and Rutland. Varying in grain size from medium to coarse, and colour from cream to pale brown.","P",
129.00,98030.00,"Locharbriggs Stone","N",,"N",
129.00,98031.00,"LONG STRAW","Y","Composed of loose uncombed lengths of harvested wheat which are formed into bundles for laying. Distinctive appearance with both ears and butts visible on the surface traditionally using hazel spars which hold the straw in place.","P",
129.00,98032.00,"Longford Rustic Slate","N",,"N",
129.00,98024.00,"LIAS","Y","Collective term for the building limestones formed during the Lower Jurassic period.","P",
129.00,98010.00,"Knapped Chert","N",,"N",
129.00,97912.00,"ENGINEERING BRICK","Y","A dense, high strength, low absorption brick of uniform size, employed predominantly in industrial structures such as railway viaducts.","P",
129.00,98004.00,"Kerridge Stone","N",,"N",
129.00,98005.00,"Ketton Stone","N",,"N",
129.00,98006.00,"Keuper Stone","N",,"N",
129.00,98007.00,"KILLAS","Y","Cornish miner's term for slates formed during the Carboniferous and Devonian periods.","P",
129.00,98019.00,"Laughton Marble","N","Use both terms.","N",
129.00,98009.00,"Kirkstone Green","N",,"N",
129.00,98035.00,"Madreperla","N",,"N",
129.00,98011.00,"Knapped Flint","N",,"N",
129.00,98012.00,"Ladycross Stone","N",,"N",
129.00,98013.00,"LAKE DISTRICT SLATE","Y","Collective term for the Burlington (Silurian period) and Borrowdale (Ordovician period) groups of slates from the Lake District and parts of Cumbria, Lancashire. Hard, fine grained metamorphic rock, varying in colour from green/olive to black/blue black.","P",
129.00,98014.00,"Lakeland Green","N",,"N",
129.00,98015.00,"Lane Head Stone","N",,"N",
129.00,98016.00,"Langton Freestone","N","Use both terms.","N",
129.00,98008.00,"Killerton Stone","N",,"N",
129.00,98059.00,"Monks Park Stone","N",,"N",
129.00,98052.00,"Merstham Stone","N",,"N",
129.00,98053.00,"METAL","Y","Class of elements and alloys that are characteristically lustrous,ductile, fusible and malleable. These are extracted from ore minerals originally existing in nature and processed before becoming a recognisable metal. See METAL Class List for narrow terms","P",
129.00,98054.00,"Metamorphic Stone","N",,"N",
129.00,98055.00,"Midhurst Stone","N",,"N",
129.00,98056.00,"Mill Hill Slate","N",,"N",
129.00,98033.00,"Lower Greensand","N",,"N",
129.00,98058.00,"MINERAL","N","Natural inorganic substance possessing a definite chemical composition in a crystalline form. See MINERAL Class Listnfor narrow terms.","P",
129.00,98049.00,"Medium Board","N",,"N",
129.00,98060.00,"Moolham Stone","N",,"N",
129.00,98061.00,"MOORSTONE","Y","Stonemason's name for granite found lying upon the moorland surface, as opposed to having been quarried, in the West Country and the Lake District. Used, as found, since prehistoric times, in later years was often dressed and shaped.","P",
129.00,98062.00,"MORTAR","Y","A mixture of lime or more recently cement with sand and water used for bonding stones or bricks.","P",
129.00,98063.00,"Mosaic","N",,"N",
129.00,98064.00,"Moss Rigg Slate","N",,"N",
129.00,98065.00,"Moulton Stone","N",,"N",
129.00,98057.00,"Millstone Grit","N",,"N",
129.00,98043.00,"Mansfield Woodhouse Stone","N",,"N",
129.00,98002.00,"Kentish Rag","N",,"N",
129.00,98036.00,"MAGNESIAN LIMESTONE","Y","Permian limestones which have had their chemical composition naturally altered with the calcium content being replaced by magnesium. Fine grained and varying from yellow/brown to cream in colour, although they weather to a dark grey.","P",
129.00,98037.00,"MAJOLICA","Y","Fine earthenware with raised patterns of coloured decoration in the form of an enamel or coloured opaque glaze. Use for decorative wall facings.","P",
129.00,98038.00,"Malm (Brick)","N",,"N",
129.00,98039.00,"Malm (Stone)","N",,"N",
129.00,98040.00,"MALMSTONE","Y","A soft, grey to white coloured, sandstone formed during the Cretaceous period, whose sand grains are cemented together with lime.","P",
129.00,98051.00,"Membury Stone","N",,"N",
129.00,98042.00,"Mansfield Stone","N",,"N",
129.00,98050.00,"Medium Density Fibreboard","N",,"N",
129.00,98044.00,"MARBLE","Y","Collective name for, in a true geological sense, a metamorphosed limestone, eg. Carrara marble, and, in the British sense any decorative stone that will take a polish, eg. Purbeck marble. In the latter's case index with specific stone type where given.","P",
129.00,98045.00,"MARLSTONE","Y","Fine grained, iron rich, liassic limestone, found in Dorset, Somerset, Oxfordshire, Northamptonshire, Leicestershire and Rutland.","P",
129.00,98046.00,"MATERIAL <BY FORM>","N","A raw material determined by its form or a finished product material characterised by its end shape or form. See MATERIAL <BY FORM> Class List for narrow terms.","P",
129.00,98047.00,"MATHEMATICAL TILE","Y","Tile nailed externally to a wall and usually laid in mortar designed to present a brick-like appearance.","P",
129.00,98048.00,"Matlock Stone","N",,"N",
129.00,98034.00,"Lyddite","N",,"N",
129.00,98041.00,"MAN MADE MATERIAL","N","A material or combination of materials manufactured by human effort, or fashioned into shape by man or a man made industrial process (excluding metal). See MAN MADE MATERIAL Class List for narrow terms.","P",
129.00,98132.00,"Quarr Stone","N",,"N",
129.00,98156.00,"ROMAN CEMENT","Y","Technically a quick setting hydraulic cement or lime,but term has been adapted to denote cement made from burning lumps of marl found in London clay,a technique adopted for C19th building work. Name not intended to denote a relationship with Roman period","P",
129.00,98138.00,"RAGSTONE","Y","Stonemason's term for any coarse/hard stone that is not easily worked. Index with specific stone type where given. Not to be confused with Kentish Ragstone.","P",
129.00,98137.00,"Rag Slate","N",,"N",
129.00,97914.00,"FAIENCE","Y","Solid masonry slabs (tiles) of terracotta which are usually used as a cladding by bedding in concrete. Faience also refers to decorative glazed units.","P",
129.00,98135.00,"Raddon Stone","N",,"N",
129.00,98140.00,"Rainow Stone","N",,"N",
129.00,98133.00,"QUARTZ","Y","Hard, transparent, often coloured mineral. Can be found on its own as crystals and veins but also as a major constituent of rocks such as granite. Often used decoratively.","P",
129.00,98141.00,"Rassau Stone","N",,"N",
129.00,98131.00,"PURBECK STONE","Y","Collective name for the oolitic limestone quarried in the Isle of Purbeck region, geologically classified into two main groups. Firstly, a fine grained whitish variety, Purbeck Portland, secondly a fossil-rich cream/gold to grey variety, Swanage Stone etc","P",
129.00,98130.00,"Purbeck Portland","N",,"N",
129.00,97704.00,"ALABASTER","Y","Fine grained, whitish, granular variety of Gypsum. Suitable for carving.","P",
129.00,97705.00,"Alps Grey Granite","N",,"N",
129.00,97706.00,"Alta Quartzite","N",,"N",
129.00,97707.00,"Altazite","N",,"N",
129.00,97868.00,"Culm Measures Stone","N",,"N",
129.00,98148.00,"RESIDUE","Y","By-product or waste, resulting from an industrial process.","P",
129.00,97741.00,"BEMBRIDGE LIMESTONE","Y","Generic name for the hard, white/cream coloured, freshwater limestone. Quarried on the Isle of Wight.","P",
129.00,98154.00,"Roach Stone","N",,"N",
129.00,98153.00,"Riven Slate","N",,"N",
129.00,98152.00,"Ringby Stone","N",,"N",
129.00,98151.00,"Ridgeway Stone","N",,"N",
129.00,98139.00,"Rainhill Stone","N",,"N",
129.00,98149.00,"Revidge Grit","N",,"N",
129.00,97710.00,"Ammonite","N",,"N",
129.00,98147.00,"RENDER","Y","A general term for the weatherproof coat on the external walls of a building.","P",
129.00,98146.00,"Rembrandt Stone","N",,"N",
129.00,98145.00,"REINFORCED CONCRETE","Y","Aggregate, cement and mortar combined with structural elements of iron or steel mesh or rod reinforcement to form stonelike masses for load bearing, structural building work.","P",
129.00,98144.00,"REIGATE STONE","Y","Soft, medium grained, green/grey coloured, highly calcareous, cretaceous sandstone. Mined (more frequently than quarried) since pre-Norman times from the Reigate area of Surrey.","P",
129.00,98143.00,"REED","Y","The tall, straight stalks or stems formed by plants found in the wetland areas, particularly The Fens. Used as a roofing material, the reed is laid with the ends forming the exposed covering surface.","P",
129.00,98142.00,"Red Wilderness Stone","N",,"N",
129.00,98150.00,"RHYOLITE","Y","Fine grained, acidic, light-grey/white/ brown/red-coloured igneous rock.","P",
129.00,97734.00,"BASALT","Y","Basic, black coloured, fine grained, igneous rock.","P",
129.00,97727.00,"Ballachulish Slate","N",,"N",
129.00,97728.00,"Balmoral Granite","N",,"N",
129.00,97729.00,"BAMBOO","Y","Tropical giant grass with hollow stem used structurally or as a covering material.","P",
129.00,97730.00,"Bardiglio Marble","N",,"N",
129.00,97731.00,"BARGATE STONE","Y","Hard, coarse grained, calcareous sandstone, coloured by iron oxide. Quarried in the Guildford and Godalming area of the South East.","P",
129.00,97708.00,"ALUMINIUM","Y","Lightweight, strong metal with good corrosive resistance, normally used as an alloy.","P",
129.00,97733.00,"Barnack Stone","N",,"N",
129.00,97724.00,"Auchinlea Stone","N",,"N",
129.00,97735.00,"Base Bed","N",,"N",
129.00,97736.00,"Basebed","N",,"N",
129.00,97737.00,"BATH STONE","Y","Even grained, poorly fossiliferous, light brown/cream coloured, oolitic limestone. Quarried in the Bath area.","P",
129.00,97738.00,"Battscombe Stone","N",,"N",
129.00,97739.00,"Baveno Granite","N",,"N",
129.00,97740.00,"BEER STONE","Y","Coarse, hard Chalkstone, light grey to white coloured, containing shell fragments.","P",
129.00,97732.00,"Barge Quartzite","N",,"N",
129.00,97718.00,"ARTIFICIAL TIMBER","Y","Synthetic fibres and reconstituted materials imitating, or in the form of, timber created by a man-made process. Use carefully - do not confuse with mock and sham timber work.","P",
129.00,98157.00,"ROMAN TILE","Y","Single lap regular shaped roof covering which can have one or more water channels. Typically made of clay or concrete. The name does not denote a relationship with the Roman period.","P",
129.00,97711.00,"Ancaster Stone","N",,"N",
129.00,97712.00,"ANIMAL","N","Pertaining to or deriving from a living organism. See ANIMAL Class list for narrow terms.","P",
129.00,97713.00,"ANODIZED ALUMINIUM","Y","Aluminium coated by a protective film of oxides created by electrolysis.","P",
129.00,97714.00,"Anston Stone","N",,"N",
129.00,97715.00,"Arabescato Marble","N",,"N",
129.00,97726.00,"BAKELITE","Y","An early thermosetting plastic commonly used for its properties of electrical insulation.","P",
129.00,97717.00,"ARTIFICIAL STONE","Y","Synthetically manufactured stone made from natural stone aggregate or reconstituted ceramics or clay, and made to appear natural. Used as solid stone for masonry or for sculptural and architectural ornament.","P",
129.00,97725.00,"Australian Marble","N",,"N",
129.00,97719.00,"ASBESTOS","Y","A mineral crystal of thin, tough fibres which can be woven. Used for high temperature insulation or as reinforcement in asbestos cement building board and corrugated roofing. If used to imitate slate, use artificial slate also.","P",
129.00,97720.00,"Asbestos Slate","N",,"N",
129.00,97721.00,"Ashburton Marble","N","Use both terms.","N",
129.00,97722.00,"ASHLAR","Y","A square, hewn or worked, high class freestone which can be 'freely' cut and is laid in horizontal courses with vertical joints.","P",
129.00,97723.00,"ASPHALT","Y","Solid or viscous bituminous pitch of natural occurrence,or produced from petroleum mixed with sand or other aggregate filler, for use in roads or as a covering material","P",
129.00,97709.00,"Amberley Stone","N",,"N",
129.00,97716.00,"ARTIFICIAL SLATE","Y","A rectangular sheet of roofing material created by a man made process (eg. asbestos cement slate) and made to look like, and used in the same way as, natural slate.","P",
129.00,98197.00,"SOLAR CONTROL GLASS","Y","Glass to control or reduce the effects of the sun, includes both reflective and absorpative types of glass.","P",
129.00,98155.00,"Roche Abbey Stone","N",,"N",
129.00,97702.00,"ABERDEEN GRANITE","Y","Medium grained, dark bluish-grey stone. Quarried mainly from the Rubislaw Quarry.","P",
129.00,98202.00,"Springwell Stone","N",,"N",
129.00,97703.00,"Adamelite","N",,"N",
129.00,98200.00,"Spinkwell Stone","N",,"N",
129.00,98205.00,"St Bees Stone","N",,"N",
129.00,98198.00,"Soudley Stone","N",,"N",
129.00,98206.00,"St Boniface Stone","N",,"N",
129.00,98196.00,"Small Paludina Marble","N","Use both terms.","N",
129.00,98195.00,"SLURRY","Y","Cement/water mix often used as covering. Use this for entries including slurrying and slurried.","P",
129.00,98194.00,"SLATE","Y","Collective term for a hard, fine grained, dark coloured metamorphic rock, which splits easily; hence its common use as a roofing and flooring material, and a functional description for any rectangular, sheet, roofing material.","P",
129.00,98193.00,"SLAG","Y","Waste material or dross separated from metals during smelting or refining.","P",
129.00,98192.00,"Skyros Marble","N",,"N",
129.00,98191.00,"SKYE MARBLE","Y","One of only three 'true' British marbles, white in colour, predominantly used for sculptures and statues.","P",
129.00,98199.00,"SPANISH TILE","Y","Single lap roof covering made of clay. Half cylinder in profile although one end is slightly wider than the other. A Spanish tile roof covering comprises under-tiles and over-tiles, the two have the same shape, but the under-tile is slightly larger.","P",
129.00,98213.00,"STEEL","Y","An alloy of iron and carbon, its strength makes it suitable for load bearing purposes. It is primarily used in structural steelwork and concrete reinforcement.","P",
129.00,98220.00,"STUCCO","Y","Smooth rendering applied to the exterior of buildings which may be incised to suggest coursed masonry. Made of lime and sand or brick dust, and more recently, cement.","P",
129.00,98219.00,"STRAW","Y","Roofing material consisting of stems or stalks of wheat, rye, oats or barley separated from grain and laid flat in 'yealms' which form an overlapping surface which sheds water.","P",
129.00,98218.00,"Stowey Stone","N",,"N",
129.00,98217.00,"Stonesfield Slate","N",,"N",
129.00,98216.00,"STONE","Y","Rock of definite form and size, usually artificially shaped. See STONE CLass List for narrow terms.","P",
129.00,98204.00,"St Aldhelm Stone","N",,"N",
129.00,98214.00,"Steetly Stone","N",,"N",
129.00,98188.00,"SILTSTONE","Y","Fine grained, yellow/buff to grey/black coloured sedimentary rock.","P",
129.00,98212.00,"Stanway Stone","N",,"N",
129.00,98211.00,"Stancliffe Stone","N",,"N",
129.00,98210.00,"Stamford Stone","N",,"N",
129.00,98209.00,"Stainton Stone","N",,"N",
129.00,98208.00,"Stainless Steel","N",,"N",
129.00,98207.00,"Staffordshire Blue Brick","N",,"N",
129.00,98215.00,"Stoke Ground Stone","N",,"N",
129.00,98164.00,"RUBBER","Y","Flexible, synthetic, polymeric organic material formed by chemical synthesis usually in imitation of a natural substance. It can be moulded to shape, extruded or formed into a sheet from solid or foam material.","P",
129.00,98171.00,"SANDSTONE","Y","Geologically sandstone consists of particles of quartz naturally cemented together by either silica, calcium or iron. It is this geological composition that accounts for the varying colours and grain sizes found in the many building sandstones.","P",
129.00,98170.00,"SAND","Y","Granular material consisting of small eroded fragments of rock or mineral grains, finer than gravel used as an ingredient in mortar and other traditional building materials.","P",
129.00,98169.00,"Salterwath","N",,"N",
129.00,98168.00,"Salcombe Stone","N",,"N",
129.00,98167.00,"Safari Quartzite","N",,"N",
129.00,98190.00,"Skiddaw Slate","N",,"N",
129.00,98165.00,"RUBBLE","Y","Rough, unhewn, undressed building stones with irregular faces, generally not laid in regular courses. Index with type of stone if specified.","P",
129.00,98174.00,"SCAGLIOLA","Y","Composite substance of plaster formed by gypsum, sand and lime and coloured with pigments, fixed under heat and highly polished. Used to imitate marble and popular in the 17th and 18th centuries for architectural features.","P",
129.00,98163.00,"Ruabon Brick","N","Use both terms.","N",
129.00,98162.00,"ROUGHCAST","Y","A render including an aggregate of gravel or stone chipping thrown rather than trowelled onto an external wall.","P",
129.00,98161.00,"Ross Of Mull Granite","N",,"N",
129.00,98160.00,"Rose Swede Granite","N",,"N",
129.00,98159.00,"Rose Brae Stone","N",,"N",
129.00,98158.00,"Roofing Felt","N",,"N",
129.00,98166.00,"Rubislaw Granite","N",,"N",
129.00,98180.00,"SEPTARIA","Y","Conglomerate consisting of nodules of calcium rich clay (marl). Used as a building stone from Roman times and as a key ingredient in Parker's Roman Cement, between 1796 and circa 1850.","P",
129.00,98134.00,"QUARTZITE","Y","Medium grained, hard, white/grey coloured stone consisting of quartz and often silica, produced by the metamorphosis of sandstone.","P",
129.00,98187.00,"Sicilian Marble","N",,"N",
129.00,98186.00,"SHINGLE","Y","Wooden roof tile (traditionally oak) which is riven or sawn from good quality timber to a regular size and used as a roof and/or wall covering. Index with type of wood if known.","P",
129.00,98185.00,"SHELL","Y","Hard, protective covering made largely of calcium salts secreted by soft bodied invertebrate animals.","P",
129.00,98184.00,"SHAP GRANITE","Y","Hard, coarse grained, grey to red/brown coloured granite. Used predominantly for tombstones becasuse of its ability to take a polish, but it is also in demand for underwater construction.","P",
129.00,98183.00,"SHALE","Y","Soft, very fine grained, dark coloured, sedimentary rock which splits easily.","P",
129.00,98172.00,"Sanfront Stone","N",,"N",
129.00,98181.00,"SERPENTINE","Y","Medium to coarse grained, green to dark red/black coloured igneous rock, mainly found on The Lizard, South West Cornwall. Due to its fragmentary structure, Serpentine is mainly used for decorative and ornamental purposes.","P",
129.00,98173.00,"SARSEN STONE","Y","Extremely hard, fine grained, grey to brown silica rich sandstone. It is often found on the surface of the South Downs and has been used, as found, since prehistoric times.","P",
129.00,98179.00,"SCOTTISH SLATE","Y","Collective term for the Scottish Slates including the Aberdeen/Baniff and Ballachulish/Easdale groups. Fine grained, varying in colour from brown to dark grey/blue. Geologically different from Lake District, Welsh and West Country groups of slate.","P",
129.00,98178.00,"Scottish Granite","N",,"N",
129.00,98177.00,"Scotch Slate","N",,"N",
129.00,98176.00,"Scotch Granite","N",,"N",
129.00,98175.00,"SCHIST","Y","Medium to coarse grained metamorphic rock, colour being determined by its dominant mineral. Often used for floor and wall cladding.","P",
129.00,98189.00,"SILVER","Y","A precious metal of lustrous white colour with great malleability and ductility.","P",
129.00,98182.00,"Serpentinite","N",,"N",
129.00,97829.00,"Clay Tile","N","Use both terms.","N",
129.00,97836.00,"COBBLE","Y","Naturally occurring glacial rock fragments (diameter 64-256mm) larger than pebble and smaller than boulder.","P",
129.00,97823.00,"Chinley Moor Stone","N",,"N",
129.00,97824.00,"Chudleigh Stone","N",,"N",
129.00,97825.00,"Cipollino Marble","N",,"N",
129.00,97826.00,"Clashach Stone","N",,"N",
129.00,97821.00,"CHERT","Y","A hard, silica rich rock, black or brown coloured, commonly found in nodular form.","P",
129.00,97828.00,"CLAY LUMP","Y","Large, moulded, unburnt blocks of clay type soil laid in a similar way to brick, but bedded in lime and clay 'mortar'. The walls produced are characteristically thinner than those of cob and pise.","P",
129.00,97820.00,"Cheddar Stone","N",,"N",
129.00,97830.00,"CLINKER","Y","Fused ash from furnaces used as aggregate.","P",
129.00,97831.00,"Clipsham Stone","N",,"N",
129.00,97832.00,"Clob","N",,"N",
129.00,97833.00,"CLUNCH","Y","A hard, gritty, grey/green coloured form of chalk.","P",
129.00,97834.00,"COADE STONE","Y","Durable artificial stone consisting of china clay, sand and finely ground stoneware cast from moulds and fired in a kiln. Commonly used for architectural ornament and facings.","P",
129.00,97805.00,"CAST IRON","Y","Dating from the 15th century, it is a hard alloy of iron and carbon, melted and shaped into various moulded forms.","P",
129.00,97827.00,"CLAY","Y","A fine grained earth which becomes more plastic when water is added and can be moulded and dried to make bricks, tile, pottery, etc.","P",
129.00,97813.00,"CERAMIC","Y","Designating or pertaining to hard, brittle substances produced by strong heating of clay.","P",
129.00,97806.00,"Casterton Stone","N",,"N",
129.00,97807.00,"Catacleuse","N",,"N",
129.00,97808.00,"CEDAR","Y","Durable wood from a non-native, evergreen conifer.","P",
129.00,97809.00,"CEMENT","Y","Originally obtained by burning limestone to produce quicklime. Now a fine grey powder made from a mixture of limestone and clay used with water and sand to make mortar or with water, sand and aggregate to make concrete.","P",
129.00,97810.00,"CEMENT MIX","N","A binder combined with various aggregates which sets and holds together into a mass which then hardens and gains strength.","P",
129.00,97822.00,"Chilmark Stone","N",,"N",
129.00,97812.00,"Cement Tile","N","Use both terms.","N",
129.00,97837.00,"Cobble Stone","N",,"N",
129.00,97814.00,"CHALK","Y","A soft, porous, white to light grey coloured limestone.","P",
129.00,97815.00,"Channel Isle Granite","N",,"N",
129.00,97816.00,"Charlbury Stone","N",,"N",
129.00,97817.00,"Charlwood Stone","N","Use both terms.","N",
129.00,97818.00,"Charnwood Stone","N",,"N",
129.00,97819.00,"Chatwell Stone","N",,"N",
129.00,97811.00,"Cement Render","N","Use both terms.","N",
129.00,97861.00,"Cosgrove Stone","N",,"N",
129.00,97835.00,"COB","Y","Walls composed of clay, earth, straw, lime and sand, mixed with water. Constructed without shutters in layers upon a stone or brick plinth and usually covered with protective limewash.","P",
129.00,97855.00,"Correnie Granite","N",,"N",
129.00,97856.00,"Corrugated Aluminium","N",,"N",
129.00,97857.00,"Corrugated Asbestos","N",,"N",
129.00,97858.00,"Corrugated Iron","N",,"N",
129.00,97853.00,"Cornish Rustic","N",,"N",
129.00,97860.00,"Corsham Stone","N",,"N",
129.00,97852.00,"Cornish Granite","N",,"N",
129.00,97862.00,"Cotswold Slate","N",,"N",
129.00,97863.00,"COTSWOLD STONE","Y","Sandy, light brown (cream to golden) coloured limestone, easily worked and readily available.","P",
129.00,97864.00,"Coxbench Sandstone","N",,"N",
129.00,97865.00,"Craigleith Stone","N",,"N",
129.00,97866.00,"CRETACEOUS LIMESTONE","Y","Limestone formed during the Cretaceous period.","P",
129.00,97867.00,"Crosland Hill Stone","N",,"N",
129.00,97859.00,"Corsehill Stone","N",,"N",
129.00,97845.00,"COPPER","Y","Metal used primarily for roofing and ornamental purposes, being lighter and stronger than lead.","P",
129.00,97838.00,"Collyweston Slate","N",,"N",
129.00,97839.00,"Combe Down Stone","N",,"N",
129.00,97840.00,"CONCRETE","Y","Composed of sand, stones or other aggregate and cement mixed with water which sets in a hard mass. The material is usually associated with modern building but was developed by Romans where cement was obtained from quicklime.","P",
129.00,97841.00,"Concrete Block","N",,"N",
129.00,97842.00,"Concrete Tile","N","Use both terms.","N",
129.00,97854.00,"Cornish Slate","N",,"N",
129.00,97844.00,"CONNEMARA MARBLE","Y","One of only three 'true' British marbles, green and white in colour, predominantly used in large public buildings.","P",
129.00,97846.00,"Cor Ten Steel","N",,"N",
129.00,97742.00,"Bembridge Stone","N",,"N",
129.00,97847.00,"Coral Rag Limestone","N",,"N",
129.00,98136.00,"Rag","N",,"N",
129.00,97849.00,"Corfe Stone","N",,"N",
129.00,97850.00,"CORK","Y","Buoyant, light material obtained from the cork tree.","P",
129.00,97851.00,"Cornbrash Limestone","N",,"N",
129.00,97843.00,"CONGLOMERATE","Y","Sedimentary rock consisting of rounded pebbles naturally cemented together.","P",
129.00,97768.00,"Bradford Stone","N",,"N",
129.00,97761.00,"Bolsover Moor","N",,"N",
129.00,97762.00,"Bolton Wood Stone","N",,"N",
129.00,97763.00,"Bon Accord Red Granite","N",,"N",
129.00,97764.00,"BONE","Y","Any of the pieces of hard tissue consisting largely of calcium phosphate that make up the skeleton of a vertebrate animal.","P",
129.00,97765.00,"Borrowdale Slate","N",,"N",
129.00,97775.00,"Breche Rose","N",,"N",
129.00,97767.00,"Box Rubblestone","N",,"N",
129.00,97758.00,"Blue Welsh Slate","N",,"N",
129.00,97769.00,"Bradstone","N",,"N",
129.00,97770.00,"Bramley Fall Stone","N",,"N",
129.00,97771.00,"Brandon Hill Grit Rubble","N",,"N",
129.00,97772.00,"BRASS","Y","Easily formed metal alloy composed of copper and zinc.","P",
129.00,97773.00,"Brathay Slate","N",,"N",
129.00,97774.00,"BRECCIA","Y","Sedimentary rock consisting of angular fragments naturally cemented together.","P",
129.00,97766.00,"Box Ground","N",,"N",
129.00,97750.00,"BITUMINOUS FELT","Y","A material made of felted fibres bonded by bitumen. Often used as a roofing material.","P",
129.00,97848.00,"Coralline Crag","N",,"N",
129.00,97744.00,"Bethersden Marble","N","Use both terms.","N",
129.00,97743.00,"Berwyn Slate","N",,"N",
129.00,97745.00,"Binstead Stone","N",,"N",
129.00,97746.00,"Biotite Granite","N",,"N",
129.00,97747.00,"Birchover Stone","N",,"N",
129.00,97760.00,"Bognor Rock","N",,"N",
129.00,97749.00,"BITUMEN","Y","A semi solid mixture of complex hydrocarbons derived from coal or petroleum. Used as a waterproof binder or protective coating.","P",
129.00,97759.00,"Bluestone","N",,"N",
129.00,97751.00,"Black Granite","N",,"N",
129.00,97752.00,"Bladon Cotswold Stone","N",,"N",
129.00,97753.00,"Blaxter Stone","N",,"N",
129.00,97755.00,"Blue Grey Slate","N",,"N",
129.00,97757.00,"Blue Peterhead Granite","N",,"N",
129.00,97756.00,"BLUE LIAS","Y","Hard white/grey coloured liassic limestone. Quarried on the Devon-Dorset border.","P",
129.00,97748.00,"Birshover Gritstone","N",,"N",
129.00,97800.00,"CARBONIFEROUS LIMESTONE","Y","Limestones formed during the Carboniferous period. Many are cut, polished and used as marble.","P",
129.00,97791.00,"Calcareous Spar","N",,"N",
129.00,97792.00,"Calverley Stone","N",,"N",
129.00,97793.00,"CAMPAN MARBLE","Y","White coloured marble. Imported from France.","P",
129.00,97794.00,"Campan Melange","N",,"N",
129.00,97795.00,"Campan Rose","N",,"N",
129.00,97790.00,"Caithness Flagstone","N",,"N",
129.00,97799.00,"Car Stone","N",,"N",
129.00,97796.00,"Campan Vert","N",,"N",
129.00,97801.00,"Cardeston Stone","N",,"N",
129.00,97802.00,"CARRARA MARBLE","Y","Imported Italian marble varying in colour from green, blue, purple to white.","P",
129.00,97803.00,"CARSTONE","Y","Coarse hard sandstone often coloured with iron oxide creating its characteristic brown shades.","P",
129.00,97804.00,"Cary Stone","N",,"N",
129.00,97776.00,"BREEZE BLOCK","Y","Lightweight building block traditionally made with coke breeze from gas works combined with sand and cement. Use this term generally to denote a light, modern concrete building block with man made characteristics.","P",
129.00,97754.00,"Bletchingdon Marble","N","Use both terms.","N",
129.00,97797.00,"Campden Stone","N",,"N",
129.00,97784.00,"Burlington Slate","N",,"N",
129.00,97777.00,"BRICK","Y","Standard rectangular block or tablet bonded on mortar joints in a regular arrangement or pattern for strength or decoration. Made from clay or brick earth which may contain varying quantities of chalk, lime or iron oxide which effect colour or density.","P",
129.00,97778.00,"Britannia Stone","N",,"N",
129.00,97798.00,"CANVAS","Y","An unbleached cloth of hemp, flax or other coarse yarn.","P",
129.00,97789.00,"Caerbwdy Stone","N",,"N",
129.00,97780.00,"Broughton Moor Slate","N",,"N",
129.00,97781.00,"Bunter Stone","N",,"N",
129.00,97782.00,"Burgate Stone","N",,"N",
129.00,97783.00,"Burlington Blue Grey","N",,"N",
129.00,97779.00,"BRONZE","Y","Hard, corrosive resistant alloy of copper and tin.","P",
129.00,97785.00,"Bursting Stone","N",,"N",
129.00,97786.00,"Burwell Stone","N",,"N",
129.00,97787.00,"Buttermere Slate","N",,"N",
129.00,97788.00,"CAEN STONE","Y","Fine grained limestone, yellow or yellow/white in colour. Imported from France, mainly for ecclesiastical use.","P",
129.00,140462.00,"Galvanised Steel","N",,"N",
129.00,126913.00,"SEAWEED","Y","Multicellular marine alga, which grows on the seashore, in salt marshes, in brackish water or submerged in the ocean.","P",
129.00,140458.00,"DOUBLE ROMAN TILE","Y","A large rectangle roof tile with an upstand on one side, a roll in the centre and another roll on the other side, which fits over the upstand of the adjacent tile. The name does not denote a relationship with the Roman period.","P",
129.00,140459.00,"ETHYLTETRAFLUOROETHYLENE FOIL","Y","Extremely thin foil made out of ethyltetraflouroethylene, a modified copolymer which is extruded into a thin film and which is related to Teflon. It has a very high level of light transmission in visible and ultra violet range. Used instead of glass.","P",
129.00,140461.00,"Galvanised Iron","N",,"N",
129.00,140463.00,"Single Roman Tile","N",,"N",
129.00,140464.00,"GRASS","Y","Ground-covering herbage, some varieties of which can be used, especially when dried and in large quantities, as a construction material.","P",
129.00,139350.00,"Greenslate","N",,"N",
129.00,140228.00,"TUFF","Y","A light porous cellular rock, consisting of consolidated volcanic ash ejected from vents during a volcanic eruption.","P",
129.00,139757.00,"COMBED WHEAT REED","Y","A form of thatching straw composed of stems that have been combed mechanically to remove grain and extraneous waste material without crushing the stem.","P",
129.00,139758.00,"Water Reed","N",,"N",
129.00,140460.00,"Efte Foil","N",,"N",
129.00,140229.00,"MARL","Y","A mixed earthy substance consisting principally of clay mixed with calcium carbonate and sand in very variable proportions.","P",
129.00,141983.00,"Thermalite","N",,"N",
129.00,143498.00,"PAINTED PLASTER","Y","Plaster which has been painted either for decorative purposes or to protect it.","P",
129.00,143234.00,"SHEET LEAD","Y","Lead which has been rolled into a sheet and often used as a roof covering.","P",
129.00,142988.00,"BRICKEARTH","Y","An unconsolidated geological deposit sometimes iused as a bonding material in stone walls.","P",
129.00,143499.00,"Painted Wall Plaster","N",,"N",
129.00,163249.00,"Bungeroosh","N",,"N",
129.00,164108.00,"HERTFORDSHIRE PUDDINGSTONE","Y","A conglomerate rock comprising well rounded flint pebbles in a very hard matrix of fine pale coloured sand, bound together by hard natural silica cement. The pebbles are usually coloured ochre or red and have black rims.","P",
129.00,163248.00,"BUNGAROOSH","Y","Composed of a wide variety of substances and materials such as whole or broken bricks, cobblestones, flints, pebbles and sand which are set into hydraulic lime. Used most often to form external walls and is commonly found in the Brighton/Lewes region.","P",
129.00,169981.00,"TRIPLE ROMAN TILE","Y","A large rectangle roof tile in the form of an upstand on one side followed by three rolls, the last of which fits over the upstand of the adjacent tile. The name does not denote a relationship with the Roman period.","P",
