"CLA_GR_UID","THE_TE_UID","TERM","INDEX_TERM","SCOPE_NOTE","STATUS","IMAGE_EXISTS"
547.00,139578.00,"ADVISORY DESIGNATION NOTIFICATION","Y","The contents of these documents do not confer any statutory designation on the monuments listed, they are purely advisory notifications for use within preserving the historic environment.","P",
547.00,138824.00,"COLOUR TRANSPARENCY","Y","A positive colour image on film which can be projected onto a screen when light is shone through it.","P",
547.00,139571.00,"PROJECT BRIEF","Y","An outline of the circumstances to be addressed, with an indication of the scope of work which will be required (English term)","P",
547.00,139572.00,"PROJECT OUTLINE","Y","An outline of the circumstances to be addressed, with an indication of the scope of work which will be required (Scottish term)","P",
547.00,139573.00,"PROJECT SPECIFICATION","Y","A schedule of work in sufficient detail for it to be quantifiable, implemented and monitored.","P",
547.00,139574.00,"PROJECT DESIGN","Y","A schedule of work set out in sufficient detail for it to be quantifiable, implemented and monitored. Can include contractual details relevant to the commissioning body. A project design may be a research proposal independent of the planning framework","P",
547.00,139575.00,"GEOPHYSICAL SURVEY REPORT","Y","A report that primarily details the results of a survey that was conducted using remote sensing techniques such as resistivity and magnetometry.","P",
547.00,139577.00,"STATUTORY DESIGNATION NOTIFICATION","Y","This class of documents confers statutory designation on the monuments listed within them. It usually is restricted to legally defined national or local notifications of designation.","P",
547.00,139580.00,"SCHEDULED MONUMENT NOTIFICATION","Y","Any notification, update or amendment relating to the scheduling of a monument. Usually includes description and a map showing the limit of the scheduling. It confers a statutory status and receipt is an acknowledgement of the scheduling.","P",
547.00,139581.00,"BATTLEFIELDS REGISTER","Y","A list of English battlefields maintained by English Heritage. Inclusion in the document does not confer any statutory status. It lists and records the details of battlefields to preserve their nature and survival.","P",
547.00,139582.00,"REGISTER OF PARKS AND GARDENS","Y","A register which including sites retaining any evidence of pre-1750 layouts; significant evidence of pre-1820 layouts; good examples of the best gardens from 1820 to 1880; are good examples of the best gardens laid out after 1880 but before 1970.","P",
547.00,139583.00,"LIST OF BUILDINGS","Y","A list of buildings of special architectural or historic interest. This list confers a statutory level of protection status to the buildings contained within it and usually includes a description of each building.","P",
547.00,139576.00,"OFFICIAL DESIGNATION NOTIFICATION","Y","This term is appropriate to official notifications of a monument or area whether they are statutory or purely advisory. Where possible the specific document type should be indexed for example Scheduled Monument Notification.","P",
547.00,138756.00,"PUBLICATION","Y","General term for documents that have been produced in large numbers for public sale or distribution.","P",
547.00,138826.00,"COLOUR NEGATIVE","Y","A photographic frame of developed colour film which can be used to print a photographic image.","P",
547.00,138739.00,"SKETCH PLAN","Y","A plan of a feature or small area generally done in the field to quickly record the main features.","P",
547.00,138740.00,"DRAWING","Y","A manually produced image for illustration or record purposes.","P",
547.00,138741.00,"SKETCH","Y","A drawing, often made in the field as the basis for later work, or to quickly convey important information.","P",
547.00,138742.00,"ENGRAVING","Y","An image produced by creating marks on a hard material from which a print is then taken.","P",
547.00,138744.00,"PAINTING","Y","An image created manually using paint or pigments, to record, illustrate or convey impressions.","P",
547.00,138745.00,"Technical Illustration","N",,"N",
547.00,138746.00,"SCALE DRAWING","Y","A scaled drawing based on measurements taken from life.","P",
547.00,138747.00,"FLOORPLAN","Y","Plan showing a horizontal section, size and arrangement of rooms within a building, may include location of doors, windows and other features.","P",
547.00,138748.00,"OVERLAY","Y","A drawing, generally on a transparent sheet, which can be placed on top of another image to combine information from both.","P",
547.00,138749.00,"TOPOGRAPHICAL DRAWING","Y","A drawing used to convey information about the arrangement and size of features in a defined location under study.","P",
547.00,138750.00,"TEACHERS PACK","Y","Materials selected and organised to be of use to teachers for use in education.","P",
547.00,138751.00,"WEBPAGE","Y","A file of computer information stored on a computer connected to the internet coded so that it can be accessed over the internet using browser software.","P",
547.00,138737.00,"PICTURE POSTCARD","Y","Card printed with an image, often a photograph on one side, and space for a short message and a postal address on the other.","P",
547.00,138763.00,"NEWSLETTER","Y","Short publication used to disseminate information about a particular project or organisation, issued on a regular basis.","P",
547.00,138770.00,"GAZETTEER","Y","Structured list of information about items of interest to a research project, for example monuments of a particular type.","P",
547.00,138769.00,"CARD INDEX","Y","Cards, often printed with forms, for the recording and sorting of information in a structured manner.","P",
547.00,138768.00,"INDEX","Y","A structured set of data taken from a larger work to assist in location of particular subject matter.","P",
547.00,138767.00,"EXCAVATION DIARY","Y","A diary used to record the events and activities during an excavation.","P",
547.00,138766.00,"Visitors Diary","N",,"N",
547.00,138752.00,"ONLINE DATABASE","Y","A database stored on a computer linked to the internet, which can be queried and browsed by remote users using the internet.","P",
547.00,138764.00,"SERIAL","Y","A written work issued at regular intervals, numbered consecutively with no intended or planned end point.","P",
547.00,138754.00,"CORRESPONDENCE","Y","Written communication, generally in the form of letters.","P",
547.00,138762.00,"LEAFLET","Y","A short published document, often a single sheet, describing a particular place, feature or service to assist visitors and users.","P",
547.00,138761.00,"Pamphlet","N",,"N",
547.00,138759.00,"ARTICLE","Y","A written work for publication, being one of several found in a serial, monograph or magazine.","P",
547.00,138758.00,"MONOGRAPH","Y","Publication on a specific topic, or limited scope of subject matter. Complete in itself, though may form part of a series.","P",
547.00,138757.00,"Book","N","A complete written work. Includes books and anthologies.","N",
547.00,138736.00,"PICTURE","Y","General term for images used to represent a particular place or item, or convey information.","P",
547.00,138765.00,"DIARY","Y","A chronological journal, generally showing appointments, or recording memories and impressions of a days events over a period of time.","P",
547.00,138719.00,"ALBUM","Y","A collection of items presented in a protective folder.","P",
547.00,138703.00,"COLLECTION","Y","A resource comprising of a group of items the parts of which may be separately described and navigated. [DC]","P",
547.00,138704.00,"DATASET","Y","Information encoded in a defined structure (for example, lists, tables, and databases), intended to be useful for direct machine processing. [DC] For manual data use index, gazetteer etc.","P",
547.00,138705.00,"IMAGE","Y","A visual representation of a physical object, place or person. [DC] Use a more specific term where appropriate.","P",
547.00,138706.00,"INTERACTIVE RESOURCE","Y","A resource which requires interaction from the user to be understood, executed, or experienced.  [DC]","P",
547.00,138707.00,"SERVICE","Y","A service is a system that provides one or more functions of value to the end-user.  Examples include: a photocopying service, a banking service, an authentication service, inter-library loans, a Z39.50 or Web server. [DC]","P",
547.00,138708.00,"SOUND","Y","A sound is a resource whose content is primarily intended to be rendered as audio. [DC] For example recorded speech, sounds or music.","P",
547.00,138709.00,"TEXT","Y","A resource whose content is primarily words for reading. For example - books, letters, dissertations, poems, newspapers, articles, archives of mailing lists. [DC]","P",
547.00,138710.00,"VERBAL COMMUNICATION","Y","Factual information conveyed orally to a recipient.  Where this has been transcribed, use an appropriate term from the TEXT hierarchy.","P",
547.00,138712.00,"MACHINE READABLE STORAGE MEDIUM","N","Storage medium for information (text, images, files etc) in an encoded digital format.","P",
547.00,138713.00,"MAGNETIC STORAGE MEDIUM","N","The storage of material (text, images, files etc) in an electromagnetic format.","P",
547.00,138714.00,"VISUAL MEDIUM","N","Any material that records, holds and communicates information in a primarily visual manner.","P",
547.00,138715.00,"HARDCOPY","N","Item in a format suitable for normal reading or viewing, without a computer or other device.  For digital files or disks use MACHINE READABLE STORAGE MEDIUM or specific terms.","P",
547.00,138716.00,"PLANNING ARCHIVE","Y","Documents relating to the administration of planning applications.","P",
547.00,138738.00,"ILLUSTRATION","Y","An image used to convey information, often as part of a larger publication or exhibition.","P",
547.00,138725.00,"VIDEO CLIP","Y","An extract from a longer video film, used as an illustration.","P",
547.00,138735.00,"PLAN","Y","Used for orthographic drawings in the horizontal plane, generally from above generally depicts localised areas.","P",
547.00,138734.00,"SKETCH MAP","Y","A map generally produced manually to indicate main features of an area quickly, for example to assist location of a particular place.","P",
547.00,138733.00,"CHART","Y","A depiction of land, coastal or sea areas intended to aid navigation, usually using latitude and longitude co-ordinates.","P",
547.00,138732.00,"MAP","Y","A pictoral depiction of an area of landscape.","P",
547.00,138729.00,"RECTIFIED PHOTOGRAPH","Y","A photograph usually of a standing structure that has been manipulated to allow the creation of a measured drawing of the facade or elevation.","P",
547.00,138717.00,"PROJECT ARCHIVE","Y","Organised and documented collection of the records made during the course of a project.","P",
547.00,138727.00,"PHOTOGRAPH","Y","An image created by controlled exposure of light sensitive film.  Usually a static image in time and space.  For digital photographs double index with an appropriate term under MACHINE READABLE STORAGE MEDIUM.","P",
547.00,138718.00,"FINDS COLLECTION","Y","Collection of artefacts recovered during archaeological investigation of a site.","P",
547.00,138724.00,"MOVING IMAGE","Y","Broad term for all types of animated or live action images.","P",
547.00,138723.00,"GEOSPATIAL DATA","Y","Machine readable files suitable for use in a geographic information system (GIS).","P",
547.00,138722.00,"CAD DATA","Y","Data suitable for processing using computer aided design (CAD) packages.","P",
547.00,138721.00,"DATABASE FILE","Y","Data suitable for processing using database management software.","P",
547.00,138720.00,"CATALOGUE","Y","Structured descriptions of an archive or collection used to assist retrieval and management, or presentation to the public.","P",
547.00,138774.00,"HISTORIC LANDSCAPE SURVEY REPORT","Y","A report depicting the results generated from an intensive survey of a large area of land including field recording, measured site surveys and land history.","P",
547.00,138728.00,"AERIAL PHOTOGRAPH","Y","A photograph taken from the air.","P",
547.00,139018.00,"SECTION DRAWING","Y","Drawing of the vertical face of an excavated feature or features depicting the vertical extent and stratigraphic relationship between identified layers or deposits.","P",
547.00,138820.00,"COLOUR PRINT","Y","A photographic print of a polychrome image (composed of colours other than, but not exclusive of, black, white or grey tones).","P",
547.00,138821.00,"BLACK AND WHITE PRINT","Y","A photographic print of a mononchrome image (composed of grey, black and white tones).","P",
547.00,138822.00,"COLOUR SLIDE","Y","A photographic slide of a colour (polychromatic) image.","P",
547.00,138823.00,"BLACK AND WHITE SLIDE","Y","A photographic slide of a black and white (monochromatic) image.","P",
547.00,138825.00,"BLACK AND WHITE TRANSPARENCY","Y","A positive black and white image on film which can be projected onto a screen when light is shone through it.","P",
547.00,138827.00,"BLACK AND WHITE NEGATIVE","Y","A photographic frame of developed black and white film from which a positive print can be produced.","P",
547.00,138828.00,"MICROFICHE","Y","A flexible, transparent sheet of film bearing a number of reduced images.","P",
547.00,138829.00,"MICROFILM","Y","A film strip or roll containing reduced images.","P",
547.00,138830.00,"VIDEO TAPE","Y","A magnetic tape used to record moving images and sound. Use for both cassette and reel tapes.","P",
547.00,138831.00,"FILM REEL","Y","Positive image on continuous film strip suitable for projection of moving images.","P",
547.00,139008.00,"NEWSPAPER ARTICLE","Y","A written extract taken from a published newspaper.","P",
547.00,139009.00,"Press Cutting","N",,"N",
547.00,139012.00,"VOLUME","Y","A bound written work.","P",
547.00,138771.00,"NOTEBOOK","Y","Book used to record information or impressions in the field, often as a preparation for more formal reporting at a later date.","P",
547.00,139039.00,"WATERPROOF PAPER","Y","Paper made for writing or drawing underwater.","P",
547.00,139051.00,"RADIO PROGRAMME","Y","Recording of a complete broadcast radio programme.","P",
547.00,139050.00,"TELEVISION PROGRAMME","Y","Recording of a complete broadcast television programme, for instance a documentary. For extracts such as items from news broadcasts use VIDEO CLIP.","P",
547.00,139047.00,"RESOURCE FORMAT AND MATERIAL","N",,"P",
547.00,139046.00,"RESOURCE TYPE","N",,"P",
547.00,139043.00,"SERIES","Y","A written work issued in parts, with the intention of creating a completed sequence.","P",
547.00,139014.00,"MECHANICAL PRINT","Y","Reproduced image derived by mechanical printing from an image engraved or carved on a suitable surface.","P",
547.00,139040.00,"Digital Versatile Disk","N",,"N",
547.00,139015.00,"WOODCUT","Y","A relief process in which the design is cut into and printed from the plank side of a wood block [AAT].","P",
547.00,139038.00,"ORAL HISTORY TRANSCRIPT","Y","Written copy of recorded interviews collected to illustrate history from personal experiences.","P",
547.00,139037.00,"TECHNICAL DRAWING","Y","A broad class of drawing that is produced following precise conventions of scale and projection. [AAT]","P",
547.00,139034.00,"Laser Disc","N","Large format optical storage disc current in the 1980's, including Philips LaserVision system.","N",
547.00,139033.00,"OPTICAL DISC","Y","Data storage device in disc form that uses lasers to write and access data; can store data in analog or digital form. [AAT]","P",
547.00,139019.00,"CONTEXT PLAN","Y","Scale drawing showing the horizontal extent, height and arrangement of an excavated layer or feature on an archaeological site.","P",
547.00,138817.00,"PHOTOGRAPHIC MEDIUM","N","The class or material that a photograph is produced upon. [AAT] Use a specific term or terms as appropriate.","P",
547.00,139041.00,"Digital Video Disk","N",,"N",
547.00,138780.00,"CONTEXT SHEET","Y","A form used to record the details of a feature identified by archaeological investigation, generally including location, depth, colour, texture, inclusions and stratigraphic relationship to other contexts.","P",
547.00,138819.00,"GLASS PLATE","Y","A sheet of glass coated in a light sensitive substance on which a photgraphic image can be developed.","P",
547.00,138791.00,"VERTICAL AERIAL PHOTOGRAPH","Y","An aerial photograph taken from directly above a feature in the landscape, suitable for mapping or survey purposes. For photographs taken from the air at an angle to the subject use OBLIQUE AERIAL PHOTOGRAPH.","P",
547.00,138790.00,"OBLIQUE AERIAL PHOTOGRAPH","Y","An aerial photograph taken at an angle other than 90 degrees to a feature in the landscape.","P",
547.00,138788.00,"ORAL HISTORY RECORDING","Y","Recorded interview intended to preserve the recollections of persons whose experiences or memories are representative of historical life.","P",
547.00,138785.00,"MANUSCRIPT","Y","An unpublished document.","P",
547.00,138795.00,"RECONSTRUCTION DRAWING","Y","A representation of a monument or landscape based on historical or archaeological information.","P",
547.00,138781.00,"FIELD RECORDING FORM","Y","A form to record the details of a monument or site found during the course of a field survey or visit.","P",
547.00,138796.00,"ARTEFACT DRAWING","Y","A drawn representation of an archaeological 'find' or other cultural object.","P",
547.00,138779.00,"RECORD FORM","Y","A paper form used to record specific information in a systematic way.","P",
547.00,138778.00,"WATCHING BRIEF REPORT","Y","A report written as a result of archaeological monitoring during development work.","P",
547.00,138777.00,"FIELD SURVEY REPORT","Y","A report detailing the results of a field survey. Usually restricted to a survey of a small or specific area or site.","P",
547.00,138776.00,"DESKBASED SURVEY REPORT","Y","A report on the archaeology of an area, based primarily on existing records and resources.","P",
547.00,138775.00,"EXCAVATION REPORT","Y","A report detailing the results of an archaeological excavation.","P",
547.00,139052.00,"VISITORS BOOK","Y","A book in which visitors to a property, monument or exhibition record their thoughts and impressions on their experience.","P",
547.00,138782.00,"PROJECT RECORDING FORM","Y","A form that records the details of a project, for example, an excavation index form.","P",
547.00,138810.00,"COMPACT DISC","Y","Optical discs on which programs, data, or music are digitally encoded for a laser beam to scan, decode and transmit to a playback system, computer monitor or television set. [AAT]","P",
547.00,138773.00,"REPORT","Y","A full written presentation of the details of a particular event or investigative technique, often including illustrations and appendices.","P",
547.00,138816.00,"PAPER","Y","A thin opaque, slightly absorbent material, generally made from processing of plant or other fibres, for use as a medium for writing, drawing and printing.","P",
547.00,138815.00,"DRAFTING FILM","Y","A heavy grade, water proof plastic film used for the preparation of technical drawings.","P",
547.00,138814.00,"TRACING PAPER","Y","A translucent paper, which when laid over an existing image, permits the image to be seen and/or traced.","P",
547.00,138813.00,"COMPUTER FILE","Y","Data stored in a format that is meant to be manipulated and read in one or more software systems.","P",
547.00,138794.00,"Antiquity Model","N","A small scale survey of earthworks or other upstanding archaeological features used by archaeological survey teams to provide information for inclusion in maps published by the Ordnance Survey.","N",
547.00,138811.00,"FLOPPY DISC","Y","Thin round flexible disc with magnetic surfaces for storing and retrieving data. [AAT]","P",
547.00,138818.00,"INFRARED FILM","Y","Photographic film responsive to infrared radiation. Used to record temperature variations in the subject, indicative of hidden archaeological or architectural features.","P",
547.00,138808.00,"DIGITAL VERSATILE DISC","Y","A disc capable of holding more data than a conventional CD or CD-Rom. Commonly used as storage medium for film and interactive products.","P",
547.00,138807.00,"MEASURED SURVEY DRAWING","Y","A drawing which depicts to scale a feature within the landscape. For drawings of selected features of a site use SCALE DRAWING..","P",
547.00,138801.00,"Harris Matrix","N",,"N",
547.00,138800.00,"STRATIGRAPHIC MATRIX","Y","A schematic diagram showing the relationships of the composition and strata of layers identified during excavation or intervention.","P",
547.00,138798.00,"EXCAVATION DRAWING","Y","A schematic depiction of the results of an archaeological excavation.","P",
547.00,138797.00,"AERIAL PHOTOGRAPH TRANSCRIPTION","Y","The process of transcribing the features on an aerial photograph onto a map or plan.","P",
547.00,138812.00,"AUDIO TAPE","Y","Magnetic tape used to record sound. Includes both cassette and reel tapes.","P",
547.00,141680.00,"MICROFORM","Y","A medium containing microphotographic images, usually reproduced on film, requiring magnification to render them readable.","P",
547.00,167914.00,"INTERIM REPORT","Y","A report detailing the results of archaeological fieldwork that has been produced in advance of a full synthesis of the collected data.","P",
547.00,164074.00,"RADIOCARBON DATING REPORT","Y","A report that primarily details the results of attempts to assign a date to orgainic material by measuring the amount of carbon 14 it contains.","P",
547.00,164075.00,"C14 Dating Report","N",,"N",
547.00,164076.00,"Carbon 14 Dating Report","N",,"N",
547.00,168071.00,"Floppy Disk","N",,"N",
547.00,164078.00,"Tree Ring Dating Report","N",,"N",
547.00,167880.00,"EVALUATION REPORT","Y","A report detailing the results of an archaeological evaluation","P",
547.00,167881.00,"POST EXCAVATION ASSESSMENT REPORT","Y","A report which represents an initial synthesis of the data collected from an excavation ahead of the production of a full publication/post excavation full analysis report.","P",
547.00,167882.00,"BUILDING RECORDING REPORT","Y","A report detailing the results of a study of the fabric of a standing building.","P",
547.00,167883.00,"FIELDWALKING REPORT","Y","A report detailing the results of an archaeological event were the ground surface has been studied and any visible archaeological material collected.","P",
547.00,164073.00,"DENDROCHRONOLOGY REPORT","Y","A report that primarily details the results of attempts to assign a date to wooden structures or objects by the comparative study of the growth rings in trees and aged wood.","P",
547.00,167913.00,"HERITAGE STATEMENT","Y","A report detailing the archaeological and architectural potential of a site or locality.","P",
547.00,164077.00,"Carbon Dating Report","N",,"N",
547.00,167915.00,"GUIDE BOOK","Y","A book containing information about a place that has been produced for the use of visitors or tourists.","P",
547.00,167916.00,"PHOTOCOPY","Y","A photographic reproduction of written or printed material produced by using toner particles under heat and pressure to fuse a copy onto blank paper.","P",
547.00,167917.00,"FAX","Y",,"P",
547.00,167918.00,"PRINT OUT","Y","A hard copy of digital data that has been printed onto paper.","P",
547.00,168067.00,"Compact Disk","N",,"N",
547.00,168068.00,"Cd","N",,"N",
547.00,168069.00,"Dvd","N",,"N",
547.00,168070.00,"Optical Disk","N",,"N",
547.00,164072.00,"SCIENTIFIC DATING REPORT","Y","A report that primarily details the results of attempts to assign a date to materials or deposits using scientific methods such as Palaeomagnetism, Dendrochronology or Radiocarbon Dating.","P",
547.00,167910.00,"OFF PRINT","Y",,"P",
547.00,170846.00,"CONSERVATION AREA APPRAISAL REPORT","Y","A report providing an objective analysis of the elements which together define the special architectural or historic interest of a specific area.","P",
547.00,139010.00,"Offprint","N","Copy of a single article or section from a serial or monograph taken from the same printing as the original.","N",
547.00,170847.00,"ARCHAEOLOGICAL SCIENCE REPORT","Y","A report detailing the results of the application of scientific techniques to the analysis of archaeological materials.","P",
547.00,170845.00,"GEOTECHNICAL REPORT","Y","A report detailing subsurface investigations conducted to assist with the technical rather than archaeological aspects of a proposed development or extraction scheme.","P",
547.00,170844.00,"NEWSPRINT","Y","A cheap and relatively rough paper on which newspapers are printed.","P",
547.00,170843.00,"CARD","N","A material stringer than paper, generally made from wood pulp.","P",
547.00,170848.00,"POST EXCAVATION FULL ANALYSIS REPORT","Y","A report which represents the final assessment and analysis of an archaeological intervention.","P",
