"TH_T_U_UID","TERM","CLA_GR_UID","BROAD_TERM_U_UID","TOP_TERM_U_UID"
121467,"EARTHWORK",92,140921,121481
121468,"DOCUMENTARY EVIDENCE",92,140922,121481
121469,"FIND",92,140921,121481
121470,"MARINE GEOPHYSICAL EVIDENCE",92,140922,121481
121471,"ECHOSOUNDER TRACE",92,121470,121481
121473,"SIDE SCAN SONAR CONTACT",92,121474,121481
121474,"SONAR CONTACT",92,121470,121481
121475,"VESSEL STRUCTURE",92,140940,121481
121476,"INTACT VESSEL STRUCTURE",92,121475,121481
121477,"COHERENT VESSEL STRUCTURE",92,121475,121481
121478,"COLLAPSED VESSEL STRUCTURE",92,121475,121481
121479,"SCATTERED VESSEL STRUCTURE",92,121475,121481
121480,"BURIED VESSEL STRUCTURE",92,121475,121481
121481,"EVIDENCE",92,,121481
121482,"UNCERTAIN EVIDENCE",92,121481,121481
121874,"BUILDING",92,140921,121481
184620,"PLACENAME EVIDENCE",92,140922,121481
140921,"PHYSICAL EVIDENCE",92,121481,121481
140922,"IMPLIED EVIDENCE",92,121481,121481
140923,"CONJECTURAL EVIDENCE",92,140922,121481
140924,"SUB SURFACE DEPOSIT",92,140921,121481
140925,"ARCHITECTURAL COMPONENT",92,140921,121481
140926,"CROPMARK",92,140921,121481
140927,"ENHANCED NATURAL FEATURE",92,140921,121481
140930,"SUBTERRANEAN FEATURE",92,140921,121481
140931,"STRUCTURE",92,140921,121481
140934,"DESTROYED MONUMENT",92,121481,121481
140937,"RUINED BUILDING",92,121874,121481
140938,"EXTANT BUILDING",92,121874,121481
140939,"LEVELLED EARTHWORK",92,121467,121481
140940,"SUBMERGED MONUMENT",92,140921,121481
140941,"BOTANICAL FEATURE",92,140921,121481
141383,"DEMOLISHED BUILDING",92,121874,121481
141384,"MODIFIED SURFACE",92,140921,121481
141385,"STRATIFIED FIND",92,121469,121481
153543,"MARINE MAGNETOMETER READING",92,121470,121481
153563,"UNSTRATIFIED FIND",92,121469,121481
178391,"ARTEFACT SCATTER",92,121469,121481
181287,"WRECKAGE",92,140921,121481
182441,"ORAL EVIDENCE",92,140922,121481
183502,"NATURAL FEATURE",92,140921,121481
183856,"MOVED BUILDING",92,121874,121481
183857,"MOVED STRUCTURE",92,140931,121481
183858,"MOVED BUILDING",92,183857,121481
185081,"MULTIBEAM SURVEY",92,121470,121481
185085,"RUINED STRUCTURE",92,140931,121481
185132,"DEMOLISHED STRUCTURE",92,140931,121481
185133,"SURFACE DEPOSIT",92,140921,121481
185134,"EXTANT STRUCTURE",92,140931,121481
185135,"EXCAVATED FEATURE",92,140921,121481
190269,"MARINE TRAWLING PLOT",92,140922,121481
195807,"DESIGNED LANDSCAPE",92,140921,121481
195808,"BURIAL",92,140921,121481
206817,"SOILMARK",92,140921,121481
210633,"ENVIRONMENTAL EVIDENCE",92,140921,121481
213398,"ARCHITECTURAL ELEMENT",92,140921,121481
213448,"MOVABLE OBJECT",92,140921,121481
214182,"DESTROYED ARTEFACT",92,121469,121481
214818,"GEOPHYSICAL EVIDENCE",92,140922,121481
214819,"MAGNETOMETER READING",92,214818,121481
