TH_T_U_UID,TERM,CLA_GR_UID,BROAD_TERM_U_UID,TOP_TERM_U_UID
184207,MATERIAL TYPE,560,,184207
184208,ANTLER,560,184207,184207
184209,BONE,560,184207,184207
184210,COPROLITE,560,184207,184207
184211,EGG SHELL,560,184207,184207
184212,FEATHER,560,184207,184207
184213,FIBRE,560,184207,184207
184214,HAIR,560,184207,184207
184215,LEATHER,560,184207,184207
184216,METAL,560,184207,184207
184217,POLLEN,560,184207,184207
184218,PHYTOLITH,560,184207,184207
184219,SHELL,560,184207,184207
184220,SKIN,560,184207,184207
184221,TOOTH,560,184207,184207
184222,WOOD,560,184207,184207
184223,FERROUS METAL,560,184216,184207
184224,NON-FERROUS METAL,560,184216,184207
184225,COPPER ALLOY,560,184224,184207
184226,GOLD,560,184224,184207
184227,SILVER,560,184224,184207
184228,CHARCOAL,560,184222,184207
184229,IVORY,560,184221,184207
184230,ROUNDWOOD,560,184222,184207
184233,TWIG,560,184222,184207
184234,MODIFICATION STATE,560,,184234
184235,ALTERED BY ANIMALS,560,184234,184234
184236,ANOXIC,560,184234,184234
184237,BURNT,560,184234,184234
184238,CALCINED,560,184237,184234
184239,CHARRED,560,184237,184234
184240,SILICIFIED,560,184237,184234
184241,DESICCATED,560,184234,184234
184242,FUNGAL DAMAGE,560,184234,184234
184243,HYDROLYSIS,560,184234,184234
184244,IMPRESSION,560,184234,184234
184245,MINERAL REPLACED,560,184234,184234
184246,MINERAL PRESERVED,560,184234,184234
184247,PLANT DAMAGE,560,184234,184234
184248,ASPECT,560,,184248
184249,NATURAL ASPECTS,560,184248,184248
184250,NON-METRIC TRAITS,560,184249,184248
184251,PATHOLOGY,560,184249,184248
184252,HUMAN ASPECTS,560,184248,184248
184253,WORKED,560,184252,184248
184254,COLOURED,560,184253,184248
184255,DECORATED,560,184253,184248
184256,TOOL MARKED,560,184253,184248
184257,MANUFACTURING DEBRIS,560,184252,184248
184258,CHEMICAL TECHNIQUES,560,184259,184259
184259,INVESTIGATIVE TECHNIQUES,560,,184259
184260,PHYSICAL TECHNIQUES,560,184259,184259
184261,DATING TECHNIQUES,560,184259,184259
184262,PH DETERMINATION,560,184258,184259
184263,MULTI-ELEMENT ANALYSIS,560,184258,184259
184264,X-RAY DIFFRACTION,560,184263,184259
184265,STABLE ISOTOPE ANALYSIS,560,184258,184259
184266,X-RAY FLUORESCENCE SPECTROMETRY,560,184263,184259
184267,ANCIENT BIOMOLECULAR ANALYSIS,560,184258,184259
184268,SOIL PHOSPHORUS ANALYSIS,560,184258,184259
184269,AVAILABLE PHOSPHORUS ANALYSIS,560,184268,184259
184270,INORGANIC PHOSPHORUS ANALYSIS,560,184268,184259
184271,TOTAL PHOSPHORUS ANALYSIS,560,184268,184259
184272,SPOT TEST,560,184258,184259
184273,STRATIGRAPHIC DESCRIPTION,560,184260,184259
184274,CHEMICALLY ALTERED,560,184234,184234
184275,LOSS ON IGNITION DETERMINATION,560,184260,184259
184276,PARTICLE SIZE ANALYSIS,560,184260,184259
184277,MAGNETIC SUSCEPTIBILITY,560,184260,184259
184278,MICROSCOPY,560,184260,184259
184279,SCANNING ELECTRON MICROSCOPY,560,184278,184259
184280,POLARISED LIGHT MICROSCOPY,560,184278,184259
184281,MICROMORPHOLOGY,560,184260,184259
184282,MINERALOGY,560,184260,184259
184283,TREE-RING ANALYSIS,560,184260,184259
184284,X-RADIOGRAPHY,560,184260,184259
184285,AMINO ACID RACEMISATION,560,184261,184259
184286,ARCHAEOMAGNETISM,560,184261,184259
184287,BIOSTRATIGRAPHY,560,184261,184259
184288,DENDROCHRONOLOGY,560,184261,184259
184289,ELECTRON SPIN RESONANCE,560,184261,184259
184290,FISSION TRACK ANALYSIS,560,184261,184259
184292,INFRA-RED STIMULATED LUMINESCENCE,560,186423,184259
184293,LEAD ISOTOPE DATING,560,184261,184259
184294,MITOCHONDRIAL DNA DATING,560,184261,184259
184295,OBSIDIAN HYDRATION,560,184261,184259
184296,OPTICALLY STIMULATED LUMINESCENCE,560,186423,184259
184297,OXYGEN ISOTOPE ANALYSIS,560,184261,184259
184298,POTASSIUM ARGON DATING,560,184261,184259
184299,TEPHROCHRONOLOGY,560,184261,184259
184300,RADIOCARBON DATING,560,184261,184259
184302,URANIUM SERIES DATING,560,184261,184259
184303,METHOD OF RECOVERY,560,,184303
184304,HAND RETRIEVAL,560,184303,184303
184305,COARSE SIEVING,560,184303,184303
184306,FLOTATION,560,184303,184303
184307,SPECIALIST SAMPLING,560,184303,184303
184308,BLOCK LIFTING,560,184303,184303
184309,CLAST LITHOLOGICAL ANALYSIS,560,184260,184259
186410,GAMMA SPECTROMETRY,560,184258,184259
186411,ALPHA SPECTROMETRY,560,184258,184259
186412,BRICK,560,184207,184207
186413,POTTERY,560,184207,184207
186414,BURNT FLINT,560,184207,184207
186415,GEOLOGICAL SEDIMENT,560,184207,184207
186416,BIOGENIC CARBONATE,560,184207,184207
186417,QUARTZ,560,186415,184207
186418,FELDSPAR,560,186415,184207
186419,ZIRCON,560,186415,184207
186420,POLYMINERAL,560,186415,184207
186422,THERMOLUMINESCENCE,560,186423,184259
186423,LUMINESCENCE DATING,560,184261,184259
186496,ESTUARINE DEPOSIT,560,184207,184207
186497,TUFACEOUS DEPOSIT,560,184207,184207
186498,PEAT DEPOSIT,560,184207,184207
186499,BEACH DEPOSIT,560,184207,184207
191241,MICRO-CHARCOAL,560,184228,184207
191242,MOISTURE CONTENT,560,184260,184259
191243,PEAT HUMIFICATION,560,184258,184259
192923,CARVED,560,184253,184248
192924,WATERWORN,560,184234,184234
192925,FLOT,560,184207,184207
192926,RESIDUE,560,184207,184207
214062,PALYNOLOGY,560,184260,184259
214063,PALAEOENVIRONMENTAL ANALYSIS,560,184260,184259
214064,DIATOM ANALYSIS,560,184260,184259
214065,ARCHAEOMALACOLOGY,560,184260,184259
214066,ZOOARCHAEOLOGY,560,184260,184259
214067,ARCHAEOBOTANY,560,184260,184259
214068,FORAMINIFERA ANALYSIS,560,184260,184259
214069,PALAEOENTOMOLOGY,560,184260,184259
214070,HUMAN OSTEOLOGY,560,184260,184259
214129,SLAG,560,184207,184207
214180,MORTAR ANALYSIS,560,184260,184259
214181,ARCHAEOMETALLURGY,560,184260,184259
214616,PLANT MACROFOSSIL,560,184207,184207
214617,INTERPRETATIONS,560,,214617
214618,ANIMAL ROLES,560,214617,214617
214620,COMPANION ANIMALS,560,214618,214617
214622,TRACTION ANIMALS,560,214618,214617
214624,GUARD ANIMALS,560,214618,214617
214625,PACK ANIMALS,560,214618,214617
214626,RIDING ANIMALS,560,214618,214617
214627,CONSTRUCTION MATERIALS,560,214617,214617
214628,CAULKING,560,214627,214617
214629,CEREAL THATCHNG,560,214627,214617
214630,NON-CEREAL THATCHING,560,214627,214617
214631,PACKING MATERIAL,560,214627,214617
214632,TURVES,560,214627,214617
214633,STRUCTURAL TIMBER,560,214627,214617
214634,CRAFT WORKING,560,214617,214617
214635,BASKETRY,560,214634,214617
214636,BONE WORKING,560,214634,214617
214637,SKIN WORKING,560,214634,214617
214638,TANNING,560,214634,214617
214639,TEXTILE PRODUCTION,560,214634,214617
214640,WOOD WORKING,560,214634,214617
214641,DEPOSITION,560,214617,214617
214642,KITCHEN WASTE,560,214641,214617
214643,STABLE WASTE,560,214641,214617
214644,STRUCTURED DEPOSITION,560,214641,214617
214645,TABLE WASTE,560,214641,214617
214646,HUSBANDRY,560,214617,214617
214647,DAIRYING,560,214646,214617
214648,EGG PRODUCTION,560,214646,214617
214649,FODDER PRODUCTION,560,214646,214617
214650,MANURING,560,214646,214617
214651,MEAT PRODUCTION,560,214646,214617
214652,NUTRITIONAL STRESS,560,214646,214617
214653,ON-SITE BREEDING,560,214646,214617
214654,SELECTIVE BREEDING,560,214646,214617
214655,TRANSHUMANCE,560,214646,214617
214656,WOOL PRODUCTION,560,214646,214617
214657,INFESTATION,560,214617,214617
214658,FUNGAL INFESTATION,560,214657,214617
214659,INSECT INFESTATION,560,214657,214617
214660,PROCESSING,560,214617,214617
214661,BREWING,560,214660,214617
214662,CEREAL PROCESSING BY-PRODUCT,560,214660,214617
214663,CEREAL PROCESSING PRODUCT,560,214660,214617
214664,FLAX RETTING,560,214660,214617
214665,MALTING,560,214660,214617
214666,BONE PROCESSING,560,214660,214617
214668,FOOD PRESERVATION,560,214660,214617
214669,ROASTING,560,214660,214617
214670,SOCIAL BEHAVIOUR,560,214617,214617
214672,FEASTING,560,214670,214617
214673,FUNERARY USE,560,214670,214617
214674,HUNTING AND TRAPPING,560,214670,214617
214675,IMPORTATION  OF GOODS,560,214670,214617
214676,SEASONALITY,560,214670,214617
214677,SOCIAL DIFFERENTIATION,560,214670,214617
214678,STORAGE,560,214670,214617
214679,WILD PLANT USE,560,214617,214617
214680,CHARCOAL PRODUCTION,560,214679,214617
214681,WOODLAND MANAGEMENT,560,214679,214617
214682,FUEL USE,560,214679,214617
214683,GATHERING,560,214679,214617
214684,HAY,560,214679,214617
214686,MEDICINAL USE,560,214670,214617
214687,PEAT BURNING,560,214679,214617
214688,ANIMAL FIGHTING,560,214618,214617
184291,"FLUORINE, URANIUM AND NITROGEN TESTS",560,184261,184259
