"CLA_GR_UID","THE_TE_UID","TERM","INDEX_TERM","SCOPE_NOTE","STATUS","IMAGE_EXISTS"
560,142211,"TWIG","Y","Small (<2cm diameter) roundwood often complete with buds or leaf scars.","P",
560,142166,"MINERAL PRESERVED","Y","Preservation of material by toxic effect of corrosion products in the immediate vicinity, or within, the material.","P",
560,142194,"SILICIFIED","Y","Use for material that has been burnt at high temperature in a good air supply such that only the silica component remains.","P",
560,142168,"Mineralised","N",,"N",
560,142169,"MINERALOGY","Y","The study of minerals.","P",
560,142167,"MINERAL REPLACED","Y","Replacement of organic material by minerals, including calcium carbonate and calcium phosphate.","P",
560,142171,"MODIFICATION STATE","N",,"P",
560,142180,"PATHOLOGY","Y","Use for bone remodelling, new growth, loss or destruction caused by age, activity, disease or trauma during life.","P",
560,142173,"NATURAL ASPECTS","Y","Aspects associated with the genetic make up and/or factors that affected the organism from which the material is derived during its life","P",
560,142174,"NON-FERROUS METAL","Y","Any metal that does not contain the chemical element Iron (Fe) as a principal component.","P",
560,142175,"NON-METRIC TRAITS","Y","Use for congenital (present at birth) abnormalities (absent/extra or morphologically unusual features) present in an individual or population.","P",
560,142176,"OBSIDIAN HYDRATION","Y","A technique used to date obsidian (volcanic glass) of all ages and is thus not commonly used in the UK.","P",
560,142177,"OPTICALLY STIMULATED LUMINESCENCE","Y","The light emitted from sedimentary minerals or mineral inclusions in bricks when stimulated in the laboratory by light of a different wavelength. Used to date samples up to 250,000 years old; especially appropriate for geological sediments.","P",
560,142178,"OXYGEN ISOTOPE ANALYSIS","Y","The use of oxygen (O) isotope ratios in ice or ocean sediment cores to date global environmental change.","P",
560,142179,"PARTICLE SIZE ANALYSIS","Y","The analysis of the distribution and proportion of sand, silt and clay in a deposit.","P",
560,142190,"S.E.M.","N",,"N",
560,142181,"PH DETERMINATION","Y","The degree of acidity or alkalinity of a material.","P",
560,142182,"PHYSICAL TECHNIQUES","N","The examination of material by physical means, including detailed observation.","P",
560,142183,"PHYTOLITH","Y","Microscopic mineral body (usually silica) found in many plants.","P",
560,142184,"PLANT DAMAGE","Y","Material that has been penetrated or disrupted by the roots or rhizomes of plants.","P",
560,142185,"POLARISED LIGHT MICROSCOPY","Y","Light microscopy in which vibration directions of the light are constrained into single planes.","P",
560,142186,"POLLEN","Y","Use for pollen and diaspores. Pollen consists of pollen grains which are the male gametes of flowering plants. Diaspores are the dispersive units of mosses, ferns, fern allies and some plants. To describe the actual object use PLANT REMAINS.","P",
560,142187,"POTASSIUM ARGON DATING","Y","The measurement of the ratio of a radioactive potassium (K) isotope and the argon (Ar) gas produced as a by-product of its decay. Useful for dating volcanic material older than 1,000 years.","P",
560,142193,"SHELL","Y","Use for any shell of an animal, principally, molluscs, crabs etc.","P",
560,142189,"ROUNDWOOD","Y","Material comprising entrie or partial transverse sections of stems. Bark may be present or not. Can include complete sections of tree trunk but generally comprises smaller (<20cm diameter) material.","P",
560,142191,"SCANNING ELECTRON MICROSCOPY","Y","A process using an electron microscope in which the surface of the specimen is scanned by a beam of electrons which are reflected to form an image. Very high magnification is possible.","P",
560,142192,"SEM","N",,"N",
560,142188,"RADIOCARBON DATING","Y","The measurement of the ratio of the radioactive Carbon 14 (C-14) isotope and non-radioactive carbon isotopes. Useful for dating organic materials such as wood and bone between 500 and 45,000 years old.","P",
560,142172,"MULTI-ELEMENT ANALYSIS","Y","Techniques investigating more than one element at a time.","P",
560,142165,"MICROSCOPY","Y","The use of magnifying equipment to examine materials not visible to the naked eye.","P",
560,142170,"MITOCHONDRIAL DNA DATING","Y","A dating technique for the founding of individual populations based on the assumption of steady rates of mutation in mitochondrial DNA. Sometimes used to produce dates for stratigraphic layers containing fossil specimens of populations.","P",
560,142977,"ESTUARINE DEPOSIT","Y","An alluvial deposit laid down in an estuary.","P",
560,142209,"TREE-RING ANALYSIS","Y","The use of annual incremental growth in temperate trees to investigate environmental, especially local, parameters and the history of individual trees.","P",
560,142215,"WORKED","Y","Use for any material that shows evidence of modification by humans.","P",
560,142216,"X-RADIOGRAPHY","Y","The production of an image on a photographic plate as a result of X-rays (very short wavelength electromagnetic radiation) being passed through an object.","P",
560,142217,"X-RAY DIFFRACTION","Y","A surface technique that uses the diffraction of X-rays to examine the mineral composition of a sample. Useful for identifying corrosion products, pigments etc. but of little use with organic compounds which consist largely of carbon, oxygen and hydrogen.","P",
560,142218,"X-RAY FLUORESCENCE SPECTROMETRY","Y","A surface technique of spectroscopic analysis which relies on the interaction of primary X-rays with the sample to generate a range of secondary X-rays. These have energies characteristic of the elements present in the sample.","P",
560,142213,"Waterlogged","N",,"N",
560,142220,"XRF","N",,"N",
560,142212,"URANIUM SERIES DATING","Y","The measurement of the decay of radioactive uranium (U) isotopes. Particularly useful for dating calcite and sometimes bone, tooth and shell up to 70,000 years old.","P",
560,142978,"Burnt Deposit","N","A deposit that has been burnt and has since been removed from its original location. Use BURNT and appropriate object or material type.","N",
560,142979,"TUFACEOUS DEPOSIT","Y","A naturally occuring deposit of calcareous tufa ('shell marl') sometimes found in alluvial deposits.","P",
560,142980,"PEAT DEPOSIT","Y","A naturally occurring deposit formed by the decomposition and partial carbonisation of vegetable matter in waterlogged conditions.","P",
560,142981,"BEACH DEPOSIT","Y","A deposit formed by wave and tidal action on an estuarine or marine beach.","P",
560,142164,"MICROMORPHOLOGY","Y","The microscopic analysis of thin sections of resin impregnated stratigraphy.","P",
560,142127,"Cremated","N",,"N",
560,142219,"XRD","N",,"N",
560,142203,"THERMOLUMINESCENCE","Y","The measurement of the light emitted from sedimentary minerals, mineral inclusions in bricks, burnt flint or unburnt calcite when they are heated. The signal relates to their prior exposure to radioactivity. Used to date samples up to 500,000 years old.","P",
560,142196,"SKIN","Y","Use for the remains of epidermis or outermost layer. Relates to both animals and plants. If describing the actual object use PLANT REMAINS, ANIMAL REMAINS or HUMAN REMAINS.","P",
560,142197,"SOIL PHOSPHORUS ANALYSIS","Y","The analysis of the amount of phosphorus (P) present in a soil.","P",
560,142198,"SPECIALIST SAMPLING","Y","The recovery of material from samples collected during field investigations, usually taken by specialists with a particular area of expertise. Normally processed in the laboratory. Also use for the processing of samples subsequent to investigation.","P",
560,142199,"SPOT TEST","Y","The application of a chemical test to a material, usually as a rapid approximation.","P",
560,142200,"STABLE ISOTOPE ANALYSIS","Y","Comparison of different proportions of natural occurring isotopes of lead (Pb), strontium (Sr), oxygen (O), carbon (C) and nitrogen (N).","P",
560,142214,"WOOD","Y","Hard, compact, unprocessed, fibrous cellulose substance. The roots, trunks and branches of trees and shrubs consist of this tissue.","P",
560,142202,"TEPHROCHRONOLOGY","Y","The use of ash and tephra deposits characteristic of single known-date volcanic eruptions to date stratigraphic sequences.","P",
560,142195,"SILVER","Y","A precious metal of lustrous, white colour with great malleability and ductility.","P",
560,142204,"TL Dating","N",,"N",
560,142205,"TOOL MARKED","Y","Use where evidence of tool marks is present","P",
560,142206,"Tool Marks","N",,"N",
560,142207,"TOOTH","Y","Use for teeth, hard structures found in the jaws of vertebrates used principally for chewing and eating.","P",
560,142208,"TOTAL PHOSPHORUS ANALYSIS","Y","The analysis of organic plus inorganic phosphorus (P).","P",
560,142210,"Tree-Ring Studies","N",,"N",
560,142201,"STRATIGRAPHIC DESCRIPTION","Y","The careful observation and written description of the physical characteristics of stratigraphy. It will normally include information on texture, colour and the nature of the different components.","P",
560,142122,"COARSE SIEVING","Y","The method of retrieving animal remains, artefacts and other remains by dry or wet-sieving whole earth samples, typically over 100 litres, sieved through a 2mm or larger mesh.","P",
560,142131,"DENDROCHRONOLOGY","Y","The measuring of annual tree-ring growth shown by most tree species in temperated regions. Regional chronoliges are required to date any particular piece of wood, the longest of which, for Germany, works for the present to approximately 14,000 yrs ago.","P",
560,142116,"Carbonised","N",,"N",
560,142117,"CHARCOAL","Y","Wood that has been burnt and largely reduced to carbon as a result of burning in a reducing atmosphere below 500 degress C (Celsius).","P",
560,142118,"CHARRED","Y","Material that has been burnt and at least in part reduced to carbon as a result of burning in a reducing atmosphere below 500 degrees Celsius.","P",
560,142119,"CHEMICAL TECHNIQUES","N","Examination of a material using chemical means.","P",
560,142114,"Carbon 14 Dating","N",,"N",
560,142121,"CLAST LITHOLOGICAL ANALYSIS","Y","The identification and grouping of stone types in stratigraphy.","P",
560,142113,"CALCINED","Y","Material burnt at high temperature (above 700 degrees Celsius) leaving only the mineral component.","P",
560,142123,"Colored","N",,"N",
560,142124,"COLOURED","Y","Material with evidence of the application of a pigment or dye.","P",
560,142125,"COPPER ALLOY","Y","Use for a combination (alloy) of two or more different metals where copper (Cu) is the principal component.","P",
560,142126,"COPROLITE","Y","Waste material from the digestive tract of animals. The term coprolite comes from the Greek 'kopros' meaning dung and 'lithos' meaning stone, and is used for faecal matter that has been preserved by mineral replacement or dessication.","P",
560,142128,"DATING TECHNIQUES","N","Techniques applied to a material in order to date it or material associated with it. Use more specific terms.","P",
560,142129,"DECORATED","Y","Use where decoration is present.","P",
560,142120,"CHEMICALLY ALTERED","Y","Material that has been altered as a result of chemical action.","P",
560,142106,"AVAILABLE PHOSPHORUS ANALYSIS","Y","The analysis of the amount of phosphorus (P) (liable fraction) available to plants.","P",
560,142099,"ALTERED BY ANIMALS","Y","Modified or damaged by an animal.","P",
560,142100,"AMINO ACID RACEMISATION","Y","The measurement of chemical alterations in the amino acids in protein molecules from bones, shells and teeth. Date range can be between 1,000 and several million years.","P",
560,142101,"ANCIENT BIOMOLECULAR ANALYSIS","Y","Characterisation of organic molecules extracted from fossil or sub-fossil materials, including lipids, DNA etc.","P",
560,142102,"ANOXIC","Y","Material preserved by the exclusion of oxygen usually due to saturation with water which inhibits decay by micro-organisms.","P",
560,142103,"ANTLER","Y","Outgrowths of bone borne by most members of the deer family (Cervidae). They are shed and re-grow each year.","P",
560,142115,"Carbon Dating","N",,"N",
560,142105,"ASPECT","N",,"P",
560,142132,"DESICCATED","Y","Material preserved due to very low humidity which inhibits decay by micro-organisms.","P",
560,142107,"BIOSTRATIGRAPHY","Y","A technique in which the date is deduced from the presence of fauna and/or flora considered to be characteristic of a given peirod of time or that gives and indication of a probable date.","P",
560,142108,"BLOCK LIFTING","Y","The removal of fragile or complex remains from an investigation as a block of earth for excavation under laboratory conditions. Typical examples are grave goods and cremation burials.","P",
560,142109,"BONE","Y","Any of the pieces of hard tissue consisting largely of calcium phosphate that make up the skeleton of a vertebrate animal.","P",
560,142110,"Bulk Sampling","N",,"N",
560,142111,"BURNT","Y","Use for material that has been burnt.","P",
560,142112,"C14 Dating","N",,"N",
560,142104,"ARCHAEOMAGNETISM","Y","Measures the remanent magnetisation direction of magnetic minerals. Useful for dating fired structures, in-situ since their last firing, and for sediments settling from non turbulent water bodies. In the UK, calibration data extends back to 1000BC.","P",
560,142156,"LEATHER","Y","Animal skin that has been tanned or tawed.","P",
560,142130,"Decoration","N",,"N",
560,142150,"IMPRESSION","Y","The negative trace left by an object type or material (eg. animal, plant or textile) on another object type or material, often on ceramics or metal corrosion products.","P",
560,142151,"INFRA-RED STIMULATED LUMINESCENCE","Y","The light emitted from sedimentary minerals or mineral inclusions in bricks when stimulated in the laboratory by infrared light. Used to date samples up to 250,000 years old; especially appropriate for geological sediments containing feldspars","P",
560,142152,"INORGANIC PHOSPHORUS ANALYSIS","Y","The analysis of inorganic phosphorus (P).","P",
560,142153,"INVESTIGATIVE TECHNIQUES","N",,"P",
560,142148,"HUMAN ASPECTS","Y","Aspects of a material which result from the modification or use of the material by humans.","P",
560,142155,"LEAD ISOTOPE DATING","Y","A technique which uses the measurement of decay in radioactive lead (Pb) isotopes to determine a date. Useful for sediments and lead-based paints between 1 and 400 years old.","P",
560,142147,"HAND RETRIEVAL","Y","The retrieval of material from deposits by hand, normally large objects visible with the naked eye, eg. Mammal remains and marine molluscs.","P",
560,142157,"LOSS ON IGNITION DETERMINATION","Y","The weight loss from low-temperature burning of material. It correlates well with organic matter (material derived from living things) content.","P",
560,142158,"MAGNETIC SUSCEPTIBILITY","Y","The degree to which a material will become magnetised when placed in a magnetic field.","P",
560,142159,"MANUFACTURING DEBRIS","Y","Use where the material presents debris or waste from manufacturing.","P",
560,142160,"MATERIAL TYPE","N",,"P",
560,142161,"METAL","Y","Class of elements and alloys that are characteristically lustrous, ductile, fusible and malleable. These are extracted from ore minerals originally existing in nature and processed before becoming a recognisable metal.","P",
560,142162,"METHOD OF RECOVERY","N",,"P",
560,142154,"IVORY","Y","Use for a tusk or tooth of a mammal large enough to be carved or used to make objects such as those of mammoths, elephants, walruses and whales.","P",
560,142140,"FISSION TRACK ANALYSIS","Y","A technique for the dating of damage tracks in volcanic materials caused by the fissioning of decaying radioactive uranium (U) isotopes. Useful in samples more than 50,000 years old.","P",
560,142133,"Disease","N",,"N",
560,142134,"Diseased","N",,"N",
560,142135,"EGG SHELL","Y","Use for the remains of an egg whether from a bird, reptile or amphibian.","P",
560,142136,"ELECTRON SPIN RESONANCE","Y","The measurement of trapped electrons by exposure to high-frequency electromagnetic radiation. A useful technique for dating tooth enamel, shells, coral and calcite form 5,000-1,000,000 years old.","P",
560,142137,"FEATHER","Y","Use for feathers, an epidermal growth found in birds consisting of a quill, shaft and two vanes of barbs.","P",
560,142149,"HYDROLYSIS","Y","The chemical breakdown of a material by water.","P",
560,142139,"FIBRE","Y","Use for any thread-like material.","P",
560,142163,"Microfossils","N",,"N",
560,142141,"FLOTATION","Y","Method used for the recovering of material by floating large whole earth samples, usually between 40-60 litres per context (or 100% if context contains less than this).","P",
560,142142,"FLUORINE, URANIUM AND NITROGEN TESTS","Y","A relative dating technique for assessing bones from the same deposit. Often used to check for contemporaneity of bones selected for radiocarbon dating or to check for hoaxes such as the Piltdown Man.","P",
560,142143,"Fossilised","N",,"N",
560,142144,"FUNGAL DAMAGE","Y","Material that has been damaged by fungal growth or secretions.","P",
560,142145,"GOLD","Y","A precious metal characterised by its yellow colour and resistance to tarnishing.","P",
560,142146,"HAIR","Y","Use for hair, fur etc: filaments growing out of the outermost layer of mammalian skin.","P",
560,142138,"FERROUS METAL","Y","Any metal prinicipally composed of the chemical element Iron (Fe).","P",
560,147276,"MICRO-CHARCOAL","Y","Microscopic charcoal fragments that are concentrated and counted as part of standard pollen preparation techniques.","P",
560,147277,"MOISTURE CONTENT","Y","A measure of the proportion of water within a sample.","P",
560,144526,"IRSL","N",,"N",
560,144525,"OSL Dating","N",,"N",
560,144524,"OSL","N",,"N",
560,144523,"POLYMINERAL","Y","A general term to describe a sediment or sample that contains a variety of different minerals.","P",
560,144522,"ZIRCON","Y","A mineral of the composition Zr[SiO4]. Commonly brown or yellow in colour. May contain high levels of uranium and thorium. Can be used for dating using luminescence or fission track methods.","P",
560,144521,"FELDSPAR","Y","A group of aluminosilicate minerals with varying compositions. The most common mineral in igneous rocks, and common in other rocks and sediments.","P",
560,144520,"QUARTZ","Y","A mineral composed of SiO2. Commonly clear or milky in appearance. A common constituent of rocks and sediments.","P",
560,144519,"BIOGENIC CARBONATE","Y","Any carbonate material produced by biological activity, for instance operculae of snails.","P",
560,144527,"IRSL Dating","N",,"N",
560,148435,"Heavy Residue","N",,"N",
560,148327,"CARVED","Y",,"P",
560,148328,"WATERWORN","Y","Material, especially rock, worn smooth by the passage of water.","P",
560,148433,"FLOT","Y","The material which floats during the floatation of samples as a means of recovering charred plant remains from an archaeological context.","P",
560,144517,"BURNT FLINT","Y","A form of silica, similar to quartz. Commonly black or white in colour and used for tool manufacture. Flints heated in antiquity may be dated using thermoluminescence.","P",
560,148434,"RESIDUE","Y","The material that does not float during the floatation of samples as a means of recovering charred plant remains from an archaeological context. Also, the material remaining following wet or dry sieving of course sieved samples.","P",
560,147278,"PEAT HUMIFICATION","Y","A method of determining peat degradation; quantified as the percentage light transmission value of the extracted humic acids, measured at a specific wavelength.","P",
560,144511,"LUMINESCENCE DATING","Y","A range of techniques that use the build up of charge stored within a crystalline material to estimate its age","P",
560,144512,"TL","N",,"N",
560,144516,"POTTERY","Y","Object produced commonly by firing clay, but can include coarser material to temper it.","P",
560,144518,"GEOLOGICAL SEDIMENT","Y","A material composed of mineral grains derived from the breakdown of rocks by environmental processes.","P",
560,144513,"GAMMA SPECTROMETRY","Y","A technique that uses the emission of gamma rays of specific energies to identify the presence and concentration of certain radioactive isotopes in a sample","P",
560,144514,"ALPHA SPECTROMETRY","Y","A technique that uses the emission of alpha particles of specific energies to identify the presence and concentration of certain radioactive isotopes in a sample","P",
560,144515,"BRICK","Y","Material used for construction, commonly fired in its manufacture.","P",
560,171006,"TRACTION ANIMALS","Y",,"P",
560,171007,"Draught Animals","N",,"N",
560,171008,"Pets","N",,"N",
560,171010,"GUARD ANIMALS","Y",,"P",
560,171011,"PACK ANIMALS","Y",,"P",
560,171012,"RIDING ANIMALS","Y","Use for the presence of animals interpreted as having been ridden e.g. horses.","P",
560,171014,"CAULKING","Y",,"P",
560,171000,"PLANT MACROFOSSIL","Y","Use for seeds, fruits, buds etc. To describe the actual object use Plant Remains","P",
560,171015,"CEREAL THATCHNG","Y",,"P",
560,171016,"NON-CEREAL THATCHING","Y",,"P",
560,171017,"PACKING MATERIAL","Y","Use where plant material is present in a container (context) or associated with artefacts that suggest it was used as packing.","P",
560,170619,"FORAMINIFERA ANALYSIS","Y","The study of foraminifera preserved in deposits.","P",
560,171018,"TURVES","Y",,"P",
560,171019,"STRUCTURAL TIMBER","Y",,"P",
560,171020,"CRAFT WORKING","Y","Use where there is evidence for the use of plants and animals in the manufacture of objects. Use more specific terms where known.","P",
560,171021,"BASKETRY","Y",,"P",
560,171013,"CONSTRUCTION MATERIALS","N","Use where there is evidence materials have been used in construction, including decoration.","P",
560,171022,"BONE WORKING","Y","Use for evidence of working of bone, antler, horn or tooth.","P",
560,170622,"Bioarchaeology","N",,"N",
560,170623,"Osteoarchaeology","N",,"N",
560,170612,"PALYNOLOGY","Y","The study of pollen and non-pollen palyomorphs preserved within deposits, including peat.","P",
560,170613,"PALAEOENVIRONMENTAL ANALYSIS","Y","The study of biological remains preserved within  deposits, including peat.","P",
560,170614,"DIATOM ANALYSIS","Y","The study of diatoms preserved in deposits.","P",
560,170615,"ARCHAEOMALACOLOGY","Y","The study of mollusca remains preserved within archaeological deposits and palaeoenvironmental archives.","P",
560,170616,"ZOOARCHAEOLOGY","Y","The study of vertebrate remains, excluding human remains, preserved within archaeological deposits and palaeoenvironmental archives. Use archaeomalacology for the study of mollus remains and palaeoentomology for the study of insect remains.","P",
560,171002,"ANIMAL ROLES","N","Use where there is evidence for specific roles being performed by animals.","P",
560,170617,"Archaeozoology","N",,"N",
560,171004,"COMPANION ANIMALS","Y",,"P",
560,170620,"PALAEOENTOMOLOGY","Y","The study of insect remains preserved within archaeological deposits and palaeoenvironmental archives.","P",
560,170618,"ARCHAEOBOTANY","Y","The study of plant remains, typically seeds, fruits, wood, leaves etc, preserved within archaeological deposits and palaeoenvironmental archives. Use palynology when pollen and spores are being analysed as opposed to macroscopic plant remains.","P",
560,171040,"MEAT PRODUCTION","Y","Use where meat production is interpreted as a primary economic focus for species which may have multiple functions or products e.g. sheep, rabbits, pigeons.","P",
560,170671,"ARCHAEOMETALLURGY","Y","The the study of metalworking structures, tools, waste products and finished metal artefacts, from the Bronze Age to the recent past. It can be used in the field and in post excavation to identify and interpret metalworking structures, tools, waste etc.","P",
560,170670,"MORTAR ANALYSIS","Y","Sampling and analysis of historic mortars to determine mortar composition. For radiocarbon dating of organic traces within the mortar (relict mortar fuel), use Radiocarbon Dating.","P",
560,170621,"HUMAN OSTEOLOGY","Y","The study of human remains preserved within archaeological deposits and palaeoenvironmental archives.","P",
560,171001,"INTERPRETATIONS","N",,"P",
560,170642,"SLAG","Y","A by-product usually from the smelting process.","P",
560,171070,"WILD PLANT USE","Y","Use where there is evidence for the use of wild resources by people as opposed to evidence for the presence of a particular type of habitat or vegetation.","P",
560,171053,"FLAX RETTING","Y",,"P",
560,171054,"MALTING","Y","Use for the remains of sprouted grain and/or detached coleoptiles (comings) after van der Veen 2007.","P",
560,171023,"Tooth Working","N",,"N",
560,171057,"FOOD PRESERVATION","Y","Use where there is evidence for the preservation of food, including salting, smoking, drying of meat or fish.","P",
560,171038,"FODDER PRODUCTION","Y","Use where there is clear evidence for the production of fodder. Use hay where this is indicated and stable waste where the remains of animal bedding and animal dung are present.","P",
560,171060,"Tawning","N",,"N",
560,171061,"SOCIAL BEHAVIOUR","Y","Use where the remains of plants and animals can be interpreted as evidence for a specific social behaviour.","P",
560,171063,"FEASTING","Y",,"P",
560,171064,"FUNERARY USE","Y","Use for pyre material, pyre goods, grave goods or components.","P",
560,171065,"HUNTING AND TRAPPING","Y","Use where there is evidence that hunting or trapping reflects social factors.","P",
560,171066,"IMPORTATION  OF GOODS","Y","Importation of animals, animal parts, plants, plant parts","P",
560,171067,"SEASONALITY","Y","Use where there is evidence for activities happening at a  particular time of year (season).","P",
560,171052,"CEREAL PROCESSING PRODUCT","Y",,"P",
560,171069,"STORAGE","Y",,"P",
560,171055,"BONE PROCESSING","Y","Use where there is evidence for the extraction of non-muscle meat components from bones, e.g. marrow, fats, collagen, including soup kitchen assemblages.","P",
560,171071,"CHARCOAL PRODUCTION","Y",,"P",
560,171072,"WOODLAND MANAGEMENT","Y","Use where there is evidence of woodland management, including coppicing and/or pollarding.","P",
560,171073,"Coppicing","N",,"N",
560,171074,"Pollarding","N",,"N",
560,171075,"FUEL USE","Y",,"P",
560,171076,"GATHERING","Y","Use when there is clear evidence for gathered plants due to the taxon (taxa) being found in a particular context such as a container or in significant concentrations.","P",
560,171077,"HAY","Y","Use where the distinctive flora associated with traditionally managed hay meadows has been found in association, including Rhinanthus minor, Leucanthemum vulgare, Centaurea nigra, Sanguisorba officinalis, Filipendula ulmaria and various grasses.","P",
560,171079,"MEDICINAL USE","Y","Use where plants or animal parts have been interpreted as used for medicinal purposes by the specialist, because of context or associated finds, or because of concentrations of a limited range of taxa with known properties.","P",
560,171080,"PEAT BURNING","Y","Use where peat or sods (turf) has been used as fuel.","P",
560,171081,"Falconry","N",,"N",
560,171082,"ANIMAL FIGHTING","Y","Use where there is zooarchaeological evidence for animal types, physical modifications or pathologies, or contextual associations, which suggest use of animals for fighting, such as bear-baiting or cockfighting.","P",
560,171083,"Cockfighting","N",,"N",
560,171084,"Baiting","N",,"N",
560,171068,"SOCIAL DIFFERENTIATION","Y","Use where there is evidence that allows the distinction of social status, e.g. elite, ecclesiastical, impoverished.","P",
560,171034,"TABLE WASTE","Y",,"P",
560,171024,"Antler Working","N",,"N",
560,171025,"Horn Working","N",,"N",
560,171026,"SKIN WORKING","Y",,"P",
560,171027,"TANNING","Y",,"P",
560,171028,"TEXTILE PRODUCTION","Y",,"P",
560,171029,"WOOD WORKING","Y",,"P",
560,171030,"DEPOSITION","Y","Use for the deposition of material that has a documented signature in the archaeological record.","P",
560,171031,"KITCHEN WASTE","Y",,"P",
560,171059,"ROASTING","Y","Use for evidence of roasting meat, nuts etc.","P",
560,171033,"STRUCTURED DEPOSITION","Y","Use where remains, including Associated Bone Groups (ABGs), in their own right, or in association with other remains indicate carefully considered placement, suggesting the act of depositing the material held significance to those involved.","P",
560,171051,"CEREAL PROCESSING BY-PRODUCT","Y",,"P",
560,171035,"HUSBANDRY","Y","Use where the remains of plants and animals indicate husbandry regimes, including the care and raising of animals and the cultivation of plants for food and other uses. Use a narrow term where possible.","P",
560,171036,"DAIRYING","Y",,"P",
560,171037,"EGG PRODUCTION","Y",,"P",
560,171046,"INFESTATION","Y","Use where there is clear evidence of the presence of pests or other detrimental organisms.","P",
560,171050,"BREWING","Y","Use where brewing waste and/or the presence of beer additives are present after K E Behre (1999). Use malting where sprouted grain or detached sprouts are present.","P",
560,171049,"PROCESSING","N","Use where there is evidence for the processing of plants and animals to produce different types of product. Use terms under craft working where manufacture of objects is evidenced.","P",
560,171032,"STABLE WASTE","Y","Use where there is evidence for a mixture of animal bedding and dung.","P",
560,171047,"FUNGAL INFESTATION","Y","Use when ergot or other fungi  are present and associated with a particular taxa.","P",
560,171045,"WOOL PRODUCTION","Y",,"P",
560,171044,"TRANSHUMANCE","Y",,"P",
560,171043,"SELECTIVE BREEDING","Y","Use where there is evidence for change in size and shape or other characteristics (e.g. coat colour), through intended manipulation or introductions.","P",
560,171042,"ON-SITE BREEDING","Y",,"P",
560,171041,"NUTRITIONAL STRESS","Y",,"P",
560,171039,"MANURING","Y",,"P",
560,171048,"INSECT INFESTATION","Y","Use when either the remains of insect pests are presencet or there is clear evidence of their presence such as holes or frass","P",
