"CLA_GR_UID","THE_TE_UID","TERM","INDEX_TERM","SCOPE_NOTE","STATUS","IMAGE_EXISTS"
225,124793,"FLYING BOMB","Y","A pilotless aircraft armed with explosives and fuelled to stall over its intended target.","P",
225,124794,"V1","Y","Jet-propelled, pilotless aircraft carrying a one-ton explosive warhead. Also known as the Fieseler FI-103, the V1 was nicknamed the doodlebug, or buzz bomb.","P",
225,133173,"HAMPDEN","Y","Four-seat, twin-engined medium bomber. Entered service in 1938. After serving Bomber Command from 1939-42, was converted to a torpedo-bomber and mine-layer with RAF Coastal Command.","P",
225,133193,"ANSON","Y","Twin-engined monoplane originally designed as a reconnaissance aircraft, but also widely used as a trainer. Entered RAF service in 1936.","P",
225,133195,"BULLDOG","Y","A single-seat, biplane fighter. One of the last open cockpit types to see widespread service with the RAF, equipping 10 squadrons and, at one point, 70% of the Home Defence fighter force.","P",
225,133197,"Tomahawk","N",,"N",
225,133199,"BOSTON","Y","American A-20 twin-engined, light, day bomber. Some supplied to the RAF and known as the Boston I. Subsequent variations adapted to night flying and re-christened the Havoc.","P",
225,133202,"ME410","Y","Developed from the ill-fated ME210, the ME410 Hornisse entered service in May 1943. Although underpowered as a day fighter the ME410 saw service over the UK as a night fighter from 1943-45.","P",
225,133204,"HARVARD","Y","Two-seat, single-engine, advanced-pilot trainer. Square-winged and fitted with dual controls, this popular trainer was used by British Commonwealth, as well as American and Canadian, air forces.","P",
225,133208,"TEST AIRCRAFT","Y","An aircraft designed for the testing of engines or other aircraft components.","P",
225,111367,"LANCASTER","Y","Four-engined heavy bomber, developed by Avro from the twin-engined Manchester. Entered service in 1942 as the RAF's principal night bomber and took part in the 1,000 bomber raids as well as the famous Dam Busters raid.","P",
225,125513,"NORTH AMERICAN","Y","North American Aviation, Inc., incorporated in Delaware in 1928.","P",
225,125553,"B17 FLYING FORTRESS","Y","American, four-engined, medium/heavy day bomber. Entered service in 1937. The prototype was nicknamed the Flying Fortress, which later became a registered trademark.","P",
225,125533,"B24 LIBERATOR","Y","American, four-engined, long range, medium/heavy day bomber. Produced in greater numbers than any other American aircraft during the war.","P",
225,125554,"B29 SUPERFORTRESS","Y","American, four-engine, long range, heavy strategic bomber. Entered service in 1943 and used exclusively against Japanese forces. The B29s Enola Gay and Bock's Car were used to drop atomic bombs on Hiroshima and Nagasaki in 1945.","P",
225,125593,"B26 MARAUDER","Y","American twin-engined medium bomber. Entered service with the US 22nd Bombardment Group at Langley Field in February 1941. Also served with the 14th and 39th RAF squadrons.","P",
225,123733,"AIRCRAFT TYPE","N","Types of aircraft to aid the recording of aircraft remains and crash sites, listing aircraft by form, function and manufacturer.","P",
225,111353,"SUPERMARINE","Y","The Supermarine Company was formed in 1912 and specialised in producing sea-going aircraft, including several Schneider Trophy winners. Taken over by Vickers-Armstrongs Ltd., in 1938.","P",
225,111358,"AIRCRAFT <BY MANUFACTURER>","N","Aircraft grouped according to their manufacturer.","P",
225,111363,"JU87","Y","A single-engine dive-bomber, the JU87 was very successful during the invasions of Poland and France but suffered heavy losses during the Battle of Britain. Withdrawn from NW Europe in 1941 for use in the Mediterranean and on the Eastern Front.","P",
225,111370,"HE111","Y","The main German, medium bomber of the war, the HE111 first saw action during the Spanish Civil War. HE111s took part in the Battle of Britain and from 1944 onwards were used to launch airborne flying bombs against London.","P",
225,111373,"ME110","Y","Developed as a long range, heavy day-fighter, the ME110 found its niche as a night fighter. It saw service over Southern and Eastern England during the Battle of Britain but lost out in the daytime to the faster British fighters.","P",
225,111377,"WHITLEY","Y","Twin-engined bomber. The Whitley was the first 'heavy' bomber to be built in quantity for the RAF and made the first bombing attack on Germany in May 1940. It was later used for convoy protection and reconnaissance.","P",
225,111393,"AIRCRAFT <BY FORM>","N","Aircraft grouped according to their physical form.","P",
225,111394,"AIRCRAFT <BY FUNCTION>","N","Aircraft grouped according to their function.","P",
225,111397,"FIGHTER","Y","A light, high-speed aircraft designed to engage in aerial combat.","P",
225,111398,"BOMBER","Y","A large, powerful aircraft, usually with two or more engines, designed to carry a payload of bombs.","P",
225,111399,"FIGHTER BOMBER","Y","A light, high speed aircraft designed to engage in aerial combat and also equipped to carry bombs.","P",
225,111402,"MONOPLANE","Y","An aircraft with a single wing, or plane, either side of its fuselage.","P",
225,111403,"BIPLANE","Y","An aeroplane with two wings, or planes, placed one above the other either side of the fuselage.","P",
225,111425,"Stuka","N",,"N",
225,111426,"DO17","Y","A streamlined, twin-engined bomber, the DO17 entered service in 1937 with the Condor Legion, having started life as a high-speed mail and passenger transport aircraft, a role for which it was ill-suited due to the narrowness of the fuselage.","P",
225,111427,"DO217","Y","A progressive development of the DO17, the twin-engined DO217 entered service in 1941. The DO217 saw service as a bomber over the UK and took part in the 'Baedecker' raids of 1942.","P",
225,111430,"LIGHT AIRCRAFT","Y","Generally understood to mean aircraft whose normal loaded weight is less than 2750kg (6060 lb).","P",
225,111431,"Pencil Bomber","N",,"N",
225,111435,"B25 MITCHELL","Y","American twin-engined medium bomber and ground-attack aircraft that entered service in 1941. A small number were delivered to the RAF under the British designation Mitchell I.","P",
225,111437,"Flying Fortress","N",,"N",
225,111438,"Superfortress","N",,"N",
225,111439,"Bf109","N",,"N",
225,111440,"Bf110","N",,"N",
225,111443,"BATTLE","Y","British three-seat, single-engine light bomber. All metal in construction, this monoplane had a 1000 lb bomb load.","P",
225,133201,"OXFORD","Y","Twin-engined monoplane that served the RAF as an advanced trainer and flying ambulance. Mk. I featured a gun turret and served for gunnery and bombing-crew training. Subsequent versions used for pilot, radio and navigation training.","P",
225,125517,"P38 LIGHTNING","Y","Twin-engined, single-seat fighter-bomber. Flown by USAAF fighter groups from 1942, excelled as a ground-support fighter. Could carry two 1600 lb bombs or rocket projectiles.","P",
225,137212,"P39 AIRACOBRA","Y","Single-seat fighter-bomber with a single, midships engine and tricycle landing gear. After proving a failure as an air-combat fighter, was used mainly in the ground attack role.","P",
225,125493,"P47 THUNDERBOLT","Y","Single-seat, single-engine fighter-bomber. Fitted with eight fixed forward-firing machine guns in the wings, plus two 1000lb bombs or six rocket projectiles.","P",
225,125514,"P51 MUSTANG","Y","Single-engine, single-seat, long range fighter originally designed in 1940 to a British requirement. Outstanding low-level speed and range resulted in its assignment to the ground support (Army co-operation) role.","P",
225,137224,"RELIANT","Y","Single-engine navigation trainer and communications aircraft. Constructed of tubular steel and duralumin frame, with a duralumin and canvas covering, 500 were delivered to the FAA, serving from 1944-5.","P",
225,137209,"SEAFIRE","Y","Single-engine, single-seat carrierborne fighter: a Spitfire VB fitted with an arrester hook. Modifications on later versions included folding wings, rocket-assisted take-off gear and conversion for photo-reconnaissance duties.","P",
225,133194,"SKUA","Y","Single-engine fighter/dive-bomber. The Fleet Air Arm's first operational monoplane, and its first aircraft to shoot down an enemy during the war.","P",
225,111334,"SPITFIRE","Y","Single-engine, single-seat interceptor fighter developed from the race-winning Schneider Trophy seaplanes. One of the most famous of all combat aircraft, entered RAF service in 1938 and was still in use in the 1950s.","P",
225,111422,"STIRLING","Y","Seven/eight-crew, heavy night-bomber. The first four-engine bomber to join the RAF, with a bomb load of 14000 lb, entered service in 1940. Superseded as a bomber by the Lancaster and Halifax, later versions served as transports and tugs.","P",
225,111442,"SWORDFISH","Y","Single-engine, three-crew torpedo-spotter, reconnaissance and anti-submarine biplane. Entered Naval service in 1936, designed for operation from aircraft carriers and equipped with folding wings.","P",
225,137219,"TBF AVENGER","Y","Three-crew, single-engine carrierborne torpedo-bomber. Entered service in 1942, first seeing action during the Battle of Midway. Served with the US Navy until 1956.","P",
225,137204,"TEMPEST","Y","Single-engine, single-seat fighter-bomber developed from the Typhoon and the abandoned Tornado. Entered service in 1944 with its greatest success being in destroying V.1. flying bombs. One of the fastest World War 2 aircraft, with a top speed of 436 mph.","P",
225,138462,"Warhawk","N",,"N",
225,134998,"TYPHOON","Y","Single-engine, single-seat fighter-bomber. Designed to replace the Hurricane as an interceptor, excelled as a rocket-projectile-firing ground-attack fighter. Entered RAF service in 1941.","P",
225,137232,"UC64 NORSEMAN","Y","Canadian-built, single-engine, high-wing transport and communications aircraft converted from a civilian model. Metal-framed with fabric covering, saw service in 1944-5. Was capable of being equipped with wheels, floats or skis.","P",
225,137226,"VENGEANCE","Y","Single-engine aircraft designed as a dive-bomber. Found to be inadequate in this role, a number of those delivered to the RAF were used as target tugs. Entered service in 1941.","P",
225,137130,"WARWICK","Y","Twin-engined air/sea rescue and anti-submarine patrol aircraft. Originally developed from the Wellington and intended as a bomber, entered RAF Coastal Command service in 1943. Fitted with a Leigh Light and ASV radar.","P",
225,111419,"WELLINGTON","Y","Six-crew, twin-engined medium night-bomber. Entered service in 1938 and was the RAF's principal bomber until 1943, participating in the first bombing raid of the war. Later versions served as torpedo and reconnaissance-bombers, transports and trainers.","P",
225,138463,"Haig","N",,"N",
225,133209,"ATTACKER","Y","Single-seat carrierborne jet fighter. Originally conceived as an RAF land-fighter, entered Fleet Air Arm service in 1951 and was the first jet fighter to be standardised in first-line squadrons.","P",
225,137208,"STRANRAER","Y","Twin-engined, seven-crew, coastal reconnaissance, biplane flying-boat. Designed to the same specification as the Saro London, entered service in 1937. Also serving in an anti-submarine role, was replaced by the Consolidated Canso (Catalina) in 1943.","P",
225,137194,"AIRSHIP","Y","An aircraft lifted by gas bags, containing hydrogen or helium, but propelled by engines. Also known as a dirigible balloon, firm and streamlined in shape and incapable of high speeds. Used extensively during World War One.","P",
225,111395,"FLYING BOAT","Y","An aeroplane with the capability to land at sea, the underside of its fuselage shaped like the hull of a sea-going vessel and designed to make contact with the water.","P",
225,137110,"GLIDER","Y"," An engineless aeroplane, designed to be towed aloft, that travels suspended by upward air currents.","P",
225,111396,"SEAPLANE","Y","An aircraft designed to land on water. They can be divided into 2 types: Flying boats (designed with a hull allowing the aircraft to land directly on water) and Floatplanes (where the undercarriage was replaced by fixed floats).","P",
225,137191,"TRIPLANE","Y","An aeroplane featuring three wings, or planes, placed one above the other either side of its fuselage.","P",
225,138483,"U6a Beaver","N",,"N",
225,125573,"LINCOLN","Y","Four-engine, long range heavy bomber. Developed from the Lancaster, and originally designated the Lancaster Mk. IV, it was larger in size, bombload and fuel capacity. Never used operationally in World War Two.","P",
225,133233,"Fo108","N",,"N",
225,138484,"CHANCE VOUGHT","Y","Chance Vought Division of the United Aircraft Corporation. Was reconstituted as a separate division in 1943, after being part of the Vought-Sikorsky division, to concentrate on the production of combat aircraft.","P",
225,138485,"CORSAIR","Y","Single-engine, single-seat fighter. Entered service in 1943 as a land-based fighter. Converted to a carrierborne fighter in 1944 for use by US Navy and Fleet Air Arm. Mostly saw action in the Pacific and Far East.","P",
225,135851,"TARGET","Y","An aircraft, usually towed or radio-controlled, designed for use as an air-to-air, or ground-to-air, gunnery target.","P",
225,135730,"RECONNAISSANCE","Y","An aircraft, often fitted with cameras, intended to fly over enemy territory to ascertain its strategic features and/or the position and strength of any military presence.","P",
225,111424,"TRANSPORTER","Y","An aircraft used for the transportation of troops, supplies, vehicles or passengers.","P",
225,111401,"TRAINER","Y","An aircraft used for the training of pilots, sometimes fitted with dual controls for use by the instructor.","P",
225,133200,"AIRSPEED","Y","Airspeed (1934) Ltd. registered in 1934 when associated with shipbuilders Swan, Hunter and Wigham Richardson Ltd.. Acquired by de Havilland in 1940, maintaining own identity and changing name to Airspeed Ltd. in 1944.","P",
225,111376,"ARMSTRONG WHITWORTH","Y","Sir W. G. Armstrong Whitworth Aircraft, Ltd. formed in 1921. Controlled by the Armstrong Siddeley Development Co., Ltd., a subsidiary of the Hawker Siddeley Aircraft Co., Ltd. from 1935. Pioneers in the development of all-metal aircraft.","P",
225,111355,"AVRO","Y","A. V. Roe & Co., Ltd. formed in 1909. A subsidiary  of the Hawker Siddeley Aircraft Co., Ltd. from 1935, having formerly been a member of the Siddeley group. Produced such notable aircraft as the Lancaster, the York and the Anson.","P",
225,111374,"BLACKBURN","Y","Blackburn Aircraft, Ltd., founded by Robert Blackburn, who produced his first aircraft in 1910. Specialised in the production of torpedo-carrying aircraft.","P",
225,135749,"BOULTON PAUL","Y","Boulton Paul Aircraft, Ltd., formed in 1934 to take over the  Aircraft Department of Boulton & Paul, Ltd.","P",
225,111357,"BRISTOL","Y","The Bristol Aeroplane Co., Ltd.. Founded in 1910 by Sir George White, a pioneer of electric tramways. The company had previously been The British and Colonial Aeroplane Co., Ltd..","P",
225,111368,"DE HAVILLAND","Y","The de Havilland Aircraft Co., Ltd., founded in 1920 by Sir Geoffrey de Havilland, C.B.E., A.F.C., F.R.Ae.S. Originally developers of commercial aircraft, were responsible for such notable wartime aircraft as the Mosquito and the Tiger Moth.","P",
225,111441,"FAIREY","Y","The Fairey Aviation Co. Ltd., established 1916 by Sir Richard Fairey. During WW2 formed a group production scheme with Blackburn Aircraft, Ltd. and Boulton Paul Aircraft, Ltd..","P",
225,133207,"FOLLAND","Y","Formed in 1936 as British Marine Aircraft Ltd. to construct civil flying-boats. In 1937, with the arrival of H P Folland, formerly Chief designer for Gloster Aircraft Co., became Folland Aircraft, Ltd..","P",
225,111413,"GLOSTER","Y","Gloster Aircraft Co., Ltd. formed in 1917, later became part of the Hawker Siddeley Group. First British or American company to design, build and fly a jet-propelled aircraft.","P",
225,111359,"HAWKER","Y","Hawker Aircraft, Ltd., established 1933 to succeed the H. G. Hawker Engineering Co., Ltd., which had been formed in 1920 as the result of the voluntary liquidation of the renowned Sopwith concern.","P",
225,133205,"MILES","Y","Miles Aircraft, Ltd., originally known as Phillips & Powis Aircraft Ltd.. Formed in 1935 as a public company to take over aircraft manufacture from Phillips & Powis Aircraft (Reading) Ltd.","P",
225,137205,"PERCIVAL","Y","The Percival Aircraft Company was formed in 1932 and re-organized as Percival Aircraft Ltd. in 1937, when the works moved from Gravesend to Luton.","P",
225,111421,"SHORT","Y","Short Bros. (Rochester & Bedford), Ltd. founded by Eustace and Oswald Short in 1898, originally manufacturing spherical balloons. In 1936 became Short & Harland Ltd. in collaboration with Belfast shipbuilders Harland and Wolff.","P",
225,111420,"VICKERS","Y","Vickers (Aviation) Ltd. formed in 1911, as the aviation division of Vickers Ltd., and took control of Supermarine Aviation Works Ltd. the same year. Taken over by Vickers-Armstrongs Ltd. in 1938.","P",
225,135930,"WESTLAND","Y","Westland Aircraft Ltd., formed in 1935 to take over the aircraft branch of Petters Ltd., previously known as the Westland Aircraft Works.","P",
225,137211,"BELL","Y","Formed in 1935 by Lawrence D. Bell, Ray P. Whitman and Robert J. Woods, who left the Consolidated Aircraft Corporation when it moved its factory from Buffalo to San Diego. Sub-contracted work before its first original design, the XFM-1, in 1937.","P",
225,111433,"BOEING","Y","The Boeing Aircraft Company, established 1916. A subsidiary of The Boeing Airplane Company. Notable aircraft produced include the B17 Flying Fortress and the B29 Superfortress.","P",
225,137213,"BREWSTER","Y","The Brewster Aeronautical Corporation was founded in 1932, taking over the plant, equipment, designs and goodwill of Brewster & Co., Inc.'s aircraft division. Initially manufacturing seaplane components, later designed and produced complete aircraft.","P",
225,111417,"CONSOLIDATED","Y","The Consolidated Aircraft Corporation. In 1943 merged with Vultee Aircraft, Inc. to form the Consolidated Vultee Aircraft Corporation.","P",
225,133198,"DOUGLAS","Y","The Douglas Aircraft Company, Inc., established in 1920, reorganized in 1928. Produced such notable aircraft as the Dakota.","P",
225,137218,"GRUMMAN","Y","The Grumman Aircraft Engineering Corporation founded by Leroy R Grumman and incorporated in 1929.","P",
225,125516,"LOCKHEED","Y","The Lockheed Aircraft Corporation. Founded in 1916 by Allen and Malcolm Loughead. In 1926 the company moved to Burbank and changed its name to The Lockheed Aircraft Company, and was then incorporated in 1932.","P",
225,137223,"STINSON","Y","The Stinson Division of The Consolidated Vultee Aircraft Corporation. Originally the Stinson Aircraft Division of the Aviation Manufacturing Corpn., who were taken over by Vultee Aircraft Inc., who merged with the Consolidated Aircraft Corpn. in 1943.","P",
225,137225,"VULTEE","Y","Vultee Aircraft, Inc.. In 1943 merged with The Consolidated Aircraft Corporation to form The Consolidated Vultee Aircraft Corporation.","P",
225,111364,"JU88","Y","A twin-engined, multi-role aircraft built by Junkers. Originally designed as a medium bomber with the speed of a fighter, but its adaptability allowed it to fulfil the roles of night fighter, torpedo-bomber, anti-tank aircraft and photo-reconnaissance.","P",
225,111333,"ME109","Y","Single-engine, single-seat fighter manufactured by Messerschmitt. First used as part of Germany's Condor legion during the Spanish Civil War, the 'one-o-nine' was the Luftwaffe's most widely used fighter seeing service throughout World War II.","P",
225,118653,"MESSERSCHMITT","Y","Founded by Professor Willy Messerschmitt as the Bayerische Flugzeugwerke. Reconstituted in 1938 as the Messerschmitt A.G..","P",
225,138507,"CONSOLIDATED VULTEE","Y","The Consolidated Vultee Aircraft Corporation. Formed in 1943 with the merging of The Consolidated Aircraft Corporation and Vultee Aircraft, Inc..","P",
225,138508,"VICKERS ARMSTRONGS","Y","Vickers-Armstrongs Ltd.. In 1938 took over Vickers (Aviation) Ltd., which itself had taken control of Supermarine Aviation Works Ltd. in 1928.","P",
225,133214,"FOCKE WULF","Y","Focke-Wulf Flugzeugbau G.m.b.H.. Founded in 1924 and amalgamated in 1931 with the Albatross-Flugzeugwerke G.m.b.H.. Converted to a G.m.b.H. in 1937.","P",
225,111356,"HEINKEL","Y","Ernst Heinkel A.G.. Formed in 1922 by Dr. Ernst Heinkel, previously Chief Designer with Hansa-Brandenburgische Flugzeugwerke, where he produced many notable seaplanes during World War One.","P",
225,111362,"JUNKERS","Y","Junkers Flugzeug und Motorenwerke, A.G.. Formed in 1910 with Professor Junkers being granted a patent for an all-wing aeroplane. Produced first successful all-metal aeroplane, the Junkers J1, in 1915.","P",
225,137227,"WACO","Y","The Waco Aircraft Company, established in 1921. One of the largest pre-war producers of civil aircraft in America, Waco specialised in the production of troop and cargo carrying gliders during World War Two.","P",
225,111423,"NIGHTFIGHTER","Y","A light, high speed aircraft equipped specifically to engage in night combat.","P",
225,111361,"DORNIER","Y","Originally the Zeppelin Werk Lindau G.m.b.H., developed metal aircraft from World War One under the guidance of Dr. Ing. Claude Dornier, changing its name to Dornier-Werke G.m.b.H. in 1922.","P",
225,111415,"HANDLEY PAGE","Y","Handley Page, Ltd.. Founded by Sir Frederick Handley Page, this was the first limited company to be incorporated in Great Britain for the purpose of aircraft manufacture.","P",
225,137190,"HEAVY BOMBER","Y","Long-range, usually four-engined, bomber designed to carry a large bomb payload.","P",
225,137189,"LIGHT BOMBER","Y","High speed, short to medium-range bomber, usually powered by two engines.","P",
225,111400,"PHOTO RECONNAISSANCE","Y","A camera-equipped aircraft intended to fly over enemy territory and gather photographic evidence of strategic features and/or the position and strength of any military presence.","P",
225,136232,"SOPWITH","Y","The Sopwith Aviation Co., Ltd.. Established in 1911 by the noted aviator Mr T. O. M. Sopwith. Produced many notable aircraft, including the Camel and a Schneider Cup-winning seaplane.","P",
225,125613,"MARTIN","Y","The Glenn L. Martin Company, established in 1909 by Glenn L Martin. Produced the first successful American-designed twin-engined aeroplane, the Martin Twin, which was then converted for use as a passenger aircraft.","P",
225,137231,"NOORDUYN","Y","Noorduyn Aviation Limited. Formed in 1934 by Mr R.B.C. Noorduyn as a successor to Noorduyn Aircraft Limited, which was formed in 1933. The company's most notable production aircraft was the Norseman transport.","P",
225,125494,"REPUBLIC","Y","The Republic Aviation Corporation. Developed from the Seversky Aircraft Corporation, founded by Alexander P. de Seversky in 1931 after the collapse of his previous company, the Seversky Aero Corporation, in the 1929 stock market crash.","P",
225,125614,"ENGLISH ELECTRIC","Y","The English Electric Company Limited. Formed in 1918, but didn't move into aircraft production until 1938, at the Government's request. Continued to develop aircraft after the war and in 1948 produced the `Canberra', Britain's first jet-propelled bomber.","P",
225,136252,"FELIXSTOWE","Y","Marine Aircraft Experimental Establishment, RAF Felixstowe. Developed seaplanes and flying boats until World War Two, when the establishment moved to Helensburg, Scotland.","P",
225,138532,"AIRCO DH1","Y","A single-seat, pusher prop, escort and patrol-fighter. Used in the UK in a Home Defence role until superseded in 1917.","P",
225,138533,"AIRCO DH2","Y","A single-seat fighter which began service with the RFC's fighter squadron in 1916. Some short-term success in dealing with new Fokkers but was withdrawn from service in mid-1917.","P",
225,138534,"AIRCO DH4","Y","A two-seat, single-engine bomber. Fast, versatile and well armed, but with a fuel tank poorly placed between pilot and gunner, was considered to be the best day bomber of the First World War. Later entered civil service.","P",
225,138535,"AIRCO DH5","Y","The DH5 was an attempt to give a tractor-type fighter a good forward view. However it suffered from unpleasant flying characteristics and, as a result, had a short service career.","P",
225,138536,"AIRCO DH6","Y","Originally designed as a trainer but relegated to use by the RNAS in a Maritime Reconnaissance and anti-submarine role when the Avro 504 became the standard trainer.","P",
225,138537,"AIRCO DH9","Y","Developed from the DH4, featured the pilot and gunner cockpits in closer proximity, but suffered from engine reliability problems. Also known as the Ninak, saw service from 1918 to 1931.","P",
225,138538,"ARMSTRONG WHITWORTH FK3","Y","A two-seat, reconnaissance biplane developed from the FK2 with a more powerful, but heavier, engine. Primarily used for training in the UK.","P",
225,138539,"ARMSTRONG WHITWORTH FK8","Y","Single-engine, two-seat tractor bomber and reconnaissance aircraft. Entered service in 1916 and, during 1917 and 1918, equipped nine RFC squadrons in its reconnaissance role.","P",
225,138540,"AVRO 504","Y","An important two-seat, tractor biplane, initially used by the RFC in a reconnaissance role and by the RNAS as a bomber. Later converted to a single-seat Home Defence fighter and ultimately used as a trainer.","P",
225,138541,"BRISTOL F2B","Y","Highly successful, two-seat, biplane fighter and reconnaissance aircraft with both forward and rear facing guns. Designed to replace the BE2, it entered service with the RFC in mid-1917 and remained in service until 1932.","P",
225,138542,"DE HAVILLAND DH18B","Y","Large, single-engine, eight passenger airliner biplane.","P",
225,135586,"TIGER MOTH","Y","Single-engine, two-seat, light, biplane, elementary-flying trainer. Adapted from a civilian design, and constructed from tubular steel and spruce with plywood and fabric covering, entered service in 1931 and was available in land-plane or seaplane forms.","P",
225,135606,"L20A BEAVER","Y","Post-World War Two, single-engine, high-wing utility transport. Manufactured by De Havilland Canada, was also produced in a seaplane version. Known as the U6A from 1962.","P",
225,135729,"SUNDERLAND","Y","Four-engine, ten-crew, long-range maritime reconnaissance and anti-submarine aircraft. Developed from the Short C-class Empire airliner. All metal in construction, entered RAF Coastal Command service in 1938.","P",
225,135750,"DEFIANT","Y","British single-engine, two-seat night fighter. Originally intended as a day fighter, but withdrawn and converted in August 1940, this was the first fighter to incorporate a power-driven gun turret.","P",
225,135751,"TARGET TUG","Y","An aircraft used for the towing of targets.","P",
225,135769,"LOCKHEED VEGA","Y","A subsidiary of Lockheed.","P",
225,135850,"QUEEN BEE","Y","A radio-controlled target tug version of the Tiger Moth used for target practice. 380 were built for the RAF.","P",
225,135931,"WHIRLWIND","Y","Twin-engined fighter-bomber. All metal in construction, entered service in 1940. Supported bombing operations and participated in attacks on France, but not widely used due to engine faults.","P",
225,135932,"LYSANDER","Y","Single-engine, two-crew multi-role aircraft designed for RAF Army co-operation. Entered RAF service in 1938. Noted for its role dropping agents into Europe, also served as a night-fighter, day ground-attack aircraft and target tug.","P",
225,136030,"FLAMINGO","Y","Impressed civil, twin-engined airliner converted to a military transport. Thirty were ordered for military use, though only eleven were actually built. Entered service in 1940, with the last being scrapped in 1950.","P",
225,136031,"ARMY COOPERATION","Y","An aircraft used in the assistance of ground-based military operations.","P",
225,138543,"FOLLAND FO108","Y","Single-engine, testbed monoplane built to Air Ministry Specification 43/37. Only twelve were produced, the first of which tested the Sabre I engine in 1940, and were used throughout the war. The cockpit could seat two observers behind the pilot.","P",
225,138545,"Dh18b","N",,"N",
225,138546,"FELIXSTOWE F5","Y","Four-crew, twin-engined, general reconnaissance flying-boat. Entered service after World War One, becoming the RAF's standard flying-boat until replaced by the Supermarine Southampton in 1925.","P",
225,134999,"VENTURA","Y","Second World War allied patrol-bomber built by Lockheed Vega, a Lockheed subsidiary. This aircraft was a military development of the Lodestar, USAF designation B-34.","P",
225,136220,"MANCHESTER","Y","Twin-engined, medium bomber with a 1200 mile range and a bomb load in excess of 10,000 lb. Entered service in 1940, but engine faults resulted in retirement in 1942 with its design later modified into the acclaimed four-engine Lancaster bomber.","P",
225,136231,"GLOSTER II","Y","Single-engine, single-seat biplane seaplane built for the 1924 Schneider Cup Race.","P",
225,136233,"SNIPE","Y","Single-engined fighter, developed from the Camel. Entered service in 1918 and became the RAF's first mainstay peacetime fighter.","P",
225,136234,"VIRGINIA","Y","Twin-engined, four-crew bomber. Wooden framed, with linen covering, entered service in 1924, equipping several RAF squadrons.","P",
225,136250,"SOUTHAMPTON","Y","Interbellum, twin-engined, five-crew, biplane flying-boat with a characteristic triple tail-fin. Entered service in 1925 and used for general reconnaissance duties. The Mk.I had a wooden fuselage, whilst the Mk.II's was metal in construction.","P",
225,136251,"IRIS","Y","Large, three-engined, long range reconnaissance flying boat. Wooden hull and frame construction, with linen covering. Entered service in 1930.","P",
225,136253,"F5","N",,"N",
225,136510,"SHARK","Y","A torpedo-bomber and reconnaissance biplane in service with the Fleet Air Arm 1935-1938. Rendered obsolete after 1938 by the Swordfish and withdrawn from service.","P",
225,136511,"TORPEDO BOMBER","Y","Aircraft designed for the carrying and dropping of torpedoes.","P",
225,136512,"AIRCO","Y","Aircraft Manufacturing Co., Ltd. Established in 1912 by Mr G. Holt Thomas. In 1914 secured the services of Capt. Geoffrey de Havilland as designer-in-chief, who went on to lend his initials to a number of highly successful machines.","P",
225,136513,"Dh1","N",,"N",
225,136514,"Dh2","N",,"N",
225,136515,"Dh4","N",,"N",
225,136516,"Dh5","N",,"N",
225,136517,"Dh6","N",,"N",
225,136518,"Dh9","N",,"N",
225,136519,"Fk3","N",,"N",
225,136520,"Fk8","N",,"N",
225,136521,"ATLAS","Y","A two-seat, general purpose biplane. The first to be designed specifically for an Army Co-operation role, it entered service in late 1927. Ended its service as a communications and advanced trainer aircraft.","P",
225,136522,"SISKIN","Y","Single-engine, single-seat biplane day fighter developed by Siddeley. Variations included an all-metal, fabric-covered Mk.III, which became the RAF's main fighter in the 1920s.","P",
225,136523,"504","N",,"N",
225,136524,"ALDERSHOT","Y","A single-engine, heavy, long range, three to five-crew day bomber. Served only with 99 Squadron RAF, 1924-5.","P",
225,136525,"BISON","Y","A biplane, reconnaissance aircraft with a crew of 3 or 4 which equipped 3 and 22 squadrons RAF before passing to the Fleet Air Arm. Produced in two variants.","P",
225,136526,"TUTOR","Y","A two-seat trainer chosen to replace the Avro 504. 380 entered RAF service with many finding their way onto the civilian market at the end of their careers.","P",
225,136527,"Prefect","N",,"N",
225,136528,"F2b","N",,"N",
225,136530,"HENLEY","Y","Originally designed as a light bomber but diverted for use as a high speed target tug to replace out-dated biplanes.","P",
225,136531,"ROC","Y","A fighter version of the SKUA fitted with a four-gun turret. The majority were converted to target tugs for use by the RAF and Fleet Air Arm.","P",
225,136532,"BEAUFORT","Y","Twin-engined, four-seat torpedo-bomber designed to replace the Vildebeest. Entered service with RAF Coastal Command in 1939. Later versions incorporated a remote-controlled machine gun with periscope sight.","P",
225,136590,"Saro","N",,"N",
225,136591,"LERWICK","Y","Six-crew, medium-range, twin-engined reconnaissance flying-boat. Entered service with 209 Squadron in 1939 but, due to design and operation problems, saw little action and was not produced in large numbers.","P",
225,136592,"MAGISTER","Y","Miles M.14 Magister. Single-engine, two-crew training and communications aircraft. Spruce and plywood in construction, with open cockpits and a fixed landing gear, served between 1937 and 1945.","P",
225,136593,"GLADIATOR","Y","Single-seat, single-engine biplane fighter. In operational service from 1939 to 1941, this was the last, and believed to be the best, biplane to be flown in the RAF. All-metal in construction with fabric and aluminium covering.","P",
225,136610,"WALRUS","Y","Three/four-crew, single-engine, shipboard observation and air/sea rescue amphibian seaplane. Entered RAF service in 1936. Also employed for gunnery spotting, anti-submarine and convoy protection duties.","P",
225,137150,"CATALINA","Y","American-built, twin-engined flying-boat designed for maritime patrol and reconnaissance. Entered US Naval service in 1936 as the PBY-1; christened the Catalina by the RAF, who used it from 1939 on.","P",
225,137151,"DAKOTA","Y","Also known as the C-47 Skytrain, this twin-engined, military transport was developed from the DC-3 twenty-eight-seat commercial airliner and was the most extensively employed transport of the Second World War.","P",
225,137174,"HAVOC","Y","Originally a light day-bomber, the Boston II, re-christened the Havoc, was adapted for night-flying in the fighter-intruder role. Was capable of a top speed in excess of 300 mph.","P",
225,137193,"YORK","Y","Transport version of the four-engined Lancaster bomber. Serving from 1943 to 1951, and all metal in construction, this aircraft was used extensively during the Berlin airlift.","P",
225,137195,"ALBEMARLE","Y","Originally designed as a wood and steel bomber-reconnaissance aircraft, subsequent variations served as special transports, glider tugs and paratroop carriers. Featured a tricycle-style undercarriage.","P",
225,137197,"ALBACORE","Y","A biplane torpedo-bomber designed to be flown from aircraft carriers. Equipped with foldable wings for ease of storage. Joined Fleet Air Arm service in 1940, intended as a replacement for the Swordfish.","P",
225,137198,"BARRACUDA","Y","British multi-purpose, single-engined monoplane that served as a torpedo-bomber, dive-bomber, reconnaissance aircraft and in other roles. Equipped with folding wings for use aboard aircraft carriers.","P",
225,137200,"GENERAL AIRCRAFT","Y","General Aircraft Limited.","P",
225,137206,"PROCTOR","Y","Single-engine, spruce and plywood, fabric-covered training and communications low-wing monoplane. Served from 1939 to 1950.","P",
225,137207,"SAUNDERS ROE","Y","A British aero- and marine-engineering company based on the Isle of Wight specializing in the construction of flying boats.","P",
225,137210,"Sea Otter","N",,"N",
225,137214,"BERMUDA","Y","Originally ordered as land based dive-bombers, with 950 being delivered to the RAF, none are known to have flown operationally, instead apparently serving as target tugs. Bermuda was the name given to the Brewster SB2A Buccaneer in RAF service.","P",
225,137215,"BUFFALO","Y","American, all-metal-construction, fighter. Entered service in 1941. 209 were delivered to RAF/FAA, most of which were used in the Far East.","P",
225,137217,"CURTISS","Y","The Curtiss-Wright Corporation, Airplane Division, established in 1910. Notable aircraft produced include the Kittyhawk.","P",
225,137222,"Martlet","N",,"N",
225,137228,"CG4A HADRIAN","Y","American troop and supply-glider constructed from steel tube and fabric-covered wood, with a hinged nose to allow loading and unloading of troops or light vehicles. Also known as the Haig, this was the only US glider to see combat service.","P",
225,137230,"C47 Skytrain","N",,"N",
225,137233,"Do215","N","Export version of the DO17.","N",
225,111429,"BEAUFIGHTER","Y","British two-seat, twin-engined night fighter. Also used for roles such as long-range escort fighter, ground-attack and anti-shipping strike aircraft, bomber, torpedo-carrier and rocket fighter.","P",
225,111428,"BLENHEIM","Y","British twin-engined light/medium bomber developed from the model 142 civil transport. Noted for its speed, this three-crew monoplane had an all-metal, stressed skin structure and a 1000lb bomb load.","P",
225,111375,"BOTHA","Y","Four-crew, twin-engined monoplane designed as a torpedo-bomber and reconnaissance aircraft for RAF Coastal Command. Withdrawn from operations in November 1940 and downgraded to a trainer.","P",
225,134952,"JU188","Y","A twin-engined development of the JU88, the JU188 had a higher service ceiling and greater maximum speed. JU188s operated over the UK from 1944 onwards as night intruders and reconnaissance aircraft.","P",
225,134997,"FLOATPLANE","Y","A type of seaplane, with one or more slender pontoons (known as ""floats"") mounted under the fuselage to provide buoyancy.","P",
225,137234,"DO18","Y","German single-engine, four-seat maritime patrol and reconnaissance flying-boat. In production between 1934 and 1940, the DO18 was replaced by the three engined DO24.","P",
225,137235,"DO24","Y","German three-engined air/sea rescue and transport flying boat. Entered service in 1940 as a replacement for the DO18.","P",
225,137221,"F4F WILDCAT","Y","American, single-engine fighter designed for operation from US Naval aircraft carriers. Produced between 1940 and 1945, Wildcats provided to the British Fleet Air Arm were renamed Martlets.","P",
225,137220,"F6F HELLCAT","Y","American, single-engine fighter designed for operation from US Naval aircraft carriers. The Hellcat was a more powerful version of the Wildcat, a total of 1000 being provided to the Fleet Air Arm under Lend-Lease.","P",
225,137196,"FIREBRAND","Y","Fleet Air Arm fighter and torpedo-bomber, designed for operation from aircraft carriers. All-metal in construction, it entered service in 1944 and was rendered obsolete after the war by the advent of the jet aircraft.","P",
225,137192,"FIREFLY","Y","A single-engine, photo-reconnaissance fighter designed for operation from aircraft carriers. Later adapted as a night fighter, it entered service in 1943 and remained in production until 1956.","P",
225,137199,"FULMAR","Y","Single-engine, two-crew fighter, also used for convoy escort and reconnaissance. Designed to operate from aircraft carriers. Entered service with the Fleet Air Arm in 1940 and remained in use until 1945.","P",
225,111366,"FW190","Y","Single-seat, single-engine fighter-bomber and ground-attack aircraft. Entered service with the Luftwaffe in mid-1941. Approximately 20,000 were constructed between 1941 and the end of the war.","P",
225,137236,"FW200","Y","Long-range, four-engine reconnaissance-bomber. Initially produced as a transport, converted and used against Allied convoys in the Channel and the Atlantic. Also served as a VIP transport, one of which was the Immelmann III: Hitler's personal aircraft.","P",
225,137240,"Condor","N",,"N",
225,111416,"HALIFAX","Y","Four-engine, seven-crew heavy bomber. Entered service with RAF Bomber Command in 1940, becoming one of the twin sources of bomber strength along with the Lancaster. Also used for transport and glider tug duties.","P",
225,137201,"HAMILCAR","Y","Wood and fabric transport glider, twenty of which were produced with twin Bristol Mercury engines. Fitted with a hinged nose for loading and unloading, this was the largest glider used by the RAF and could accomodate a 7-ton tank.","P",
225,134996,"HE115","Y","Three-seat, twin-engined minelaying, torpedo-bombing and reconnaissance twin-float seaplane. First flown in 1936, in 1938 it set eight world speed records for its class in various range and payload categories.","P",
225,137237,"HE177","Y","Twin-engined, six-crew, heavy bomber. Conceived as a rival to the Lancaster and Flying Fortress, the HE177 was dogged by mechanical and structural problems. Of a thousand produced, only about two hundred saw action.","P",
225,137203,"HEREFORD","Y","Twin-engined, four-seat medium bomber. A re-engined variant of  the Hampden, less than 200 were built but never became operational due to engine unreliability. Some were converted to Hampdens.","P",
225,137111,"HORSA","Y","Troop and general transport glider. Almost entirely wooden in construction, many were manufactured by the furniture industry. Mk I featured a a door-ramp on the port side whilst the Mk II was fitted with a hinged nose.","P",
225,137202,"HOTSPUR","Y","Principal glider-pilot training glider fitted with tandem seats. Spruce and plywood in construction, the Hotspur served with the Glider Pilot Regiment between 1941 and 1945.","P",
225,133203,"HUDSON","Y","Twin-engined maritime-reconnaissance bomber adapted from pre-war American airliners, the A-28 and A-29, evident from the row of portholes along its fuselage. Entered service with RAF Coastal Command just before the outbreak of World War Two.","P",
225,111360,"HURRICANE","Y","Single-engine, single-seat fighter, also adapted as a night-fighter, fighter-bomber, rocket-projectile fighter and tank-buster. The first monoplane to enter RAF service with 14,000 being produced between 1937 and 1944.","P",
225,137229,"INVADER","Y","Three-seat tactical support aircraft. Entering service with the US 9th Air Force in 1944, the Invader had a bomb load of 4,000 lbs and was later used as a conventional medium bomber.","P",
225,137239,"JU86","Y","Two-crew, twin-engined bomber. Entered production in 1934 and designed for dual use as a high-speed commercial transport. Technical problems hindered its use as a bomber and led to conversion to high-altitude reconnaissance.","P",
225,137216,"KITTYHAWK","Y","Single-seat, single-engine fighter-bomber: Curtiss P40 Warhawk, known to the RAF as the Tomahawk, later renamed Kittyhawk. Serving from 1941 to 1942, control difficulties in dive attacks impeded bombing accuracy, resulting in use for larger targets only.","P",
225,125518,"LIGHTNING","Y","Twin-engined jet-fighter. The first British aircraft to exceed Mach 1 in level flight, later to exceed Mach 2. Entered service in 1960. After 13 years was superseded in its primary defence role by the Phantom, though remained in RAF service until 1988.","P",
225,137153,"MARTINET","Y","Single-engine, advanced-pilot trainer. Spruce and plywood in construction, entered service in 1939, continuing to serve as a trainer, and also a target tug, until 1950.","P",
225,133206,"MASTER","Y","Single-engine, advanced-pilot trainer used in secondary flying training schools. Serving from 1939-50, was also used as a target tug for gunnery practice.","P",
225,137238,"ME210","Y","Two-seat, twin-engined fighter/fighter-bomber designed as a replacement for the Bf110. Of the 600 or so produced, only 258 reached the Luftwaffe due to serious design faults. The ME210 was superseded by the ME410 Hornisse.","P",
225,111414,"METEOR","Y","The RAF's first jet fighter, flown operationally during 1944-5, with later versions serving for a further ten years after the war. The Meteor's first active operations were in the interception and destruction of V.1. flying bombs.","P",
225,111369,"MOSQUITO","Y","Two-seat, twin-engined light/medium bomber celebrated for its speed and versatility. Entering service in 1941, was also adapted for duties as a fighter-bomber, Pathfinder, mine-layer, transport, trainer and photo-reconnaissance aircraft.","P",
225,141225,"MKX","Y","Mark 10 or the tenth variant of an aircraft with its associated modifications.","P",
225,141226,"MKXI","Y","Mark 11 or the eleventh variant of an aircraft with its associated modifications.","P",
225,141249,"MKVIC","Y","A Mark 6B aircraft which has undergone further modifications to enhance performance or armament.","P",
225,141251,"Beechcraft","N",,"N",
225,141253,"MKIF","Y","A Mark 1E aircraft which has undergone further modifications to enhance performance or armament.","P",
225,141254,"MKXII","Y","Mark 12 or the twelfth variant of an aircraft with its associated modifications.","P",
225,141256,"MKXIV","Y","Mark 14 or the fourteenth variant of an aircraft with its associated modifications.","P",
225,141257,"MKVII","Y","Mark 7 or the seventh variant of an aircraft with its associated modifications.","P",
225,141258,"MKIV","Y","Mark 4 or the fourth variant of an aircraft with its associated modifications.","P",
225,141268,"F13 SUPERFORTRESS","Y","A photo- reconnaissance variant of the Boeing Superfortress, used from 1944, initally deployed in the Pacific war, later for Cold war duties over Europe.","P",
225,141274,"MKXVI","Y","Mark 16 or the sixteenth variant of an aircraft with its associated modifications.","P",
225,141283,"MKIIIA","Y","A Mark 3 aircraft which has undergone slight modifications to enhance performance or armament.","P",
225,141296,"PB4Y LIBERATOR","Y","US Navy version of the four-engined, six-crew B24 heavy bomber. Modified for long-range reconnaissance duty and used as a patrol-bomber against shipping and submarines.","P",
225,141297,"MKIIA","Y","A Mark 2 aircraft which has undergone slight modifications to enhance performance or armament.","P",
225,141353,"LEOPARD MOTH","Y","A single engine two seat cabin monoplane tourer, first flown in 1933 as a successor to the Puss Moth. Impressed into military sevice in WWII by the RAF and the Fleet Air Arm as a liaison and communications aircraft, also used by training units.","P",
225,141134,"MKVI","Y","Mark 6 or the sixth variant of an aircraft with its associated modifications.","P",
225,141303,"MKIIB","Y","A Mark 2A aircraft which has undergone slight modifications to enhance performance or armament.","P",
225,139626,"MEDIUM BOMBER","Y","A bomber designed to operate with medium bombloads over medium distances.The medium bomber was generally considered to be any design that delivered about 4,000 lb (1.8 t) over ranges of about 1,500 to 2,000 miles (2,400 to 3,200 km).","P",
225,140065,"SEAL","Y","Single-engine, two or three-crew pre-World War 2 biplane fighter and general purpose aircraft. First flown in 1931, the Seal was a Naval variant on the Fairey Gordon and a forerunner of the Swordfish.","P",
225,141359,"COMMUNICATIONS","Y","An aircraft used to facilitate communications, for example in a military context.","P",
225,141399,"PUSS MOTH","Y","Three-seat, single engine, high wing braced monoplane designed for civil use and first flown in 1929. Saw military service in World War 2 in an Army co-operation and communications role.","P",
225,141405,"C53 Skytrooper","N",,"N",
225,140074,"MINELAYER","Y","An aircraft equipped to deploy explosive mines.","P",
225,140095,"GOTHA GV","Y","A World War One German three-crew, twin-engined, long range heavy bomber biplane manufactured by Gothaer Waggonfabrik A.G..  Entering service in 1917, this aircraft incorporated a ventral tunnel allowing the gunner to shoot downwards and to the rear.","P",
225,140097,"GOTHA","Y","Gothauer Waggonfabrik A.G., based in Gotha, Thuringia (Germany). During World War 2 produced mostly training and light commercial aircraft and troop and freight-carrying gliders.","P",
225,141453,"DIVE BOMBER","Y","A fighter-bomber designed to deploy its bombs during the latter stage of a diving manoeuvre, thus increasing the accuracy of its targetting.","P",
225,141497,"AIR SEA RESCUE","Y","An aircraft engaged in rescuing persons in danger at sea.","P",
225,140140,"HE59","Y","Twin-engined, four-crew German seaplane. Entered service in 1932 as a torpedo bomber and naval reconnaisance aircraft, though by World War 2 those still serving were used mainly for air sea rescue.","P",
225,142898,"MKVIII","Y","Mark 8 or the eighth variant of an aircraft with its associated modifications.","P",
225,140411,"GORDON","Y","A single-engine, two-crew biplane day bomber and general purpose aircraft, developed from the IIIF (some of which were converted into Gordons) and first flown in 1931.","P",
225,140416,"CAMEL","Y","Single-seat, single-engine fighter biplane renowned for its high performance and manoeuvrability. Entered service in 1917.","P",
225,140421,"Fieseler Fi103","N",,"N",
225,140422,"Doodlebug","N",,"N",
225,140423,"Sb2a Buccaneer","N",,"N",
225,140424,"VIMY","Y","Twin-engine, three-crew, long-range heavy bomber biplane. Entered service in 1917. Of wooden construction with a fabric covering, the Vimy was fitted with a skid under the nose of its fuselage to prevent tipping forward upon landing.","P",
225,140425,"V1500","Y","Four-engined, five to seven crew, heavy bomber biplane. Entered service in 1918.","P",
225,140447,"AR 196","Y","Single engine, two-crew shipboard reconnaissance and patrol seaplane. Entered service in 1939, this was the last combat floatplane built in Europe.","P",
225,140455,"ARADO","Y","Arado Flugzeugwerke. Formed in 1931 in Germany when the aircraft manufacturer Albatros Flugzeugwerke was declared bankrupt and part of it merged with Arado Handells-Gessellschaft.","P",
225,139049,"GLIDER TUG","Y","An aircraft used for towing gliders aloft.","P",
225,139053,"TUG","Y","An aircraft used for towing another aircraft or object, such as a glider or target.","P",
225,139054,"Liberator","N",,"N",
225,139374,"FAWN","Y","British, single-engined, light day bomber biplane. Built in 1923, this was the RAF's first interbellum designed day bomber.","P",
225,141131,"AIRCRAFT MARK","N","Used to identify the variations of an aircraft. Index with Manufacturer, Form and Function.","P",
225,141132,"MKI","Y","Mark 1 or the first production variation of an aircraft.","P",
225,141133,"Mk1","N",,"N",
225,141196,"MKII","Y","Mark 2 or the second variant of an aircraft with its associated modifications.","P",
225,141204,"MKIC","Y","A Mark 1B aircraft which has undergone further modification to enhance performance or armament.","P",
225,141207,"HECTOR","Y","A WWII British biplane produced by Hawker Aircraft, used for army cooperation duties.","P",
225,141208,"MKV","Y","Mark 5 or the fifth variant of an aircraft with its associated modifications.","P",
225,141209,"MKIIC","Y","A Mark 2B aircraft with which has undergone further modifications to enhance performance or armament.","P",
225,141210,"CESSNA","Y","A US aircraft manufacturer. The Cessna Aircraft Co Inc was established in 1927","P",
225,141211,"AT8","Y","A twin engined advanced trainer aircraft developed for the military by the US firm of Cessna","P",
225,141212,"BEECH","Y","Beech Aircraft Corporation, also known as Beechcraft, established 1932","P",
225,141213,"AT7","Y","A twin engine advanced trainer developed by Beech/ Beechcraft , a US firm, used in WWII","P",
225,141214,"MKVB","Y","A Mark 5A aircraft which has undergone further modifications to enhance performance or armament.","P",
225,141215,"MKIII","Y","Mark 3 or the third variant of an aircraft with its associated modifications.","P",
225,144618,"ZEPPELIN","Y","A rigid frame type of airship pioneered by Count Zeppelin and used by the Germans in WWI for military purposes: do not use asa generic name for airships","P",
225,151396,"FIESELER","Y","A German aircraft manufacturer of the 1930s and 1940s, pre-war the company were noted for making sailplanes and sports planes; during the Second World War they made military aircraft including flying bombs.","P",
225,151397,"FI 103","Y","The Fi 103 is the more technical nomenclature for the Second World War German V1 flying bomb, produced by Fieseler. Multiple index together with Fieseler and flying bomb for maximum chance of retrieval for users.","P",
225,152400,"MCDONNELL DOUGLAS","Y","McDonnell Douglas was a major American aerospace manufacturer and defense contractor, producing a number of famous commercial and military aircraft.","P",
225,152401,"F4 PHANTOM","Y","A tandem two-seat, twin-engined, all-weather, long-range supersonic jet interceptor fighter/fighter-bomber originally developed for the United States Navy by McDonnell Aircraft.It first entered service in 1960 with the U.S. Navy.","P",
225,151472,"VAMPIRE","Y","A single engine, jet propelled twin boom aircraft which came into service in 1945 in a variety of roles including night fighter, trainer, the carrier-borne Sea Vampire, and the MK5 version, a fighter bomber.  Produced by De Havilland.","P",
225,167006,"FOKKER FVIII","Y","A large twin-engined airliner produced by the Dutch aircraft manufacturer Fokker in the 1920s. First flight March 1927. Designed by Reinhold Platz. Mixed construction, fuselage/ tail in steel covered with plywood, canvas and duralumin (11 units built).","P",
225,167003,"COURIER","Y","A British six-seat single-engined light aircraft, built by Airspeed Limited. First flew in 1933, saw some use as an airliner. The first British type with a retractable undercarriage. Designed by Hessell Tiltman (co-founder). 16 Couriers built.","P",
225,167004,"F86 SABRE","Y","A transonic jet fighter, first introduced by North American Aviation in 1947. Best known as the United States's first swept wing fighter. Total production at 9,860 units. Important fighter aircraft in the Korean War. Retired in 1994 (Bolivia).","P",
225,167005,"Sabrejet","N",,"N",
225,167012,"BLERIOT","Y","A French aircraft manufacturer founded by Louis Bleriot and Gabriel Voisin, both aviators and inventors, in 1903, dissolved in 1906. After World War I Bleriot founded Bleriot Aeronautique developing commercial aircraft.","P",
225,167013,"Bleriot Aeronautique","N",,"N",
225,167014,"BLERIOT 155","Y","A French airliner produced in 1925. A four-engined biplane developed from the Bleriot 115 and 135 but larger than these. Two were built for Air Union (the Paris-London route). Both crashed with fatalaties in 1926 (Kent).","P",
225,167015,"W10","Y","A British medium-range biplane airliner designed and built by Handley Page in 1921. A twin-engined variant of the Handley Page W series (W8, W9), retired in 1931. Built for Imperial Airways (4 units built).","P",
225,167000,"GREBE","Y","The Gloster Grebe was the Royal Air Force's first post WWI fighter aircraft, entering service in 1923. Designed by Henry Folland, a single-seat, single-engined biplane of fabric-covered wood construction with two Vickers machine guns (133 planes built).","P",
225,167001,"F84 THUNDERJET","Y","An American turbojet fighter-bomber aircraft. The F-84 was the first production fighter aircraft to utilize in-flight refuelling and the first fighter capable of carrying a nuclear weapon. Designed by Alexander Kartveli, 1946.","P",
225,167002,"FOKKER","Y","Dutch aircraft manufacturer named after its founder, Anthony Fokker. Set up in 1912 in Schwerin, Germany, moving to the Netherlands in 1919. The world's largest aircraft manufacturer in the late 1920s.","P",
225,167007,"NIEUPORT","Y","A French aeroplane company that primarily built racing aircraft before World War I and fighter aircraft during World War I and between the wars. First set up in 1902 as manufacturer of engine components, then aircraft in 1911 as Nieuport et Deplante.","P",
225,167008,"NIEUPORT DELAGE NID 30","Y","A French airliner which entered service in 1920. A conventional biplane design with enclosed cabin for four passengers and open cockpit for the pilot. Fitted with an early audible guidance system. Withdrawn from service in 1921.","P",
225,167009,"AUDAX","Y","A British two-seater army co-operation aircraft manufactured by Hawker Aircraft for the Royal Air Force. A Hart variant biplane that first flew in 1931, becoming a prominent British aircraft in the inter-war period with over 700 units built.","P",
225,167010,"FARMAN","Y","Farman Aviation Works was an aircraft company founded and run by the brothers Richard, Henri, and Maurice Farman in 1908. The firm made pusher biplane aircraft for military and training purposes, it was eventually dissolved in 1956.","P",
225,167011,"F60 GOLIATH","Y","A civil passenger transport biplane produced by the Farman Aviation Works from 1919. Instrumental in the creation of early airlines and commercial routes in Europe after World War I. Initially designed in 1918 as a heavy bomber. Some 60 units built.","P",
225,167858,"JAVELIN","Y","All-weather fighter/interceptor first flow in 1951, introduced into service in 1956 and retired from the RAF in 1968.","P",
225,169971,"VULCAN","Y","A jet-powered tailless delta wing high-altitude strategic bomber plane, operated by the RAF from 1956 until 1984. Typically armed with nuclear weapons but capable of conventional bombing missions. Used as a nuclear deterrent in the Cold War.","P",
225,169972,"DE HAVILLAND DRAGON RAPIDE","Y","A 1930s British short-haul biplane airliner for 6-8 passengers. It proved an economical and durable craft, despite its relatively primitive plywood construction. Primarily used by the RAF.","P",
225,169973,"HARRIER","Y","A family of jet fighters capable of vertical/short takeoff and landing. A subsonic aircraft, later designs adapted for use from aircraft carriers. Built between 1967-2003. Used by the RAF and the Royal Navy.","P",
