"TH_T_U_UID","TERM","CLA_GR_UID","BROAD_TERM_U_UID","TOP_TERM_U_UID"
192400,"AERIAL PHOTOGRAPH INTERPRETATION",566,191314,191264
187125,"SATELLITE IMAGING",566,191266,191264
187126,"BUILDING SURVEY",566,187170,191264
187130,"PHOTOGRAMMETRIC SURVEY",566,191225,191264
187131,"ENVIRONMENTAL INTERVENTION",566,191265,191265
187132,"ENVIRONMENTAL SAMPLING",566,187131,191265
187133,"CORE SAMPLING",566,187132,191265
187136,"ARCHITECTURAL SURVEY",566,187170,191264
187140,"BOREHOLE SURVEY",566,187131,191265
187141,"BOX TRENCHING",566,187147,191265
187143,"DOWSING SURVEY",566,187170,191264
187144,"ARCHAEOLOGICAL INTERVENTION",566,191265,191265
187145,"NON ARCHAEOLOGICAL INTERVENTION",566,191265,191265
187146,"EVALUATION",566,187144,191265
187147,"EXCAVATION",566,187144,191265
187148,"WATCHING BRIEF",566,187144,191265
187149,"OPEN AREA EXCAVATION",566,187147,191265
187150,"RESCUE EXCAVATION",566,187147,191265
187152,"SALVAGE RECORDING",566,187144,191265
187154,"BOSING SURVEY",566,187170,191264
187156,"TEST PIT",566,187146,191265
187157,"TRIAL TRENCH",566,187146,191265
187159,"MAGNETOMETRY SURVEY",566,191212,191264
187161,"MEASURED SURVEY",566,187170,191264
187162,"METAL DETECTING SURVEY",566,187170,191264
187167,"TOPOGRAPHIC SURVEY",566,187170,191264
187168,"UNSYSTEMATIC FIELDWALKING SURVEY",566,197236,191264
187170,"FIELD SURVEY",566,191264,191264
187172,"GROUND PENETRATING RADAR SURVEY",566,191212,191264
187176,"TIMBER SAMPLING",566,187131,191265
187182,"METAL DETECTING USE",566,187145,191265
187185,"STRIP MAP AND SAMPLE",566,187147,191265
190255,"SEISMIC SURVEY",566,191212,191264
190256,"MICROGRAVITY SURVEY",566,191212,191264
190259,"LASER SCANNING SURVEY",566,187170,191264
190264,"ELECTRICAL RESISTIVITY TOMOGRAPHY",566,191212,191264
191180,"ANALYTICAL EARTHWORK SURVEY",566,187170,191264
191182,"METAL DETECTING USE",566,187144,191265
191189,"LIDAR SURVEY",566,191250,191264
191190,"GEOCHEMICAL SURVEY",566,187131,191265
191191,"PHOSPHATE SURVEY",566,191190,191265
191192,"GEOTECHNICAL SURVEY",566,187145,191265
191193,"GEOTECHNICAL TEST PIT",566,191192,191265
191250,"AERIAL RECONNAISSANCE",566,191266,191264
191268,"ANTIQUARIAN OBSERVATION",566,191267,191264
191269,"DESK BASED ASSESSMENT",566,191267,191264
191249,"EARTH RESISTANCE (RESISTIVITY) SURVEY",566,191212,191264
191255,"INFRARED LINE SCAN AERIAL PHOTOGRAPHY",566,191253,191264
191276,"SYSTEMATIC FIELDWALKING SURVEY",566,197236,191264
191277,"RESEARCH EXCAVATION",566,187147,191265
191278,"AUGER SURVEY",566,187144,191265
191279,"AUGER SURVEY",566,187131,191265
191304,"SONAR SURVEY",566,191212,191264
191211,"GEOMORPHOLOGICAL SURVEY",566,187170,191264
191212,"GEOPHYSICAL SURVEY",566,187170,191264
191298,"HEDGEROW SURVEY",566,187170,191264
191224,"PHOTOGRAPHIC RECORDING",566,187170,191264
191216,"BOREHOLE SURVEY",566,187144,191265
191305,"BATHYMETRIC SURVEY",566,191304,191264
191306,"SINGLE BEAM ECHO SOUNDER SURVEY",566,191304,191264
191307,"MULTI BEAM ECHO SOUNDER SURVEY",566,191304,191264
191308,"SIDE SCAN SONAR SURVEY",566,191304,191264
191301,"ACOUSTIC GROUND DISCRIMINATING RADAR",566,191212,191264
191225,"PHOTOGRAPHIC SURVEY",566,187170,191264
191226,"RECTIFIED PHOTOGRAPHIC SURVEY",566,191225,191264
191264,"NON INTRUSIVE EVENT",566,,191264
191251,"AERIAL PHOTOGRAPHY",566,191250,191264
191252,"CONVENTIONAL AERIAL PHOTOGRAPHY",566,191251,191264
191253,"MULTI SPECTRAL AERIAL PHOTOGRAPHY",566,191251,191264
191254,"INFRARED THERMOGRAPHY SURVEY",566,191253,191264
191256,"INFRARED AERIAL PHOTOGRAPHY",566,191253,191264
191257,"DENDROCHRONOLOGICAL SURVEY",566,187131,191265
191263,"MONOLITH SAMPLING",566,187132,191265
191265,"INTRUSIVE EVENT",566,,191265
191266,"REMOTE SENSING",566,191264,191264
191315,"ANTIQUARIAN OBSERVATION",566,191314,191264
191275,"MAGNETIC SUSCEPTIBILITY SURVEY",566,191212,191264
191286,"GRAVITY CORE",566,187133,191265
191287,"VIBRO CORE",566,187133,191265
191288,"REMOTE OPERATED VEHICLE SURVEY",566,191266,191264
191289,"GRAB SAMPLING",566,187144,191265
191293,"FIELD OBSERVATION (MONITORING)",566,187144,191265
191294,"FIELD OBSERVATION (VISUAL ASSESSMENT)",566,187170,191264
191295,"FIELD VISIT",566,187170,191264
191299,"CASUAL OBSERVATION",566,187145,191265
191309,"SUB BOTTOM PROFILING SURVEY",566,191304,191264
191310,"WALKOVER SURVEY",566,187170,191264
191311,"ELECTROMAGNETIC SURVEY",566,191212,191264
191312,"3D SEISMIC SURVEY",566,191212,191264
191314,"HERITAGE ASSESSMENT",566,191264,191264
191316,"DESK BASED ASSESSMENT",566,191314,191264
191317,"ENVIRONMENTAL IMPACT ASSESSMENT",566,191314,191264
191318,"FIELD OBSERVATION (VISUAL ASSESSMENT)",566,191314,191264
191319,"FIELD VISIT",566,191314,191264
191320,"HISTORIC LANDSCAPE CHARACTERISATION",566,191314,191264
191321,"HISTORIC SEASCAPE CHARACTERISATION",566,191314,191264
191322,"MANAGEMENT SURVEY",566,191314,191264
191323,"HISTORIC AREA ASSESSMENT",566,191314,191264
191324,"THEMATIC SURVEY",566,187170,191264
191325,"HISTORIC AREA ASSESSMENT",566,187170,191264
206875,"CONSERVATION AREA APPRAISAL",566,191314,191264
197236,"FIELDWALKING SURVEY",566,187170,191264
197237,"AUGER SURVEY",566,187145,191265
197238,"BOREHOLE SURVEY",566,187145,191265
210973,"POST EXCAVATION ASSESSMENT",566,191314,191264
210974,"ARCHAEOMAGNETIC SAMPLING",566,187132,191265
210349,"X RAY FLUORESCENCE SURVEY",566,191190,191265
205849,"UNDERWATER EVALUATION",566,187146,191265
205850,"UNDERWATER EXCAVATION",566,187147,191265
205851,"UNDERWATER SURVEY",566,187170,191264
213563,"AIRBORNE LASER SCANNING SURVEY",566,191314,191264
