"CLA_GR_UID","THE_TE_UID","TERM","INDEX_TERM","SCOPE_NOTE","STATUS","IMAGE_EXISTS"
566,146334,"SIDE SCAN SONAR SURVEY","Y","Underwater investigation of the seabed, using side-looking sonar device that emits fan shaped acoustic pulses down toward the seafloor. The intensity of the acoustic reflections from the sea floor are recorded as an image of the seabed.","P",
566,146335,"Side Looking Sonar Survey","N",,"N",
566,146336,"Bottom Classification Sonar","N",,"N",
566,146337,"SEISMIC SURVEY","Y","An acoustic method which involves the creation of a shock wave through the ground. By recording the time interval between the initial shock and the reflected or refracted shock waves it is possible to define subsurface deposits.","P",
566,146338,"Seismograph Survey","N",,"N",
566,146339,"MICROGRAVITY SURVEY","Y","A sensing technique that consists of measuring minute variations in the gravitational pull of the Earth in order to detect gravity anomalies arising from voids and cavities within the earth.","P",
566,146340,"ANTIQUARIAN OBSERVATION","Y","Observations made by antiquarians (Those who studied sites and landscapes prior to archaeology and architectural history becoming established disciplines in the 19th century) and reported through publication or from unpublished manuscripts.","P",
566,146341,"GEOMORPHOLOGICAL SURVEY","Y","Field survey undertaken to investigate land formation processes often carried out in association with, or in the vicinity of, an archaeological site, or as part of a wider landscape project.","P",
566,146342,"LASER SCANNING SURVEY","Y","The recording of a surface, or surfaces, using scanning technologies, to create a 3D model of the target structure/object.","P",
566,146344,"CASUAL OBSERVATION","Y","The unplanned observation of archaeological features or the recovery of artefacts of interest, for example either random finds by members of the public or the unplanned observation of archaeological features during the course of unmonitored developments.","P",
566,146345,"PHOTOGRAPHIC RECORDING","Y","The taking of photographs during informal site visits, which may be undertaken by amateur archaeologists or architectural students. More formal, detailed surveys should be termed Photographic Survey.","P",
566,146346,"FIELD VISIT","Y","Observations made by an archaeologist or architectural historian as the result of a field visit to a site or monument.","P",
566,146347,"ELECTRICAL RESISTIVITY TOMOGRAPHY","Y","A geophysical technique for imaging subsurface structures in cross section from electrical measurements made at the surface, or by electrodes in one or more boreholes.","P",
566,146348,"Electrical Resistivity Imaging Survey","N",,"N",
566,146353,"GEOTECHNICAL TEST PIT","Y","Test pits dug by geotechnical engineers or engineering geologists to obtain information on the physical properties of soil, sediments and bedrock around a site to design earthworks and foundations for proposed structures.","P",
566,147242,"HISTORIC LANDSCAPE CHARACTERISATION","Y","An holistic approach to landscape, using GIS, which maps diversity of landscape character as a means to managing future change in ways that are appropriate and sustainable.","P",
566,147243,"HISTORIC SEASCAPE CHARACTERISATION","Y","A map-based understanding of coastal and marine historic character; its GIS and linked texts extend Historic Landscape Characterisation principles to give a common framework of baseline information for the sustainable management of change from land to sea","P",
566,147244,"ANALYTICAL EARTHWORK SURVEY","Y","The accurate survey and analytical depiction of earthworks and their relative chronological relationships by means of hachures and related symbols.","P",
566,147259,"GEOTECHNICAL SURVEY","Y","Any subsurface investigation conducted to assist with the technical rather than archaeological aspects of a proposed development or extraction scheme.","P",
566,147260,"Resistivity Survey","N",,"N",
566,147261,"Earth Resistance Survey","N",,"N",
566,147262,"Electrical Survey","N",,"N",
566,147263,"Photogrammetry","N",,"N",
566,147264,"Grid Excavation","N",,"N",
566,147265,"SONAR SURVEY","Y","Active sonar systems are based on the behaviour of sound waves in water; acoustic energy is transmitted and the time for the returning echo is measured to allow submerged seabed features to be mapped. Use specific type where known.","P",
566,147266,"SINGLE BEAM ECHO SOUNDER SURVEY","Y","An underwater technique that records bathymetric (depth) data by generating point depths in a line directly beneath the transducer mounted on a vessel as it progresses along the acquisition line.","P",
566,147268,"BATHYMETRIC SURVEY","Y","A maritime investigation that records depth data which can be used to map submerged topography utilising echo sounders which emit a short acoustic pulse. Depth is calculated by measuring the time taken for the pulse to be reflected back to the transducer.","P",
566,147287,"Resistivity Profile","N",,"N",
566,147288,"Targeted Trenches","N",,"N",
566,147289,"Sample Trenches","N",,"N",
566,147290,"Geophysical Magnetic Susceptibility","N",,"N",
566,147291,"Geophysical Magnetometer","N",,"N",
566,147292,"Geophysical Resistivity","N",,"N",
566,147293,"Ground Penetrating Radar","N",,"N",
566,147294,"Test Pits","N",,"N",
566,147295,"Test Pit Survey","N",,"N",
566,147296,"Sondage","N",,"N",
566,147297,"INTRUSIVE EVENT","N",,"P",
566,147298,"NON INTRUSIVE EVENT","N",,"P",
566,147299,"HERITAGE ASSESSMENT","N","Programmes of research that seek to identify the archaeological and/or architectural significance of a site or landscape.","P",
566,147301,"Fieldwalking","N",,"N",
566,147302,"Topsoil Artefact Survey","N",,"N",
566,147303,"Metal Detectors","N",,"N",
566,147304,"Systematic Metal Detector Survey","N",,"N",
566,147305,"RESEARCH EXCAVATION","Y","Controlled investigation, recording and removal of archaeological deposits in targeted areas in order to answer specific questions relating to a particular archaeological site or landscape. Usually undertaken by university departments or amateur groups.","P",
566,147306,"HEDGEROW SURVEY","Y","The assessment of the age of a hedge based on its nature, condition and the number and type of woody plant species present. Most surveys make use of Hooper's hypothesis which states that for every 27m a new woody species invades a hedge every 100 years.","P",
566,147310,"GRAB SAMPLING","Y","A maritime technique which involves the simple process of bringing up surface sediments from the seafloor for analysis usually using mechanical apparatus. As the process recovers a mixture of sediments it cannot be used to characterise stratigraphy.","P",
566,147311,"REMOTE OPERATED VEHICLE SURVEY","Y","A technique utilised in maritime recording; a remote operated vehicle (ROV) is a tethered underwater robot. ROVs have been used to locate and inspect a number of historic shipwrecks in depths beyond the reach of human divers.","P",
566,147312,"GRAVITY CORE","Y","A maritime coring technique which penetrates the ground due to the force of gravity. Since the speed of penetration is the same as the sampling speed, it barely disrupts the sedimentary layers. A cable attached to the ship is used to recover the core.","P",
566,147313,"VIBRO CORE","Y","A maritime coring technique which uses vibration to facilitate ground penetration. With the force of gravity, and sometimes a piston, it can penetrate much deeper layers although the vibration provokes a slight mixing of the sediments.","P",
566,147317,"FIELD OBSERVATION (VISUAL ASSESSMENT)","Y","A site visit to ascertain the nature and extent of the site and its surrounding environs by means of a visual inspection from which a written and/or photographic record is made.","P",
566,147318,"Visual Inspection","N",,"N",
566,147319,"MULTI BEAM ECHO SOUNDER SURVEY","Y","An underwater technique used to create 3D terrain models and to record objects on the seabed through the comparative analysis of reflections from high frequency sound waves emitted in multiple beams allowing large swathes of the seabed to be surveyed.","P",
566,147321,"ACOUSTIC GROUND DISCRIMINATING RADAR","Y","An extra processing unit which can be used in conjunction with single beam echo sounders to determine the roughness and hardness of the seafloor. Mainly used for marine biology, but has been used in archaeology.","P",
566,147322,"WALKOVER SURVEY","Y","A planned programme of investigation conducted within a defined area aimed at identifying and surveying previously unrecorded sites and checking the condition of known sites.","P",
566,147323,"ELECTROMAGNETIC SURVEY","Y","Technique using electromagnetic fields to map subsurface electrical conductivity anomalies. Can be used as a high-sensitivity metal detector.","P",
566,147324,"3D SEISMIC SURVEY","Y","A maritime technique similar in theory to sub bottom profilers, however for 3D seismic surveys the receiver array is more complex involving multiple receivers so that a volume of sediment is studied rather than a single 2D line.","P",
566,147325,"HISTORIC AREA ASSESSMENT","Y","An overview of the historical and architectural development, character and heritage assets of a settlement or area.  An HAA may result in the creation, at varying levels of intensity, of individual site-based records informed by area context.","P",
566,147326,"THEMATIC SURVEY","Y","The investigation of heritage assets along thematic lines, usually to inform the production of a thematic study. Such studies bring specialist insights to bear on the particular area of study, but may not address other aspects of the site's significance.","P",
566,147330,"Cross Sectional Building Survey","N",,"N",
566,147552,"AERIAL PHOTOGRAPH INTERPRETATION","Y","The interpretation of information on aerial photographs usually resulting in the production of maps and records of archaeological sites and landscapes. Many aerial photographs may be consulted for a single analytical survey.","P",
566,145107,"AERIAL PHOTOGRAPHY","Y","The taking of photographs from above using photographic equipment mounted on, or used from an aircraft or other airborne vehicle.","P",
566,145108,"AERIAL RECONNAISSANCE","Y","Airborne survey to discover, record and monitor archaeological sites and other heritage assets. Sites will usually be recorded by aerial photography.","P",
566,145109,"ARCHAEOLOGICAL INTERVENTION","N","Any activity, undertaken by professional archaeologists or experienced amateurs, that has a physical impact, actual or potential, upon the archaeological resource, substituting the physical resource with recorded information.","P",
566,148076,"Airborne Lidar Survey","N",,"N",
566,148077,"Airborne Laser Scanning","N",,"N",
566,145110,"ARCHITECTURAL SURVEY","Y","Recording and analysis of built structures utilising close observation as well as manual or electronic survey equipment such as GPS and REDM (Reflectorless Electromagnetic Distance Measurement). Includes research, fieldwork and a report.","P",
566,145111,"AUGER SURVEY","Y","Transect or area-based arrangements of drilled auger-holes used to describe deposits and collect samples.","P",
566,145112,"BOREHOLE SURVEY","Y","Type of survey involving the drilling of deep and narrow shafts in the ground used to describe deposits, understand stratigraphy and collect cores amples.","P",
566,145113,"BOSING SURVEY","Y","A subsurface detection method performed by striking the ground with a heavy wooden mallet or a lead-filled container on a long handle.","P",
566,145114,"BOX TRENCHING","Y","A system of excavation, developed by Mortimer Wheeler, whereby a site was uncovered by means of a grid of square trenches with baulks between them to aid the recording of the stratification of all four sides of each trench.","P",
566,145115,"Building Elevation Survey","N",,"N",
566,145116,"Building Plan Survey","N",,"N",
566,145117,"Building Recording","N",,"N",
566,145118,"BUILDING SURVEY","Y","A descriptive survey involving the systematic measurement and recording of the dimensions or features of a building. Where the survey is accompanied by systematic investigation and analysis, use Architectural Survey.","P",
566,145119,"Contour Survey","N",,"N",
566,145120,"CONVENTIONAL AERIAL PHOTOGRAPHY","Y","Capturing visible spectrum photographs or images of monument features or character using still or motion cameras from an aircraft or other airborne vehicle or apparatus. Covers both digital and film-based cameras.","P",
566,145121,"CORE SAMPLING","Y","The retrieval of samples for laboratory analysis from buried features that have been sampled using boring equipment.","P",
566,145122,"DENDROCHRONOLOGICAL SURVEY","Y","The extraction of wood samples for dating analysis. Tree ring dating is the science of dating cultural and environmental events in the past by comparative study of the growth rings in trees and aged wood.","P",
566,145123,"DESK BASED ASSESSMENT","Y","A programme of assessment of the known or potential archaeological resource within a specified area or site on land, inter-tidal zone or underwater by the consultation and collation of existing written, graphic, photographic and electronic data.","P",
566,145124,"DOWSING SURVEY","Y","The supposed detection of subsurface features by employing a twig, copper rod, pendulum, or other instrument. Discontinuous movements in these instruments are believed by some to record the existence of buried features.","P",
566,145125,"ENVIRONMENTAL IMPACT ASSESSMENT","Y","An information gathering exercise to facilitate an understanding of the potential environmental impact of a development proposal; includes the collation of specialist reports from a variety of disciplines.","P",
566,145126,"ENVIRONMENTAL INTERVENTION","Y","Intervention into the archaeological resource intended to gather information about past ecologies and economies, formation processes, and to retrieve material for scientific dating purposes.","P",
566,145127,"ENVIRONMENTAL SAMPLING","Y","Removal of samples from deposits, including archaeological contexts to recover information about past environments and economies, retrieve material for scientific dating and for the investigation of the deposits themselves e.g. formation processes.","P",
566,145128,"EVALUATION","Y","A limited programme of intrusive fieldwork which determines the presence or absence of archaeological features, structures, deposits, artefacts or ecofacts within a specified area or site on land or within the inter-tidal zone.","P",
566,145129,"EXCAVATION","Y","Controlled intrusive fieldwork which examines, records and interprets archaeological deposits, features and structures and, as appropriate, retrieves artefacts and ecofact remains within a specified area or site on land or within the inter-tidal zone.","P",
566,145130,"FIELD OBSERVATION (MONITORING)","Y","Periodic visits being made to a site by an archaeologist to record archaeological deposits and recover finds that have come to light since the previous visit. An archaeological presence is not maintained during groundwork as it is with a watching brief.","P",
566,145131,"FIELD SURVEY","Y","The non intrusive processes by which information is collected about the location, distribution and organisation of past human activities. The approaches can be either extensive or intensive depending the objectivies that need to be addressed.","P",
566,145132,"SYSTEMATIC FIELDWALKING SURVEY","Y","The systematic study of ground surfaces and collection of visible archaeological material. Fieldwalking can be carried out as line-walking, grid collection and transect or quadrant sampling. Any material recovered is logged and stored by sample unit.","P",
566,145133,"GEOCHEMICAL SURVEY","Y","The taking of samples at regular intervals from the surface of a study area in order to retrieve information on the different chemical elements present.","P",
566,145134,"GEOPHYSICAL SURVEY","Y","Ground-based or marine subsurface mapping of archaeological features using different sensing technologies. Most commonly applied are magnetometers, electrical resistance meters, ground penetrating radar, side scan sonar, and electromagnetic conductivity.","P",
566,145135,"GROUND PENETRATING RADAR SURVEY","Y","A technique that measures the amount of time it takes pulses of  electromagnetic energy sent into the ground, from a transmitter, to reflect back from the interfaces between layers and other subsurface features in order to produce a subsurface profile.","P",
566,145136,"Infra Red Aerial Photography","N",,"N",
566,145137,"Infra Red Line Scan Aerial Photography","N",,"N",
566,145138,"Infra Red Thermography Survey","N",,"N",
566,145139,"INFRARED AERIAL PHOTOGRAPHY","Y","Aerial photography using infrared sensitive film or sensors to reveal soil and vegetation characteristics not apparent in photographs derived from conventional aerial photography.","P",
566,145140,"INFRARED LINE SCAN AERIAL PHOTOGRAPHY","Y","A specific type of Infrared photography that uses an airborne scanning infrared sensor to record differential spectrums of features both extant and buried.","P",
566,145141,"INFRARED THERMOGRAPHY SURVEY","Y","An investigative method using an infrared camera to detect temperature differences in the ground. The thermal camera does not record the actual temperature of the object in question. Instead the camera records the infrared radiation emitted by the object.","P",
566,145142,"LIDAR SURVEY","Y","Light detection and ranging is a type of aircraft based remote sensing which records reflected laser pulses. The data can be used to produce very accurate digital elevation models. For ground-based work use LASER SCANNING SURVEY.","P",
566,145143,"MAGNETIC SUSCEPTIBILITY SURVEY","Y","The extraction of samples from selected features on a site to identify a characteristic magnetic response from sediments derived from the features in order to predict the response that similar features would produce. Also used to prospect for sites.","P",
566,145144,"MAGNETOMETRY SURVEY","Y","Survey using a magnetometer, a device capable of detecting variations in magnetic susceptibility between topsoils, subsoils and rocks, can also be used in a maritime context to detect variations in the magnetic field of seabed sediments.","P",
566,145145,"MANAGEMENT SURVEY","Y","A field and desk based assessment of heritage asset condition and vulnerability so that informed decisions can be made regarding how best to manage the resource.","P",
566,145146,"MEASURED SURVEY","Y","A dimensional check on a building or site giving detailed measurements.","P",
566,145147,"METAL DETECTING SURVEY","Y","Structured & carefully executed scanning of the ground surface with a metal detecting device in order to recover surface scatters of metal objects & plot them spatially within the study area as part of an archaeological survey or metal detecting rally.","P",
566,145148,"METAL DETECTING USE","Y","The hobby of using a metal detector to hunt for buried coins or artefacts; alternatively the use of a metal detector to locate metal artefacts on an archaeological excavation that otherwise would go unnoticed.","P",
566,145149,"MULTI SPECTRAL AERIAL PHOTOGRAPHY","Y","Recording using specialist equipment that allows discrete wavelengths in the visible spectrum and beyond to be recorded. The combination of different spectral bands allows features to be identified that would not be visible to the naked eye.","P",
566,145150,"NON ARCHAEOLOGICAL INTERVENTION","N","Any activities, that have a physical impact upon the archaeological resource where the purpose is not primarily archaeological research.","P",
566,145151,"OPEN AREA EXCAVATION","Y","Controlled investigation, recording and removal of archaeological deposits according to the principles of strategraphic excavation. The size of an open area can range from holes to examine pile foundations to extensive trenches of 100 square meters.","P",
566,145152,"PHOSPHATE SURVEY","Y","The systematic collection of samples from a defined study area analysed for phosphate content. Elevated concentrations of phosphate are a generalised signature of human activity.","P",
566,145153,"PHOTOGRAMMETRIC SURVEY","Y","The measurement of a surface, either in elevation or plan, determined from measurements derived from two or more photographic images taken from different positions; this allows three dimensional viewing of the surface to be mapped.","P",
566,145154,"PHOTOGRAPHIC SURVEY","Y","Detailed survey using photographic images to record archaeological and architectural sites or features of interest. Record photography is an important aspect of recording such features before they are destroyed.","P",
566,145155,"RECTIFIED PHOTOGRAPHIC SURVEY","Y","Systematic recording of building facades that produces a seamless mosaic of digital images by identifying control points and defining limits to each image. The rectified mosaic can then be introduced into a CAD environment.","P",
566,145156,"REMOTE SENSING","N","Survey using photographic or other recording equipment mounted on or used from either an aircraft or other airborne vehicle or a maritime vessel/submersible craft.","P",
566,145157,"RESCUE EXCAVATION","Y","Controlled investigation, recording and removal of archaeological deposits under threat of destruction from building development. A pre PPG 16 activity, usually under strict time constraints.","P",
566,145158,"EARTH RESISTANCE (RESISTIVITY) SURVEY","Y","Examination, recording and plotting of variations in the electrical resistivity of soils in order to locate and define buried features.","P",
566,145159,"Salvage Excavation","N",,"N",
566,145160,"SALVAGE RECORDING","Y","The monitoring of the excavation of a hole made by a non-archaeologically trained person. Any archaeological evidence that comes to light is recorded by the archaeologist during the course of the work although he/she cannot suspend the groundwork.","P",
566,145162,"SATELLITE IMAGING","Y","The capture of imagery using an orbiting satellite. The type of imagery is very varied including visible light photography, infrared and multi spectral photography as well as imagery derived from radar and lidar data.","P",
566,145163,"Side Scanning Sonar Survey","N",,"N",
566,145164,"MONOLITH SAMPLING","Y","Removal of a sample from a vertical section generally using a U sectioned tin to extract an intact column of the observed stratigraphy. Used in the study of pollen, diatoms etc.","P",
566,145166,"Strip And Record","N",,"N",
566,145167,"STRIP MAP AND SAMPLE","Y","An excavation technique that involves the machine stripping the topsoil/subsoil from the area to be excavated, plotting observed features onto a site plan and then partially or fully excavating those features.","P",
566,145168,"SUB BOTTOM PROFILING SURVEY","Y","Used to identify and measure various sediment layers that exist below the seabed. A sound source emits a signal vertically downwards and a receiver monitors the return signal that has been reflected off the seafloor and sub seabed sediment layers.","P",
566,145169,"Subsoil Test Pit","N",,"N",
566,145170,"Surface Collection","N",,"N",
566,145172,"TEST PIT","Y","Systematically positioned hole, or holes, utilised in all studies that aim to sample the nature of the topsoil and subsurface deposits.","P",
566,145173,"TIMBER SAMPLING","Y","The extraction of a limited quantity of wood for scientific analysis.","P",
566,145174,"TOPOGRAPHIC SURVEY","Y","The controlled measurement of natural and artificial landscape features to produce a measured plan or a 3D data set reading as a plan. Features are depicted by either hachures, symbols or contour lines.","P",
566,145175,"TRIAL TRENCH","Y","Archaeologically excavated trench, either hand of machine dug, as part of a sampling programme to evaluate the presence/absence, nature, preservation, age and extent of any buried archaeological features.","P",
566,145176,"UNSYSTEMATIC FIELDWALKING SURVEY","Y","The unsystematic study of ground surfaces and collection of visible archaeological material.","P",
566,145177,"WATCHING BRIEF","Y","A formal programme of observation and investigation conducted during any operation carried out for non-archaeological reasons that may damage archaeological deposits. This will be within a specified area or site on land, inter-tidal zone or underwater.","P",
566,152410,"FIELDWALKING SURVEY","N",,"P",
566,152456,"Grab Survey","N",,"N",
566,160152,"CONSERVATION AREA APPRAISAL","Y",,"P",
566,163243,"UNDERWATER EVALUATION","Y","A limited programme of intrusive fieldwork which determines the presence or absence of archaeological features, structures, deposits, artefacts or ecofacts within a specified underwater area.","P",
566,163244,"UNDERWATER EXCAVATION","Y","Controlled intrusive fieldwork which examines, records and interprets archaeological deposits, features and structures and, as appropriate, retrieves artefacts and ecofact remains within a specified underwater area.","P",
566,163245,"UNDERWATER SURVEY","Y","The non intrusive processes by which information is collected about the location, distribution and organisation of past human activities that are now submerged by water. The approaches can be either extensive or intensive depending on the objectives.","P",
566,167599,"X RAY FLUORESCENCE SURVEY","Y","The systematic use of portable X-Ray Fluorescence equipment to retrieve information on the different chemical elements present in the soil.","P",
566,168104,"ARCHAEOMAGNETIC SAMPLING","Y","Removal of samples from insitu deposits for dating analysis by studying the remnant magnetism contained within the deposit.","P",
566,168103,"POST EXCAVATION ASSESSMENT","Y","An initial synthesis of the data collected from an excavation.","P",
566,170111,"AIRBORNE LASER SCANNING SURVEY","Y","The interpretation of visualisations derived from Airborne Laser Scanning, or LiDAR, data usually resulting in the identification of archaeological features and landscapes.","P",
