"CLA_GR_UID","THE_TE_UID","TERM","INDEX_TERM","SCOPE_NOTE","STATUS","IMAGE_EXISTS"
572.00,147086.00,"STERN LIGHT","Y",,"P",
572.00,147077.00,"STAYSAIL","Y",,"P",
572.00,147076.00,"STAY","Y",,"P",
572.00,147075.00,"STARBOARD LIGHT","Y",,"P",
572.00,147087.00,"STERN LIGHT LAMP","Y",,"P",
572.00,147085.00,"STERN KNEE","Y",,"P",
572.00,147084.00,"STERN DECORATION","Y",,"P",
572.00,147083.00,"STEMSON","Y",,"P",
572.00,147082.00,"STEMPOST","Y",,"P",
572.00,147080.00,"STEM","Y",,"P",
572.00,147079.00,"STEERING OAR","Y",,"P",
572.00,147088.00,"STERN LIGHT LANTERN","Y",,"P",
572.00,147078.00,"STEERING GEAR","Y",,"P",
572.00,147081.00,"STEM BAR","Y",,"P",
572.00,147096.00,"STOOL","Y",,"P",
572.00,147103.00,"TABLE","Y",,"P",
572.00,147102.00,"SWEEP","Y",,"P",
572.00,147101.00,"SUPERSTRUCTURE","Y","The constructions on board a vessel above the upper deck, including deck houses, conning towers etc.","P",
572.00,147046.00,"SKYLIGHT","Y",,"P",
572.00,147074.00,"STAPLE","Y",,"P",
572.00,147099.00,"STRINGER","Y",,"P",
572.00,147098.00,"STRAKE","Y",,"P",
572.00,147097.00,"STORM LAMP","Y",,"P",
572.00,147089.00,"STERN PADDLE WHEEL","Y",,"P",
572.00,147095.00,"Stone Ballast","N",,"N",
572.00,147094.00,"STONE ANCHOR","Y",,"P",
572.00,147093.00,"STOCKLESS ANCHOR","Y",,"P",
572.00,147092.00,"STITCHING","Y",,"P",
572.00,147091.00,"STERNPOST","Y",,"P",
572.00,147090.00,"STERNCASTLE DECK","Y",,"P",
572.00,147100.00,"STUDDINGSAIL","N",,"P",
572.00,147047.00,"SKYSAIL","N",,"P",
572.00,147048.00,"SLAB LINE","Y",,"P",
572.00,147053.00,"SONAR","Y",,"P",
572.00,147052.00,"SNATCH BLOCK","Y","A block with an opening on the side enabling a rope to be fixed around the sheave.","P",
572.00,147051.00,"SLIDING DOOR DOORWAY","Y",,"P",
572.00,147050.00,"SLIDING DOOR","Y",,"P",
572.00,147055.00,"SPAR","Y",,"P",
572.00,147041.00,"SINGLE BLOCK","Y","A block containing a single sheave, allowing one rope to be worked through it.","P",
572.00,147056.00,"SPENCER","Y",,"P",
572.00,147045.00,"SKINNED HULL","Y",,"P",
572.00,147044.00,"SKELETON","Y",,"P",
572.00,147043.00,"SISTER KEELSON","Y",,"P",
572.00,147042.00,"SISTER BLOCK","Y",,"P",
572.00,147104.00,"TAFFRAIL","Y",,"P",
572.00,147161.00,"WIND ASSISTED PROPULSION SYSTEM","N",,"P",
572.00,147049.00,"SLEEPER","Y",,"P",
572.00,147065.00,"SPRITSAIL (FORE AND AFT)","Y",,"P",
572.00,147072.00,"STANDARD","Y",,"P",
572.00,147071.00,"STABILIZING FITTINGS","N",,"P",
572.00,147070.00,"STABILIZER","Y",,"P",
572.00,147069.00,"SQUARE SAIL","N",,"P",
572.00,147068.00,"SQUARE HEAD BOLT","Y",,"P",
572.00,147054.00,"SPANKER","Y",,"P",
572.00,147066.00,"SPRITSAIL (SQUARE)","Y",,"P",
572.00,147073.00,"STANDING RIGGING","N",,"P",
572.00,147064.00,"SPRIT COURSE","Y",,"P",
572.00,147063.00,"SPRIT","Y",,"P",
572.00,147062.00,"SPOTTING TOP","Y",,"P",
572.00,147060.00,"SPIRKETING","Y",,"P",
572.00,147058.00,"SPIKE","Y","A sharp, pointed metal object.","P",
572.00,147057.00,"SPENCER MAST","Y",,"P",
572.00,147067.00,"SPRITSAIL YARD","Y",,"P",
572.00,147145.00,"VENTILATION HATCH GRATING","Y",,"P",
572.00,147152.00,"WATERWAY","Y",,"P",
572.00,147151.00,"WATERPROOFING FITTINGS","N",,"P",
572.00,147150.00,"WALKWAY SUPPORT","Y",,"P",
572.00,147149.00,"WALKWAY","Y",,"P",
572.00,147148.00,"WALE","Y",,"P",
572.00,147138.00,"UPPER STEM PIECE","Y",,"P",
572.00,147146.00,"VERY PISTOL","Y","A pistol used to fire pyrotechnic lights from on board a vessel or aircraft to indicate certain messages. In general they are confined to naval use to indicate particular signals.","P",
572.00,147155.00,"WELD","Y",,"P",
572.00,147144.00,"VENTILATION HATCH COVER","Y",,"P",
572.00,147143.00,"VENTILATION HATCH","Y",,"P",
572.00,147142.00,"VENTILATION FITTINGS","N",,"P",
572.00,147141.00,"VENTILATION DUCT","Y",,"P",
572.00,147140.00,"VENTILATION COWL","Y",,"P",
572.00,147159.00,"WINCH","Y",,"P",
572.00,147147.00,"WAIST RAIL","Y",,"P",
572.00,147163.00,"WINDOW","Y",,"P",
572.00,147040.00,"SINGLE BLADED PADDLE","Y",,"P",
572.00,147059.00,"SPINNAKER","Y",,"P",
572.00,147281.00,"SHEAVE","Y","A wheel or roller with a groove along its edge for holding a rope or cable which when hung between two supports and fitted with a rope or cable is used to make a pulley.","P",
572.00,147168.00,"YARD","Y",,"P",
572.00,147167.00,"WOOD SKIN","Y",,"P",
572.00,147166.00,"WOOD HULL SHEATHING","Y",,"P",
572.00,147153.00,"WEB FRAME","Y",,"P",
572.00,147164.00,"WING TRANSOM","Y",,"P",
572.00,147154.00,"WEDGED TREENAIL","Y",,"P",
572.00,147162.00,"WINDLASS","Y",,"P",
572.00,147160.00,"WINCH COVER","Y",,"P",
572.00,147158.00,"WHIPSTAFF","Y",,"P",
572.00,147157.00,"WHEELHOUSE","Y",,"P",
572.00,147156.00,"WHEEL","Y",,"P",
572.00,147137.00,"UPPER DECK","Y",,"P",
572.00,147165.00,"WIRELESS TELEGRAPH","Y",,"P",
572.00,147112.00,"THOLE PIN","Y",,"P",
572.00,147119.00,"TOP RIDER","Y",,"P",
572.00,147118.00,"TOP","Y",,"P",
572.00,147117.00,"TOILET","Y",,"P",
572.00,147116.00,"TINGLE","Y",,"P",
572.00,147115.00,"TILLER","Y",,"P",
572.00,147139.00,"UPPER TOPSAIL","N",,"P",
572.00,147113.00,"THREE BLADED PROPELLER","Y",,"P",
572.00,147122.00,"TOPGALLANT SHROUD","Y",,"P",
572.00,147111.00,"THIRD FUTTOCK","Y",,"P",
572.00,147110.00,"THIMBLE","Y",,"P",
572.00,147109.00,"THICKSTUFF","Y",,"P",
572.00,147108.00,"TEXTILE SKIN","Y",,"P",
572.00,147107.00,"TENON","Y",,"P",
572.00,147106.00,"TELEGRAPH","Y",,"P",
572.00,147114.00,"THWART","Y",,"P",
572.00,147128.00,"TRANSOM KNEE","Y",,"P",
572.00,147136.00,"UPPER APRON PIECE","Y",,"P",
572.00,147135.00,"TWO BLADED PROPELLER","Y",,"P",
572.00,147134.00,"TURNBUCKLE","Y",,"P",
572.00,147133.00,"TURBINE ENGINE","Y",,"P",
572.00,147132.00,"TRIPLE RECIPROCATING ENGINE","Y",,"P",
572.00,147131.00,"TRIPLE BLOCK","Y","A single shelled block containing three sheaves revolving on the same pin, allowing three ropes of equal thickness to be worked through it.","P",
572.00,147120.00,"TOPCASTLE","Y",,"P",
572.00,147129.00,"TREENAIL","Y",,"P",
572.00,147121.00,"TOPGALLANT","N",,"P",
572.00,147127.00,"TRANSOM","Y",,"P",
572.00,147126.00,"TORPEDO TUBE SHUTTER","Y",,"P",
572.00,147125.00,"TORPEDO TUBE PORT","Y",,"P",
572.00,147124.00,"TOPTIMBER","Y",,"P",
572.00,147123.00,"TOPMAST SHROUD","Y",,"P",
572.00,147105.00,"TARRED FLANNEL","Y",,"P",
572.00,147130.00,"TRESTLE TABLE","Y",,"P",
572.00,146686.00,"FORE TOPGALLANT SHROUD","Y",,"P",
572.00,146676.00,"FORE MAST","Y","The forward mast on a vessel with two or more mast.","P",
572.00,146695.00,"FORECASTLE","Y","The forward part of the upper deck extending from the bow to the fore mast.","P",
572.00,146694.00,"FORE YARD","Y","The yard mounted on the fore mast.","P",
572.00,146693.00,"FORE UPPER TOPSAIL","Y",,"P",
572.00,146692.00,"FORE TOPMAST STUDDINGSAIL","Y","An additional sail set on the topmast yard of the fore mast in fair weather.","P",
572.00,146691.00,"FORE TOPMAST STAYSAIL","Y",,"P",
572.00,146690.00,"FORE TOPMAST SHROUD","Y",,"P",
572.00,146689.00,"FORE TOPMAST","Y","The portion of the fore mast below the topgallant.","P",
572.00,146697.00,"FOREFOOT","Y",,"P",
572.00,146687.00,"FORE TOPGALLANT STUDDINGSAIL","Y","An additional sail set on the topgallant yard of the fore mast in fair weather.","P",
572.00,146698.00,"FORESTAY","Y",,"P",
572.00,146685.00,"FORE TOPGALLANT MAST","Y","The portion of the fore mast above the topmast and below the royal.","P",
572.00,146684.00,"FORE TOPGALLANT","Y","A square sail set on the topgallant yard of the fore mast.","P",
572.00,146683.00,"FORE TOP YARD","Y","The yard mounted on the fore topmast.","P",
572.00,146682.00,"FORE STAYSAIL","Y","A fore and aft sail hanked to the fore stay.","P",
572.00,146681.00,"FORE SKYSAIL MAST","Y","The uppermost portion of the fore mast on which a skysail is set in fair weather.","P",
572.00,146680.00,"FORE SKYSAIL","Y","A light-weather sail set above the royal on the fore mast.","P",
572.00,146679.00,"FORE ROYAL STUDDINGSAIL","Y","An additional sail set on the royal mast of the fore mast in fine weather.","P",
572.00,146678.00,"FORE ROYAL MAST","Y","The portion of the fore mast below the skysail.","P",
572.00,146719.00,"GUARDRAIL","Y",,"P",
572.00,146688.00,"FORE TOPGALLANT YARD","Y","The yard mounted on the topgallant of the fore mast.","P",
572.00,146708.00,"FURNITURE","Y",,"P",
572.00,146632.00,"ENSIGN","Y","The nation flag flown on a vessel.","P",
572.00,146717.00,"GANGPLANK","Y",,"P",
572.00,146716.00,"GAMMONING","Y",,"P",
572.00,146715.00,"GALLEY","Y",,"P",
572.00,146714.00,"GAFF TOPSAIL","Y",,"P",
572.00,146713.00,"GAFF SAIL","Y",,"P",
572.00,146712.00,"GAFF MAINSAIL","Y",,"P",
572.00,146711.00,"GAFF","Y",,"P",
572.00,146696.00,"Forecastle Deck","N",,"N",
572.00,146709.00,"FUTTOCK","Y",,"P",
572.00,146675.00,"FORE LOWER TOPSAIL","Y",,"P",
572.00,146707.00,"FURNACE","Y",,"P",
572.00,146706.00,"FUNNEL","Y",,"P",
572.00,146705.00,"FRAMING COMPONENTS","N","Parts defining the strength and shape of the structure of a vessel  and which provide the framework for the vessel's planking or plating.","P",
572.00,146704.00,"FRAME CROSS CHOCK","Y",,"P",
572.00,146703.00,"FRAME BUTT CHOCK","Y",,"P",
572.00,146702.00,"FRAME","Y",,"P",
572.00,146701.00,"FOURTH FUTTOCK","Y",,"P",
572.00,146700.00,"FOUR BLADED PROPELLER","Y",,"P",
572.00,146699.00,"FORKED BEAM","Y",,"P",
572.00,146710.00,"FUTTOCK SHROUD","Y",,"P",
572.00,146642.00,"FASHION PLATE","Y","The aftermost plate in the underwater body of a metal vessel which forms the shape of the stern","P",
572.00,146677.00,"FORE ROYAL","Y","A square sail set on the fore mast above the topgallant.","P",
572.00,146651.00,"FILLING PIECE","Y","A piece of timber forming part of a made mast.","P",
572.00,146650.00,"FILLING FRAME","Y",,"P",
572.00,146649.00,"FILLET","Y","A piece of wood used to strengthen a joint or serve as a support to a surface.","P",
572.00,146648.00,"FIGUREHEAD","Y","An ornamental carved and painted figure erected on the bow of a vessel as a decorative emblem. Usually signifying some aspect of the vessel's name or function.","P",
572.00,146647.00,"FIDDLEHEAD","Y","A carved stemhead in the form of a scrollturning aft and inwards like the head of a violin. Originally adopted by small sailing vessels with no figurehead as a piece of bow decoration.","P",
572.00,146646.00,"FIDDLE BLOCK","Y","A single shelled block containing two sheaves carried on separate pins one on top of the other. The lower portion of the shell is narrower and the whole lies flatter to a mast than a DOUBLE BLOCK.","P",
572.00,146645.00,"FENDER","Y","An object, made from old cable, matting, rubber or plastic, which hangs over the side of a vessel to protect it against impact.","P",
572.00,146653.00,"FIRST FUTTOCK","Y","The timber, closest to the keel, forming part of the frame or rib in a wooden vessel.","P",
572.00,146643.00,"FASTENER","Y","An object to fasten, bind or join one item to another. Use more specific term where known.","P",
572.00,146654.00,"FIRST FUTTOCK RIDER","Y","An additional timber bolted to the first futtock to provide extra strength.","P",
572.00,146641.00,"FASHION PIECE","Y","The aftermost timber in the underwater body of a wooden vessel which forms the shape of the stern.","P",
572.00,146640.00,"FALSE STERNPOST","Y","An additional timber clamped to the sternpost to reinforce it.","P",
572.00,146639.00,"FALSE KEEL","Y","An additional keel secured on the outside of the main keel to increse a vessel's draught. In older vessels false keels were also used to protect the vessel's hull in the event of running aground.","P",
572.00,146638.00,"FAIRLEAD","Y","A device on a deck or spur, often in the form of a block, used to guide a rope and prevent it from cutting or chafing.","P",
572.00,146637.00,"EYE BOLT","Y","A bolt with an eye in the end to which the blocks of purchases can be hooked or a line secured.","P",
572.00,146636.00,"EXTERNAL FRAME","Y","The main skeleton of a vessel to which the outer hull is attached.","P",
572.00,146635.00,"EXHAUST PIPE","Y",,"P",
572.00,146634.00,"ESCUTCHEON","Y","The area in the middle of the stern of a vessel where the name and port of registry are inscribed.","P",
572.00,146807.00,"LOWER STEM PIECE","Y",,"P",
572.00,146644.00,"FASTENINGS","N","The means by which a ship structure is held together. Use appropriate narrow terms.","P",
572.00,146664.00,"FLYING JIB","Y","The foremost of the sails set on a stay extending from the foremast to the jib boom or bowsprit.","P",
572.00,146674.00,"FORE LATEEN COURSE","Y","A fore and aft sail set on a yard on the foremast.","P",
572.00,146673.00,"FORE JEER CAPSTAN","Y",,"P",
572.00,146672.00,"FORE GAFF TOPSAIL","Y","A fore and aft sail set on a gaff mounted on the topmast of the foremast.","P",
572.00,146671.00,"FORE GAFF COURSE","Y","A fore and aft sail set on a gaff on the foremast.","P",
572.00,146670.00,"FORE GAFF","Y",,"P",
572.00,146669.00,"FORE FUTTOCK SHROUD","Y",,"P",
572.00,146668.00,"FORE COURSE","Y","A square sail set on the lowest yard of the foremast.","P",
572.00,146667.00,"FORE AND AFT SAIL","N","Any sail which is rigged so that the luff of the sail abuts the mast or is attached to a stay. The sail can be extended by a boom at the foot and a gaff at the head or by a single sprit or yard.","P",
572.00,146652.00,"FILLING TRANSOM","Y",,"P",
572.00,146665.00,"FLYING JIB BOOM","Y","A continuation of the jib boom to the end of which the tack of the flying jib is hauled.","P",
572.00,146720.00,"GUN PORT","Y",,"P",
572.00,146663.00,"FLOOR TIMBER","Y","A plank forming part of a deck floor.","P",
572.00,146662.00,"FLOOR RIDER","Y","An additional timber used to provide support for a floor beam.","P",
572.00,146661.00,"FLOATING BULWARK","Y","A section of the bulwark which is hinged allowing access onto the deck.","P",
572.00,146660.00,"FLEMISH HORSE","Y",,"P",
572.00,146659.00,"FLAT HEAD SCREW","Y",,"P",
572.00,146658.00,"FLARE","Y","A device, which when activated, gives off a bright light. Used as a signal.","P",
572.00,146657.00,"FLAGSTAFF","Y","A pole or staff on which a flag is hoisted.","P",
572.00,146656.00,"FLAG","Y","A piece of cloth, usually flown from a staff or halyard, used as a standard, signal or ensign.","P",
572.00,146655.00,"FISH DAVIT","Y","A davit used in conjunction with a cat davit to hoist the fluke end of a stocked anchor to the billboard.","P",
572.00,146666.00,"FOGHORN","Y","A signalling device emitting a loud noise to warn shipping in foggy weather.","P",
572.00,146774.00,"KEELSON","Y",,"P",
572.00,146764.00,"INTERNAL COMBUSTION ENGINE","Y",,"P",
572.00,146783.00,"LANYARD","Y",,"P",
572.00,146782.00,"LANTERN","Y",,"P",
572.00,146781.00,"LAMP","Y",,"P",
572.00,146780.00,"LADDERWAY","Y",,"P",
572.00,146779.00,"KORT NOZZLE","Y",,"P",
572.00,146778.00,"KNIGHTHEAD","Y",,"P",
572.00,146777.00,"KNEE OF THE HEAD","Y",,"P",
572.00,146785.00,"LAUNCH","Y",,"P",
572.00,146775.00,"KILLICK","Y",,"P",
572.00,146786.00,"LEAD BLOCK","Y",,"P",
572.00,146773.00,"KEEL","Y",,"P",
572.00,146772.00,"JOINT","Y",,"P",
572.00,146771.00,"JIB BOOM","Y",,"P",
572.00,146770.00,"JIB","Y",,"P",
572.00,146769.00,"JEWEL BLOCK","Y","A block at the end of the main and foretop yards through which the halyard of a studdingsail is run.","P",
572.00,146768.00,"JEER","Y",,"P",
572.00,146767.00,"JACOBS LADDER","Y",,"P",
572.00,146766.00,"JACK STAFF","Y",,"P",
572.00,146718.00,"GARBOARD STRAKE","Y",,"P",
572.00,146776.00,"KNEE","Y",,"P",
572.00,146796.00,"LIFTING GEAR","Y",,"P",
572.00,147061.00,"SPONSON","Y",,"P",
572.00,146805.00,"LOWER DECK","Y",,"P",
572.00,146804.00,"LOWER APRON PIECE","Y",,"P",
572.00,146803.00,"LONGITUDINAL SUPPORT","N","Any rigging used to give support to the masts along the length of the vessel and to hold the mast firmly in place in the fore-and-aft direction.","P",
572.00,146802.00,"LONGBOAT","Y",,"P",
572.00,146801.00,"LONG TOPTIMBER","Y",,"P",
572.00,146800.00,"LODGING KNEE","Y",,"P",
572.00,146799.00,"LINE","Y","Cordage, formed of two or more strands of hemp, less than one inch in circumference.","P",
572.00,146784.00,"LATEEN SAIL","Y",,"P",
572.00,146797.00,"LIGHTING","Y",,"P",
572.00,146763.00,"INSPECTIONWAY COVER","Y",,"P",
572.00,146795.00,"LIFT","Y",,"P",
572.00,146794.00,"LIFERAFT","Y",,"P",
572.00,146793.00,"LIFEJACKET","Y",,"P",
572.00,146792.00,"LIFEBUOY","Y",,"P",
572.00,146791.00,"LIFEBOAT","Y",,"P",
572.00,146790.00,"LIFE SAVING EQUIPMENT","Y",,"P",
572.00,146789.00,"LEECH LINE","Y",,"P",
572.00,146788.00,"LEEBOARD","Y",,"P",
572.00,146787.00,"LEDGE","Y",,"P",
572.00,146798.00,"LIMBER BOARD","Y",,"P",
572.00,146730.00,"HATCH","Y",,"P",
572.00,146765.00,"JACK","Y",,"P",
572.00,146739.00,"HAWSE PIPE","Y",,"P",
572.00,146738.00,"HAWSE PIECE","Y",,"P",
572.00,146737.00,"HAWSE HOLE","Y",,"P",
572.00,146736.00,"HATCHWAY TARPAULIN","Y",,"P",
572.00,146735.00,"HATCHWAY GRATING","Y",,"P",
572.00,146734.00,"HATCHWAY COVER","Y",,"P",
572.00,146733.00,"HATCHWAY","Y",,"P",
572.00,146741.00,"HEAD LEDGE","Y",,"P",
572.00,146731.00,"Hatch Coaming","N",,"N",
572.00,146742.00,"HEAD PLATE","Y",,"P",
572.00,146729.00,"HANGING KNEE","Y",,"P",
572.00,146728.00,"HANGING BRACKET","Y",,"P",
572.00,146727.00,"HANDHELD LAMP","Y",,"P",
572.00,146726.00,"HAMMOCK","Y",,"P",
572.00,146725.00,"HALYARD","Y",,"P",
572.00,146724.00,"HALVING JOINT","Y",,"P",
572.00,146723.00,"HAIR","Y",,"P",
572.00,146722.00,"GYRO COMPASS","Y",,"P",
572.00,146721.00,"GUN PORT LID","Y",,"P",
572.00,146732.00,"HATCHES AND PORTS","N","Openings in the decks and sides of a vessel, used for access, loading, light and ventilation.","P",
572.00,146752.00,"HULL PLANK","Y",,"P",
572.00,146762.00,"INSPECTIONWAY","Y",,"P",
572.00,146761.00,"INNER STERNPOST","Y",,"P",
572.00,146760.00,"INNER JIB","Y",,"P",
572.00,146759.00,"INNER HULL SKIN","Y",,"P",
572.00,146758.00,"INNER HULL SHORT PLANK","Y",,"P",
572.00,146757.00,"INNER HULL PLATE","Y",,"P",
572.00,146756.00,"INNER HULL PLANK","Y",,"P",
572.00,146755.00,"HYDROPLANE","Y",,"P",
572.00,146740.00,"HAWSEHOOK","Y",,"P",
572.00,146753.00,"HULL PLATE","Y",,"P",
572.00,146631.00,"ENGINE ROOM TELEGRAPH","Y","A device by which the engine room can communicate with the bridge or other parts of the vessel.","P",
572.00,146751.00,"HULL","Y",,"P",
572.00,146750.00,"HOUSED JOINT","Y",,"P",
572.00,146749.00,"HORSE","Y",,"P",
572.00,146748.00,"HINGED DOOR DOORWAY","Y",,"P",
572.00,146747.00,"HINGED DOOR","Y",,"P",
572.00,146746.00,"HEXAGONAL HEAD BOLT","Y",,"P",
572.00,146745.00,"HEEL PLATE","Y",,"P",
572.00,146744.00,"HEADS","Y",,"P",
572.00,146743.00,"HEAD RAIL","Y",,"P",
572.00,146754.00,"HULL SKIN","Y",,"P",
572.00,146510.00,"BONAVENTURE TOPGALLANT","Y","That part of a mast mounted above the topmast on a bonaventure mast in older sailing vessels.","P",
572.00,146500.00,"BOLT ROPE","Y","A rope sewn around the edge of a sail to prevent the canvas from fraying or tearing.","P",
572.00,146519.00,"BOW RAIL","Y","A railing running around the front of a vessel.","P",
572.00,146518.00,"BOW DOOR","Y","A door in the front, or bow, of a vessel used for loading and unloading. Often found on ferries.","P",
572.00,146517.00,"BOW DECORATION","Y","Ornamentation used to enhance the appearance of the front, or bow, of a vessel.","P",
572.00,146516.00,"BOTTOM PLANK","Y","A plank laid fore and aft in the bottom of a vessel to take the weight of the crew or cargo off a vessel's planking and timbers.","P",
572.00,146515.00,"BOOM","Y","A spar used to secure, and stretch out, the bottom of a sail.","P",
572.00,146514.00,"BOOBY HATCH","Y","A hatch, usually with a sliding cover which allows access to a storeroom or locker, or on smaller craft to the accommodation.","P",
572.00,146513.00,"BONAVENTURE YARD","Y","A yard  mounted on a bonventure mast. Use more specific type where known.","P",
572.00,146521.00,"BOWCASTLE DECK","Y","A second deck in castling at the bow of a vessel above the level of the forecastle deck.","P",
572.00,146511.00,"BONAVENTURE TOPGALLANT YARD","Y","A yard mounted on the topgallant mast on a bonaventure mast on older sailing vessels.","P",
572.00,146522.00,"BOWLINE","Y","A rope, that when hauled in, keeps the weather edge of a square sail taut and steady when a vessel is close-hauled to the wind.","P",
572.00,146509.00,"BONAVENTURE TOP YARD","Y","A yard mounted on the topmast on a bonaventure mast on older sailing vessels.","P",
572.00,146508.00,"BONAVENTURE ROYAL","Y","A square sail set above the topgallant on a bonaventure mast on older sailing vessels.","P",
572.00,146507.00,"BONAVENTURE MAST","Y","On older sailing vessels, the fourth mast .","P",
572.00,146506.00,"BONAVENTURE LOWER TOPSAIL","Y","The lower topsail set on a bonaventure mast on older sailing vessels.","P",
572.00,146505.00,"BONAVENTURE LATEEN COURSE","Y","A fore and aft sail set on the lowest yard of a bonaventure mast on older sailing vessels.","P",
572.00,146504.00,"BONAVENTURE GAFF TOPSAIL","Y","A fore and aft sail, set above the course on the bonventure mast of older sailing vessels.","P",
572.00,146503.00,"BONAVENTURE GAFF COURSE","Y","A fore and aft sail set on a gaff on the bonaventure mast in older sailing vessels.","P",
572.00,146502.00,"BONAVENTURE GAFF","Y","A gaff mounted on a bonaventure mast.","P",
572.00,146543.00,"CARLING","Y","A short piece of timber ranging fore and aft between beams to strengthen the vessel.","P",
572.00,146512.00,"BONAVENTURE UPPER TOPSAIL","Y","The upper topsail set on a bonaventure mast on older sailing vessels.","P",
572.00,146532.00,"BRIDGE TELEGRAPH","Y","A device used by the captain or officer of the watch to communicate with the engine room or other parts of the vessel.","P",
572.00,146633.00,"ENSIGN STAFF","Y","The flagstaff on which the ensign is flown.","P",
572.00,146541.00,"CANT FRAME","Y","A piece of timber set at an oblique angle rather than at right angles to the keel. Cant frames are found at both ends of the vessel, those at the bows incline toward the stem post and those at the stern incline toward the sternpost.","P",
572.00,146540.00,"Candle Lantern","N",,"N",
572.00,146539.00,"CABLE","Y","Originally any large hemp or wire rope or chain but now more normally, one to which the anchor is secured.","P",
572.00,146538.00,"BUTT JOINT","Y","A joint in which planks or plates are joined end to end.","P",
572.00,146537.00,"BUNTLINE","Y","A rope attached to the footrope of a square sail used to spill the wind out of the sail for reefing or hoist the sail to the yard for furling.","P",
572.00,146536.00,"BUNK","Y","A sleeping berth.","P",
572.00,146535.00,"BULWARK","Y","The portion of a vessel's side above the level of the deck.","P",
572.00,146520.00,"BOW THRUSTER UNIT","Y","A propeller situated in a transverse tunnel, passing through the hull near the bow of a vessel.","P",
572.00,146533.00,"BULKHEAD","Y","An upright partition separating compartments within a vessel.","P",
572.00,146499.00,"BOLT","Y","A metal pin, often with a screw thread and used in conjunction with a nut.","P",
572.00,146531.00,"BRIDGE","Y","An elevated platform above the upper deck of a vessel from which it is navigated and from where all activities on the vessel can be monitored and controlled by the officer of the watch.","P",
572.00,146530.00,"BRICK OVEN HOUSING","Y",,"P",
572.00,146529.00,"BREASTHOOK","Y","A curved timber bolted across the inside of a vessel's stem to strengthen the fore part of the vessel and hold the bow and sides together.","P",
572.00,146528.00,"BREADTH RIDER","Y","A additional timber mounted across the breadth of a vessel to strengthen the structure.","P",
572.00,146527.00,"BRACKET KNEE PLATE","Y","A flat plate, triangular in shape, used to join a frame and a beam.","P",
572.00,146526.00,"BRACE","Y","A rope or wire attached by a block to a yard arm and used to adjust the yard in a horizontal plane.","P",
572.00,146525.00,"BOX KEELSON","Y","A keelson made from plates in the form of a box. The plates being joined by riveting to angles bars.","P",
572.00,146524.00,"BOX KEEL","Y","A keel made from plates in the form of a box. The plates being joined by riveting to angles bars.","P",
572.00,146523.00,"BOWSPRIT","Y","A spar projecting over the bow of a vessel to provide the means for staying the fore topmast and from which the jibs are set.","P",
572.00,146534.00,"BULKHEAD LAMP","Y","A lamp fixed to the bulkhead providing internal lighting.","P",
572.00,146466.00,"Anchor Chain","N",,"N",
572.00,146501.00,"BONAVENTURE COURSE","Y","A square sail set on the lower yard of a bonaventure mast in older sailing vessels.","P",
572.00,146475.00,"ATHWARTSHIPS SUPPORT","N","Any rigging used to give support to the masts across the width of the vessel.","P",
572.00,146474.00,"ARMOURED HULL","Y","A hull which has been reinforced by the addition of armour plating.","P",
572.00,146473.00,"APRON KNEE","Y","An angled piece of timber connecting the apron to the frame of the vessel.","P",
572.00,146472.00,"APRON (MARITIME)","Y","A curved timber, fixed behind the lower section of the stem directly above the leading end of the keel.","P",
572.00,146471.00,"ANTI BOARDING NETTING","Y","Netting forming a horizontal barrier of fixed open work. Found across castle decks and waist in early forms of construction.","P",
572.00,146470.00,"ANODE","Y","A terminal attached to the metal or sheathed hull of a ship from which a charge flows to inhibit corrosion.","P",
572.00,146469.00,"ANIMAL HIDE SKIN","Y","A hull covering formed from a patchwork of animal skins usually stitched and bound.","P",
572.00,146477.00,"BACKREST BENCH","Y","A long seat with a back but without armrests.","P",
572.00,146467.00,"ANCHOR DAVIT","Y","A davit used to raise the flukes of the anchor to the top of the bow.","P",
572.00,146478.00,"BACKSTAY","Y","A rope or wire which supports a mast against the forward thrust of the sails. Backstays stretch from the mast head to either side of the ship or to the channels.","P",
572.00,146465.00,"Anchor Cable","N",,"N",
572.00,146464.00,"ANCHOR","Y","A heavy implement, now usually made of metal, designed to be dropped from a vessel and embedded in the seabed to hold the vessel in a desired position.","P",
572.00,146463.00,"ALDIS LAMP","Y","A handheld lamp used to send morse code messages ship-to-ship or ship-to-shore.The lamp and its reflector can be covered/uncovered by a trigger operated shutter.","P",
572.00,146462.00,"AFTERCASTLE DECK","Y","The first deck in castling at the stern of a vessel, usually above the upper deck. The equivalent of the quarter deck in later construction.","P",
572.00,146461.00,"AFTERCASTLE","Y","Castling set above the aftercastle deck at the stern of a vessel.","P",
572.00,146460.00,"AERIAL","Y","A metal structure used to transmit and receive radio signals.","P",
572.00,146459.00,"ADMIRALTY PATTERN ANCHOR","Y","An anchor with a fixed shank and arms, the stock of the anchor being at right angles to the arms.","P",
572.00,146458.00,"ADMIRALTY ANCHOR","Y","A design of stockless anchor favoured by the Admiralty.","P",
572.00,146457.00,"ACCESSWAY","N","Means by which access is enabled onto, into and through a vessel. Use more specific narrow terms.","P",
572.00,146468.00,"Anchor Stock","N",,"N",
572.00,146488.00,"BELL","Y","A bell used to announce the time on board a vessel, and as a warning signal in fog and during emergencies.","P",
572.00,146498.00,"BOILER","Y","A tank in which water is heated. In sailing vessels the boiler was used for hot water and domestic purposes. In steamships a boiler was used to generate steam under pressure to provide motive power to drive the engines.","P",
572.00,146497.00,"BOAT DAVIT","Y","A davit used for raising and lowering boats carried on board.","P",
572.00,146496.00,"BLOCK","Y","A pulley, comprising a shell, sheave and pin, through which a rope passes. Blocks are used for various purposes but particularly to increase the mechanical power of ropes used in working the sails.","P",
572.00,146495.00,"BLINDAGE","Y","A series of screens which could be erected along the waist of a ship to protect the crew from enemy fire.","P",
572.00,146494.00,"Bittacle","N",,"N",
572.00,146493.00,"BITT PIN","Y","A pin fitted through a cable bitt to prevent the cable from coming off.","P",
572.00,146492.00,"BINNACLE","Y","A short stand of wood or metal in which the compass is suspended, usually in gimbals, allowing it to remain horizontal regardless of the vessel's movement.","P",
572.00,146491.00,"BILLET HEAD","Y","Carved ornamentation at the bow of a vessel which does not have a figurehead.","P",
572.00,146476.00,"AWNING","Y","A cover, usually made of canvas, fixed to, or fitted over, raised support.","P",
572.00,146489.00,"BENCH","Y","A long seat usually without a back. Often used to refer to a seat athwart a small boat.","P",
572.00,146544.00,"CARVEL PLANK","Y","A plank used in carvel construction, where the edges of the planks are placed edge to edge and not overlapped (as in clinker construction).","P",
572.00,146487.00,"BELFRY","Y","A housing for a vessels bell. Bells were used to announce the time every half hour and as a warning signal in fog or during emergencies.","P",
572.00,146486.00,"BELAYING PIN","Y","A short bar of wood, brass or iron used to secure a rope.","P",
572.00,146485.00,"BELAYING GEAR","N","Equipment used for securing ropes.","P",
572.00,146484.00,"BED","Y","A piece of furniture, usually equipped with a mattress and covers, for sleeping or resting on.","P",
572.00,146483.00,"BEAM (MARITIME)","Y","A transverse member of a vessel's frame used to support a deck.","P",
572.00,146482.00,"BATTERY","Y","A device producing electrical energy used to power a vessel's engines, particularly submarines when submerged.","P",
572.00,146481.00,"BARK SKIN","Y","A hull covering made from the bark of trees, usually stitched and bound.","P",
572.00,146480.00,"BALLAST","Y","Heavy material, usually stone, gravel or iron, placed in the holds of a vessel in order to lower its centre of gravity and provide stability when no cargo is being carried.","P",
572.00,146479.00,"BADGE","Y","An ornament placed on the outside of the vessel, usually depicting its name and crest.","P",
572.00,146490.00,"BILGE KEEL","Y","An external fin usually made from plates and angle bars riveted to the hull and designed to reduce roll and provide additional strength to a vessel's hull.","P",
572.00,146598.00,"DEADWOOD","Y","A block of timber, in both the bow and stern of a vessel, positioned just above the keel where the hull is narrow and the angle of the timbers at its most acute.","P",
572.00,146588.00,"COURSE","N","A sail attached to the lower yards. Use more specific term.","P",
572.00,146607.00,"DECKHEAD LAMP","Y","A lamp fitted to the underside of the deck above to provide internal lighting in a vessel.","P",
572.00,146606.00,"DECK TRANSOM","Y","A beam fastened across the stern post to strengthen the stern and give it shape. The deck transom is used to hold the ends of the lower deck planking.","P",
572.00,146605.00,"DECK PLATE","Y","A metal plate forming part of the deck.","P",
572.00,146604.00,"DECK PLANK","Y","A plank forming part of the deck.","P",
572.00,146603.00,"DECK HOUSE","Y","A cabin erected on the deck of a vessel.","P",
572.00,146602.00,"DECK CLAMP","Y","A timber fastened to the inside of a wooden vessel's side forming a support for the end of a deck beam.","P",
572.00,146601.00,"DECK BEAM BRACE","Y","A brace used to support and strengthen a deck beam.","P",
572.00,146609.00,"DECKLIGHT LAMP","Y","A lamp fitted above head height to provide external lighting on a vessel.","P",
572.00,146599.00,"DECK","Y","A floor running the length of a vessel or only part of it, connecting the sides and forming the roof of the compartments or holds.","P",
572.00,146610.00,"DECKS AND COMPARTMENTS","N","The horizontal platforms and internal spaces on board a vessel.","P",
572.00,146597.00,"DEADLIGHT","Y","A hinged plate, usually of brass, iron or wood, inboard of a ship's scuttle or port, which can be lowered and secured with a butterfly nut to prevent damage to glass in heavy weather or conceal internal light from enemy vessels.","P",
572.00,146596.00,"DEADEYE","Y","A circular block, usually made from lignum vitae, pierced with three holes and grooved around the circumference used to secure the end of a shroud to a chain plate.","P",
572.00,146595.00,"DAVIT","Y","A small crane, derrick or pair of curved pillars, usually fitted on the deck close to the side of a vessel, used for raising and lowering lifeboats, anchors etc.","P",
572.00,146594.00,"DAGGERBOARD","Y","A drop keel, usually of wood or metal, which can be raised or lowered through a slot in a vessel's keel to increase the draught in order to reduce leeway.","P",
572.00,146593.00,"CRUTCH","Y","A rising knee fitted in the stern to connect the ends of the stringers and other longitudinal members.","P",
572.00,146592.00,"CROSS PIECE","Y","A bar or timber connecting two bitts or knight-heads.","P",
572.00,146591.00,"CROSS BEAM","Y","A heavy timber running across the bitts in the bows of a vessel.","P",
572.00,146590.00,"CRINGLE","Y","A small loop of rope, often with a metal ring or thimble, worked into the bolt rope of a sail. Cringles are used to hook in the tack and sheet tackles when a sail is reefed.","P",
572.00,146542.00,"CAPSTAN","Y","An upright cylindrical barrel revolving around a spindle used to wind cable on board ship. The capstan was turned manually by inserting bars into the drumhead at the top.","P",
572.00,146600.00,"DECK BEAM","Y","A beam running athwartships forming part of a vessel's structure and supporting the deck.","P",
572.00,146620.00,"DOWELLED BUTT JOINT","Y","A butt joint which is fixed using dowels inserted into the ends of the planks.","P",
572.00,146630.00,"ENGINE POWER SOURCE","N",,"P",
572.00,146629.00,"ENGINE EXHAUST SYSTEM","Y",,"P",
572.00,146628.00,"ENGINE","Y",,"P",
572.00,146627.00,"Electric Oven","N",,"N",
572.00,146626.00,"Electric Motor","N",,"N",
572.00,146625.00,"Electric Handheld Lamp","N",,"N",
572.00,146624.00,"Electric Decklight Lamp","N",,"N",
572.00,146623.00,"Electric Deckhead Lamp","N",,"N",
572.00,146608.00,"Decking","N",,"N",
572.00,146621.00,"DOWNHAUL","Y","A rope used for hauling down a jib or staysail when shortening sail.","P",
572.00,146587.00,"COUNTER RAIL","Y","A rail running around the stern of a vessel.","P",
572.00,146619.00,"DOUBLE BLOCK","Y","A single shelled block containing two sheaves revolving on the same pin, allowing two ropes of equal thickness to be worked through it.","P",
572.00,146618.00,"DOUBLE BLADED PADDLE","Y","A paddle with a blade on either end. Usually used to propel a canoe or kayak.","P",
572.00,146617.00,"DOORWAY","Y","An opening between two spaces, filled by a door.","P",
572.00,146616.00,"DOOR","Y","A barrier used to close an opening, usually hinged and often hung within a supporting frame.","P",
572.00,146615.00,"DOCKING BRIDGE","Y","A bridge from which the captain, or officer of the watch, can supervise the docking of a vessel.","P",
572.00,146614.00,"DIMINISHING STRAKE","Y","A plank, forming part of the hull of a wooden vessel, which is thinner at one end.","P",
572.00,146613.00,"DIAPHRAGM PUMP","Y",,"P",
572.00,146612.00,"DERRICK","Y","A spar, fixed on board a vessel and pivoted at the lower end, fitted with a purchase and used like a crane for hoisting cargo and other heavy weights.","P",
572.00,146611.00,"DECORATION","Y","Carved elements and mouldings designed to make a vessel more attractive.","P",
572.00,146622.00,"Electric Bulkhead Lamp","N",,"N",
572.00,146554.00,"CEILING PLANK","Y","A plank forming part of the floor or walls of a hold.","P",
572.00,146589.00,"COVERING BOARD","Y","A board placed along the top edges of upper hull planking to close the spaces between the inner and outer hull planking between the frames.","P",
572.00,146563.00,"Channel Wale","N",,"N",
572.00,146562.00,"Channel","N",,"N",
572.00,146561.00,"CHAIR","Y","A single seat with a back and, sometimes, arms.","P",
572.00,146560.00,"CHAIN WALE","Y","A broad plank, projecting horizontally from the side of a vessel, used to spread the shrouds and provide better support for the mast.","P",
572.00,146559.00,"CHAIN PUMP","Y","A pump consisting of an endless chain fitted with valves, operated by a roller or winch manned by several men. A chain pump could move large quantities of water in a short time.","P",
572.00,146558.00,"CHAIN PLATE","Y","A metal bar fixed below the chain wales to which the shrouds are secured.","P",
572.00,146557.00,"Chain","N",,"N",
572.00,146565.00,"CLEAT","Y","A bar, made of wood or metal, attached to the insides of the gunwales to which the sheets are fastened when a vessel is under sail.","P",
572.00,146555.00,"CENTRE LINE LIFT","Y",,"P",
572.00,146566.00,"CLENCHED BOLT","Y","A bolt, the end of which has been bent over to secure it once it has passed through the timbers. Predates the threaded bolt.","P",
572.00,146553.00,"CAULKING","Y","Fibres driven into the seams of a vessel's timbers and covered with pitch or resin to make the vessel watertight.","P",
572.00,146552.00,"Cauldron Lid","N",,"N",
572.00,146551.00,"Cauldron Cover","N",,"N",
572.00,146550.00,"CAULDRON","Y","A large pot used for boiling.","P",
572.00,146549.00,"CATHEAD SUPPORTER","Y","A hanging knee used to support the cathead.","P",
572.00,146548.00,"CATHEAD","Y","A short beam projecting over the bow of a vessel at the side of the bowsprit. The cathead held a sheave which took the tackle used to raise the anchor.","P",
572.00,146547.00,"CAT DAVIT","Y","A davit used to hoist the anchor from the waterline to the billboard.","P",
572.00,146546.00,"CASTLING","Y","Panels erected around the fighting platforms of a vessel to provide protection.","P",
572.00,146545.00,"CAST METAL OVEN HOUSING","Y",,"P",
572.00,146556.00,"CENTREBOARD","Y","A board which can be lowered in a shallow draught vessel to increase the vessel's lateral area and keel thus increasing the resistance to leeway.","P",
572.00,146576.00,"COMPANION LADDER","Y","Traditionally a ladder leading from the main deck to the quarterdeck. Nowadays used to mean any ladder leading from one deck to another.","P",
572.00,146586.00,"COUNTER","Y","The arched section of the vessel curving aft and upwards from the wing transom and buttock to the stern above.","P",
572.00,146585.00,"CORDAGE","Y","The collective term for all ropes and lines carried on board a vessel.","P",
572.00,146584.00,"CONNING TOWER","Y","The superstructure of a submarine or warship from which the vessel can be piloted.","P",
572.00,146583.00,"COMPOUND RECIPROCATING ENGINE","Y",,"P",
572.00,146582.00,"COMPASS","Y","An instrument used for navigation and orientation showing magnetic or true north, and bearings.","P",
572.00,146581.00,"COMPARTMENT","Y","Any area, onboard a vessel, between the transverse bulkheads.","P",
572.00,146580.00,"Companion Way Stairway","N",,"N",
572.00,146579.00,"Companion Way Grating","N",,"N",
572.00,146564.00,"CHOCK","Y","A wooden wedge used to prevent any stowed article from shifting whilst the vessel is in motion.","P",
572.00,146577.00,"COMPANION WAY","Y","A staircase or ladder allowing movement between decks.","P",
572.00,146808.00,"LOWER STUDDINGSAIL","Y",,"P",
572.00,146575.00,"COMMUNICATIONS EQUIPMENT","N","Equipment used to communicate from ship-to-ship, ship-to-shore or ship-to-aircraft.","P",
572.00,146574.00,"CODE PENNANT","Y","A triangular flag, usually coloured or patterned, which can be used to convey messages using a standard code. Each code flag's pattern or colour is different and can be used to represent a whole message, or a single number in a message.","P",
572.00,146573.00,"CODE FLAG","Y","A flag, usually coloured or patterned, which can be used to convey messages using a standard code. Each code flag's pattern or colour is different and can be used to represent a whole message, or a single word or letter in a message.","P",
572.00,146572.00,"CLUE LINE","Y","A rope attached to the clues of a square sail, other than acourse, and used to pull the clues up and inwards when furling the sail.","P",
572.00,146571.00,"CLOSE STOWING ANCHOR","Y","An anchor with the stock in the same plane as the arms enabling it to be stowed flat on an anchor bed.","P",
572.00,146570.00,"CLINKER PLANK","Y","A plank used in the construction of a clinker built vessel where the planks overlap.","P",
572.00,146569.00,"Clew Line","N",,"N",
572.00,146568.00,"CLENCHED SPIKE","Y","A spike, the end of which has been bent over to secure it once it has passed through the timbers.","P",
572.00,146567.00,"CLENCHED NAIL","Y","A nail, the end of which has been bent over to secure it once it has passed through the timbers.","P",
572.00,146578.00,"COMPANION WAY COVER","Y","A hatch or grating covering the entrance to a companion way.","P",
572.00,146917.00,"ORDNANCE FIXTURE","Y",,"P",
572.00,146907.00,"MUSHROOM ANCHOR","Y",,"P",
572.00,146926.00,"OUTRIGGER","Y",,"P",
572.00,146925.00,"OUTER SPRITSAIL YARD","Y",,"P",
572.00,146924.00,"OUTER JIB","Y",,"P",
572.00,146923.00,"OUTER HULL SKIN","Y",,"P",
572.00,146922.00,"OUTER HULL SHORT PLANK","Y",,"P",
572.00,146921.00,"OUTER HULL PLATE","Y",,"P",
572.00,146920.00,"OUTER HULL PLANK","Y",,"P",
572.00,146928.00,"OUTRIGGER FLOAT","Y",,"P",
572.00,146918.00,"ORLOP DECK","Y",,"P",
572.00,146929.00,"OVEN","Y",,"P",
572.00,146916.00,"OARLOCK","Y",,"P",
572.00,146915.00,"OAR PIVOT","Y",,"P",
572.00,146914.00,"OAR","Y",,"P",
572.00,146913.00,"OAKUM","Y","Tarred hemp or manila fibres used for caulking the seams of the decks and sides of a wooden vessel to make it watertight. Oakum is usually made by unpicking old ropes.","P",
572.00,146912.00,"NUT","Y",,"P",
572.00,146911.00,"NOTCHED JOINT","Y",,"P",
572.00,146910.00,"NAVIGATION LIGHT","Y",,"P",
572.00,146909.00,"NAVIGATION BRIDGE","Y",,"P",
572.00,146951.00,"PLANKED HULL","Y",,"P",
572.00,146919.00,"ORNAMENTS AND MOULDINGS","N",,"P",
572.00,146939.00,"PARREL ASSEMBLAGE","Y",,"P",
572.00,146864.00,"MIDDLE DECK","Y",,"P",
572.00,146949.00,"PILOTING EQUIPMENT","Y",,"P",
572.00,146948.00,"PILLAR PLATE","Y",,"P",
572.00,146947.00,"PILLAR","Y",,"P",
572.00,146945.00,"PERISCOPE","Y",,"P",
572.00,146944.00,"PENNANT","Y",,"P",
572.00,146943.00,"PATCH","Y",,"P",
572.00,146942.00,"PARTITIONING","Y",,"P",
572.00,146927.00,"OUTRIGGER BOOM","Y",,"P",
572.00,146940.00,"PARREL BALL","Y",,"P",
572.00,146906.00,"MORTISE","Y",,"P",
572.00,146938.00,"PARREL","Y",,"P",
572.00,146937.00,"PAN HEAD BOLT","Y",,"P",
572.00,146936.00,"PADDLE WHEEL SHAFT","Y",,"P",
572.00,146935.00,"PADDLE WHEEL HOUSING","Y",,"P",
572.00,146934.00,"PADDLE WHEEL","Y",,"P",
572.00,146933.00,"PADDLE","Y","A short, broad bladed oar used without a rowlock.","P",
572.00,146932.00,"OVEN HOUSING","Y",,"P",
572.00,146931.00,"OVEN EXHAUST SYSTEM","Y",,"P",
572.00,146930.00,"OVEN CHIMNEY","Y",,"P",
572.00,146941.00,"PARREL RIB","Y",,"P",
572.00,146873.00,"Mizen Royal Mast","N",,"N",
572.00,146908.00,"NAIL","Y","A metal spike for fixing one object to another.","P",
572.00,146882.00,"Mizen Yard","N",,"N",
572.00,146881.00,"Mizen Topmast Staysail","N",,"N",
572.00,146880.00,"Mizen Topmast","N",,"N",
572.00,146879.00,"Mizen Topgallant Staysail","N",,"N",
572.00,146878.00,"Mizen Topgallant Mast","N",,"N",
572.00,146877.00,"Mizen Topgallant","N",,"N",
572.00,146876.00,"Mizen Top Yard","N",,"N",
572.00,146884.00,"MIZZEN FUTTOCK SHROUD","Y",,"P",
572.00,146874.00,"Mizen Skysail","N",,"N",
572.00,146885.00,"MIZZEN GAFF","Y",,"P",
572.00,146872.00,"Mizen Royal","N",,"N",
572.00,146871.00,"Mizen Mast","N",,"N",
572.00,146870.00,"Mizen Lateen Course","N",,"N",
572.00,146869.00,"Mizen Gaff Topsail","N",,"N",
572.00,146868.00,"Mizen Gaff Course","N",,"N",
572.00,146867.00,"Mizen Gaff","N",,"N",
572.00,146866.00,"Mizen Course","N",,"N",
572.00,146865.00,"MIDDLE RAIL","Y",,"P",
572.00,146806.00,"LOWER RAIL","Y",,"P",
572.00,146875.00,"Mizen Skysail Mast","N",,"N",
572.00,146895.00,"MIZZEN TOP YARD","Y",,"P",
572.00,146905.00,"MOORING GEAR","Y",,"P",
572.00,146904.00,"MIZZEN YARD","Y",,"P",
572.00,146903.00,"MIZZEN UPPER TOPSAIL","Y",,"P",
572.00,146902.00,"MIZZEN TOPMAST STAYSAIL","Y",,"P",
572.00,146901.00,"MIZZEN TOPMAST SHROUD","Y",,"P",
572.00,146900.00,"MIZZEN TOPMAST","Y",,"P",
572.00,146899.00,"MIZZEN TOPGALLANT STAYSAIL","Y",,"P",
572.00,146898.00,"MIZZEN TOPGALLANT SHROUD","Y",,"P",
572.00,146883.00,"MIZZEN COURSE","Y",,"P",
572.00,146896.00,"MIZZEN TOPGALLANT","Y",,"P",
572.00,146952.00,"PLANKED PARTITIONING","Y",,"P",
572.00,146894.00,"MIZZEN SKYSAIL MAST","Y",,"P",
572.00,146893.00,"MIZZEN SKYSAIL","Y",,"P",
572.00,146892.00,"MIZZEN ROYAL MAST","Y",,"P",
572.00,146891.00,"MIZZEN ROYAL","Y",,"P",
572.00,146890.00,"MIZZEN MAST","Y",,"P",
572.00,146889.00,"MIZZEN LOWER TOPSAIL","Y",,"P",
572.00,146888.00,"MIZZEN LATEEN COURSE","Y",,"P",
572.00,146887.00,"MIZZEN GAFF TOPSAIL","Y",,"P",
572.00,146886.00,"MIZZEN GAFF COURSE","Y",,"P",
572.00,146897.00,"MIZZEN TOPGALLANT MAST","Y",,"P",
572.00,147006.00,"RUBBING STRAKE","Y",,"P",
572.00,146996.00,"RISING BRACKET","Y",,"P",
572.00,147015.00,"SCARF JOINT","Y",,"P",
572.00,147014.00,"SANITATION FIXTURES","N",,"P",
572.00,147013.00,"SAILS AND RIGGING","N","Pieces of fabric used to catch the wind in order to move the vessel and the ropes, wire or chains used to work the sails or support the masts and yards.","P",
572.00,147012.00,"SAIL","Y",,"P",
572.00,147011.00,"SACRIFICIAL ANODE","Y","A terminal, usually made of zinc, attached to the iron or steel hull of a vessel, from which a charge flows to inhibit corrosion whilst the anode gradually dissolves.","P",
572.00,147010.00,"RUNNING RIGGING","N",,"P",
572.00,147009.00,"RUDDER PINTLE","Y",,"P",
572.00,147017.00,"SCUPPER","Y",,"P",
572.00,147007.00,"RUDDER","Y",,"P",
572.00,147018.00,"SCUPPER PIPE","Y",,"P",
572.00,147005.00,"ROYAL","N",,"P",
572.00,147004.00,"ROWLOCK","Y",,"P",
572.00,147003.00,"ROVE","Y",,"P",
572.00,147002.00,"ROUND HEAD SCREW","Y",,"P",
572.00,147001.00,"ROUND HEAD BOLT","Y",,"P",
572.00,147000.00,"ROPE","Y","Cordage, made from natural or man-made fibres or wire, with a circumference greater than one inch.","P",
572.00,146999.00,"ROBAND","Y",,"P",
572.00,146998.00,"RIVET","Y",,"P",
572.00,146950.00,"PISTON PUMP","Y",,"P",
572.00,147008.00,"RUDDER GUDGEON","Y",,"P",
572.00,147028.00,"SHIP STRUCTURE","N",,"P",
572.00,147038.00,"SIGNALLING PISTOL","Y","A pistol used to fire flares or pyrotechnics to signal to other vessels.","P",
572.00,147037.00,"SIGNALLING LAMP","Y","A lamp, usually with moveable shutters fitted over the bulb, used to signal to other vessels usually using morse code.","P",
572.00,147036.00,"SIGNALLING EQUIPMENT","Y","Equipment used for identification, ship to ship, ship to shore, or ship to aircarft communications.","P",
572.00,147035.00,"SIDE PADDLE WHEEL","Y",,"P",
572.00,147034.00,"SIDE LIFT","Y",,"P",
572.00,147033.00,"SHROUD","Y",,"P",
572.00,147032.00,"SHOULDER BLOCK","Y",,"P",
572.00,147031.00,"SHORT TOPTIMBER","Y",,"P",
572.00,147016.00,"SCREW","Y",,"P",
572.00,147029.00,"SHIPS BOAT","N",,"P",
572.00,146995.00,"RIGGING RAIL","Y",,"P",
572.00,147027.00,"SHIP FITTINGS","N",,"P",
572.00,147026.00,"SHEET","Y",,"P",
572.00,147025.00,"SHEER STRAKE","Y",,"P",
572.00,147024.00,"SHEATHED HULL","Y",,"P",
572.00,147023.00,"SEMAPHORE FLAG","Y",,"P",
572.00,147022.00,"SECOND FUTTOCK RIDER","Y",,"P",
572.00,147021.00,"SECOND FUTTOCK","Y",,"P",
572.00,147020.00,"SEAM COVERING PIECE","Y",,"P",
572.00,147019.00,"SCUTTLE","Y",,"P",
572.00,147030.00,"SHOE BLOCK","Y","A single shelled block with two sheaves revolving on pins at right angles to each other.","P",
572.00,146962.00,"POOP RAIL","Y",,"P",
572.00,146997.00,"RISING KNEE","Y",,"P",
572.00,146971.00,"PUMP PARTNER","Y",,"P",
572.00,146970.00,"PUMP","Y",,"P",
572.00,146969.00,"PROPULSION SYSTEM","N",,"P",
572.00,146968.00,"PROPELLER SHAFT","Y",,"P",
572.00,146967.00,"PROPELLER HOUSING","Y",,"P",
572.00,146966.00,"PROPELLER","Y",,"P",
572.00,146965.00,"PORTHOLE LID","Y",,"P",
572.00,146973.00,"Pusher Mast","N","An alternative name for the mizzen mast on a vessel with six masts..","N",
572.00,146963.00,"PORT LIGHT","Y",,"P",
572.00,146974.00,"QUADRUPLE BLOCK","Y","A single shelled block containing four sheaves revolving on the same pin, allowing four ropes of equal thickness to be worked through it.","P",
572.00,146961.00,"POOP DECK","Y",,"P",
572.00,146960.00,"PLOUGH ANCHOR","Y",,"P",
572.00,146959.00,"PLATFORM SUPPORT","Y",,"P",
572.00,146958.00,"PLATFORM","Y",,"P",
572.00,146957.00,"PLATED PARTITIONING","Y",,"P",
572.00,146956.00,"PLATED HULL","Y",,"P",
572.00,146955.00,"PLATE METAL OVEN HOUSING","Y",,"P",
572.00,146954.00,"PLATE KEELSON","Y",,"P",
572.00,146953.00,"PLASTIC SKIN","Y",,"P",
572.00,146964.00,"Porthole","N",,"N",
572.00,146984.00,"RAISED HEAD SCREW","Y",,"P",
572.00,146994.00,"RIGGING FITTINGS","N",,"P",
572.00,146993.00,"RIGGING","Y",,"P",
572.00,146992.00,"RIDER CROSS CHOCK","Y",,"P",
572.00,146991.00,"RIDER BUTT CHOCK","Y",,"P",
572.00,146990.00,"RIDER","Y",,"P",
572.00,146989.00,"RIBAND","Y",,"P",
572.00,146988.00,"RECIPROCATING ENGINE","Y",,"P",
572.00,146987.00,"REACTOR","Y",,"P",
572.00,146972.00,"PUMPING GEAR","Y",,"P",
572.00,146985.00,"RAM","Y",,"P",
572.00,146863.00,"METAL SKIN","Y",,"P",
572.00,146983.00,"RAILS AND FIXTURES","N",,"P",
572.00,146982.00,"RAILING","Y",,"P",
572.00,146981.00,"RADIO MAST","Y",,"P",
572.00,146980.00,"RADIO","Y",,"P",
572.00,146979.00,"RADAR MAST","Y",,"P",
572.00,146978.00,"RADAR","Y",,"P",
572.00,146977.00,"QUARTER DECK RAIL","Y",,"P",
572.00,146976.00,"QUARTER DECK","Y",,"P",
572.00,146975.00,"QUADRUPLE RECIPROCATING ENGINE","Y",,"P",
572.00,146986.00,"RATLINE","Y",,"P",
572.00,146849.00,"MANUAL PROPULSION SYSTEM","N",,"P",
572.00,146836.00,"MAIN TOPGALLANT STAY","Y",,"P",
572.00,146837.00,"MAIN TOPGALLANT STUDDINGSAIL","Y",,"P",
572.00,146838.00,"MAIN TOPGALLANT YARD","Y",,"P",
572.00,146839.00,"MAIN TOPMAST","Y",,"P",
572.00,146840.00,"MAIN TOPMAST SHROUD","Y",,"P",
572.00,146841.00,"MAIN TOPMAST STAY","Y",,"P",
572.00,146842.00,"MAIN TOPMAST STAYSAIL","Y",,"P",
572.00,146843.00,"MAIN TOPMAST STUDDINGSAIL","Y",,"P",
572.00,146844.00,"MAIN TRANSOM","Y",,"P",
572.00,146845.00,"MAIN UPPER TOPSAIL","Y",,"P",
572.00,146846.00,"MAIN WALE","Y",,"P",
572.00,146835.00,"MAIN TOPGALLANT SHROUD","Y",,"P",
572.00,146848.00,"MAINSTAY","Y",,"P",
572.00,146850.00,"MARTINGALE","Y",,"P",
572.00,146851.00,"Martnet","N",,"N",
572.00,146853.00,"MAST FITTING","N",,"P",
572.00,146854.00,"MAST HOLE","Y",,"P",
572.00,146855.00,"MAST HOUSE","Y",,"P",
572.00,146856.00,"MAST PARTNER","Y",,"P",
572.00,146857.00,"MAST STEP","Y",,"P",
572.00,146858.00,"MAST STEP BRACE","Y",,"P",
572.00,146859.00,"MECHANICAL PROPULSION SYSTEM","N",,"P",
572.00,146860.00,"Metal Ballast","N",,"N",
572.00,146861.00,"METAL HULL SHEATHING","Y",,"P",
572.00,146862.00,"METAL OVEN HOUSING","Y",,"P",
572.00,147039.00,"SILL BEAM","Y",,"P",
572.00,146847.00,"MAIN YARD","Y",,"P",
572.00,146816.00,"MAIN GAFF","Y",,"P",
572.00,146852.00,"MAST","Y",,"P",
572.00,146834.00,"MAIN TOPGALLANT MAST","Y",,"P",
572.00,146810.00,"LUG","Y",,"P",
572.00,146811.00,"LUGSAIL","Y",,"P",
572.00,146812.00,"MAGNETIC COMPASS","Y",,"P",
572.00,146813.00,"MAIN COURSE","Y",,"P",
572.00,146815.00,"MAIN FUTTOCK SHROUD","Y",,"P",
572.00,146817.00,"MAIN GAFF COURSE","Y",,"P",
572.00,146818.00,"MAIN GAFF TOPSAIL","Y",,"P",
572.00,146819.00,"MAIN JEER CAPSTAN","Y",,"P",
572.00,146809.00,"LOWER TOPSAIL","N",,"P",
572.00,146820.00,"MAIN LATEEN COURSE","Y",,"P",
572.00,146828.00,"MAIN ROYAL STUDDINGSAIL","Y",,"P",
572.00,146833.00,"MAIN TOPGALLANT","Y",,"P",
572.00,146814.00,"MAIN DECK","Y",,"P",
572.00,146821.00,"MAIN LOWER TOPSAIL","Y",,"P",
572.00,146831.00,"MAIN SPENCER MAST","Y",,"P",
572.00,146830.00,"MAIN SKYSAIL MAST","Y",,"P",
572.00,146829.00,"MAIN SKYSAIL","Y",,"P",
572.00,146832.00,"MAIN TOP YARD","Y",,"P",
572.00,146827.00,"MAIN ROYAL STAYSAIL","Y",,"P",
572.00,146826.00,"MAIN ROYAL STAY","Y",,"P",
572.00,146825.00,"MAIN ROYAL MAST","Y",,"P",
572.00,146824.00,"MAIN ROYAL","Y",,"P",
572.00,146823.00,"MAIN RAIL","Y",,"P",
572.00,146822.00,"MAIN MAST","Y",,"P",
572.00,163225.00,"HINGE","Y","Use for any hinge opening mechanism which may often be retrieved separately from the doors, portholes, lids or hatches to which they originally belonged in a maritime context.","P",
572.00,160124.00,"TORPEDO TUBE","Y",,"P",
