"TH_T_U_UID","TERM","CLA_GR_UID","BROAD_TERM_U_UID","TOP_TERM_U_UID"
183310,"PROJECT BRIEF",547,180965,181266
183731,"MICROFORM",547,181013,181262
180890,"COLLECTION",547,181266,181266
180891,"DATASET",547,181266,181266
180892,"IMAGE",547,181266,181266
180893,"INTERACTIVE RESOURCE",547,181266,181266
180894,"SERVICE",547,181266,181266
180895,"SOUND",547,181266,181266
180896,"TEXT",547,181266,181266
180897,"VERBAL COMMUNICATION",547,181266,181266
180902,"VISUAL MEDIUM",547,181262,181262
180903,"HARDCOPY",547,181262,181262
180905,"PLANNING ARCHIVE",547,180890,181266
180906,"PROJECT ARCHIVE",547,180890,181266
180907,"FINDS COLLECTION",547,180890,181266
180909,"CATALOGUE",547,180890,181266
180910,"DATABASE FILE",547,180891,181266
180911,"CAD DATA",547,180891,181266
180912,"GEOSPATIAL DATA",547,180891,181266
180913,"MOVING IMAGE",547,180892,181266
180914,"VIDEO CLIP",547,180913,181266
180916,"PHOTOGRAPH",547,180892,181266
180917,"AERIAL PHOTOGRAPH",547,180916,181266
180918,"RECTIFIED PHOTOGRAPH",547,180916,181266
180921,"MAP",547,180892,181266
180922,"CHART",547,180921,181266
180923,"SKETCH MAP",547,180921,181266
180924,"PLAN",547,181241,181266
180925,"SKETCH PLAN",547,180929,181266
180926,"PICTURE",547,180892,181266
180927,"PICTURE POSTCARD",547,180926,181266
180929,"DRAWING",547,180926,181266
180930,"SKETCH",547,180926,181266
180933,"PAINTING",547,180926,181266
180937,"FLOORPLAN",547,181241,181266
180938,"OVERLAY",547,181241,181266
180939,"TOPOGRAPHICAL DRAWING",547,181241,181266
180940,"TEACHERS PACK",547,180893,181266
180941,"WEBPAGE",547,180893,181266
180942,"ONLINE DATABASE",547,180894,181266
180946,"PUBLICATION",547,180896,181266
180950,"MONOGRAPH",547,180946,181266
180951,"ARTICLE",547,180946,181266
180954,"LEAFLET",547,180946,181266
180955,"NEWSLETTER",547,180946,181266
180956,"SERIAL",547,180946,181266
180957,"DIARY",547,180896,181266
180959,"EXCAVATION DIARY",547,180957,181266
180960,"INDEX",547,180896,181266
180961,"CARD INDEX",547,180960,181266
180963,"NOTEBOOK",547,180896,181266
180965,"REPORT",547,180896,181266
180966,"HISTORIC LANDSCAPE SURVEY REPORT",547,180965,181266
180967,"EXCAVATION REPORT",547,180965,181266
180968,"DESKBASED SURVEY REPORT",547,180965,181266
181209,"SECTION DRAWING",547,181206,181266
181210,"CONTEXT PLAN",547,181206,181266
181211,"GAZETTEER",547,180909,181266
181266,"RESOURCE TYPE",547,,181266
181234,"MAGNETIC STORAGE MEDIUM",547,181273,181262
181235,"AUDIO TAPE",547,181234,181262
181251,"BLACK AND WHITE SLIDE",547,181013,181262
181252,"COLOUR SLIDE",547,181013,181262
181238,"SCALE DRAWING",547,181241,181266
181241,"TECHNICAL DRAWING",547,180929,181266
181244,"COMPUTER FILE",547,181273,181262
181257,"SERIES",547,180946,181266
181272,"VISITORS BOOK",547,180896,181266
181249,"ORAL HISTORY RECORDING",547,180895,181266
181250,"ORAL HISTORY TRANSCRIPT",547,180896,181266
181253,"WATERPROOF PAPER",547,180903,181262
181256,"NEWSPAPER ARTICLE",547,180951,181266
181273,"MACHINE READABLE STORAGE MEDIUM",547,181262,181262
181258,"OBLIQUE AERIAL PHOTOGRAPH",547,180917,181266
181259,"VERTICAL AERIAL PHOTOGRAPH",547,180917,181266
181263,"ALBUM",547,180890,181266
181262,"RESOURCE FORMAT AND MATERIAL",547,,181262
181268,"TELEVISION PROGRAMME",547,180913,181266
181269,"RADIO PROGRAMME",547,180895,181266
181270,"MEASURED SURVEY DRAWING",547,181241,181266
180969,"FIELD SURVEY REPORT",547,180965,181266
180970,"WATCHING BRIEF REPORT",547,180965,181266
180971,"RECORD FORM",547,180896,181266
180973,"CONTEXT SHEET",547,180971,181266
180974,"FIELD RECORDING FORM",547,180971,181266
180975,"PROJECT RECORDING FORM",547,180971,181266
180977,"MANUSCRIPT",547,180896,181266
180978,"CORRESPONDENCE",547,180896,181266
180987,"RECONSTRUCTION DRAWING",547,180929,181266
180988,"ARTEFACT DRAWING",547,180929,181266
180990,"AERIAL PHOTOGRAPH TRANSCRIPTION",547,181241,181266
180993,"STRATIGRAPHIC MATRIX",547,181241,181266
181007,"PAPER",547,180903,181262
181008,"TRACING PAPER",547,180903,181262
181009,"DRAFTING FILM",547,180903,181262
181010,"FILM REEL",547,180902,181262
181011,"VIDEO TAPE",547,181234,181262
181013,"PHOTOGRAPHIC MEDIUM",547,180902,181262
181014,"INFRARED FILM",547,181013,181262
181015,"GLASS PLATE",547,181013,181262
181016,"COLOUR PRINT",547,181013,181262
181017,"BLACK AND WHITE PRINT",547,181013,181262
181020,"COLOUR TRANSPARENCY",547,181013,181262
181021,"BLACK AND WHITE TRANSPARENCY",547,181013,181262
181022,"COLOUR NEGATIVE",547,181013,181262
181023,"BLACK AND WHITE NEGATIVE",547,181013,181262
181024,"MICROFICHE",547,183731,181262
181025,"MICROFILM",547,183731,181262
181200,"MECHANICAL PRINT",547,180926,181266
181201,"WOODCUT",547,181200,181266
181204,"ENGRAVING",547,181200,181266
181206,"EXCAVATION DRAWING",547,181241,181266
181537,"PROJECT OUTLINE",547,180965,181266
181538,"PROJECT SPECIFICATION",547,180965,181266
181539,"PROJECT DESIGN",547,180965,181266
181540,"GEOPHYSICAL SURVEY REPORT",547,180965,181266
181541,"OFFICIAL DESIGNATION NOTIFICATION",547,180896,181266
181542,"STATUTORY DESIGNATION NOTIFICATION",547,181541,181266
181543,"ADVISORY DESIGNATION NOTIFICATION",547,181541,181266
181544,"SCHEDULED MONUMENT NOTIFICATION",547,181542,181266
181545,"BATTLEFIELDS REGISTER",547,181543,181266
181546,"REGISTER OF PARKS AND GARDENS",547,181543,181266
181547,"LIST OF BUILDINGS",547,181542,181266
184843,"ILLUSTRATION",547,180926,181266
184844,"VOLUME",547,180946,181266
210677,"OFF PRINT",547,180946,181266
210888,"COMPACT DISC",547,181273,181262
210889,"DIGITAL VERSATILE DISC",547,181273,181262
210890,"FLOPPY DISC",547,181273,181262
210891,"OPTICAL DISC",547,181273,181262
210646,"EVALUATION REPORT",547,180965,181266
210647,"POST EXCAVATION ASSESSMENT REPORT",547,180965,181266
210648,"BUILDING RECORDING REPORT",547,180965,181266
210649,"FIELDWALKING REPORT",547,180965,181266
210683,"INTERIM REPORT",547,180965,181266
210682,"HERITAGE STATEMENT",547,180965,181266
210684,"GUIDE BOOK",547,180946,181266
210685,"PHOTOCOPY",547,180903,181262
210686,"FAX",547,180903,181262
210687,"PRINT OUT",547,180903,181262
206749,"SCIENTIFIC DATING REPORT",547,180965,181266
206750,"DENDROCHRONOLOGY REPORT",547,206749,181266
206751,"RADIOCARBON DATING REPORT",547,206749,181266
