"CLA_GR_UID","THE_TE_UID","TERM","INDEX_TERM","SCOPE_NOTE","STATUS","IMAGE_EXISTS"
80,123817,"PERUVIAN","Y","Use for vessels registered in Peru.","P",
80,123799,"NORTHERN IRISH","Y","Use for vessels registered in Northern Ireland.","P",
80,123819,"MALTESE","Y","Use for vessels registered in Malta.","P",
80,123818,"MOROCCAN","Y","Use for vessels registered in Morocco.","P",
80,123790,"GEORGIAN","Y","Use for vessels registered in Georgia.","P",
80,123801,"PANAMANIAN","Y","Use for vessels registered in Panama. Often used as a flag of convenience.","P",
80,123796,"JAPANESE","Y","Use for vessels registered in Japan.","P",
80,123795,"ITALIAN","Y","Use for vessels registered in Italy.","P",
80,123794,"MANX","Y","Use for vessels registered in the Isle of Man.","P",
80,123793,"INDIAN","Y","Use for vessels registered in India.","P",
80,123797,"LIBERIAN","Y","Use for vessels registered in Liberia. Often used as a flag of convenience.","P",
80,123791,"GREEK","Y","Use for vessels registered in Greece.","P",
80,123798,"DUTCH","Y","Use for vessels registered in the Netherlands.","P",
80,123789,"FRENCH","Y","Use for vessels registered in France.","P",
80,123788,"FINNISH","Y","Use for vessels registered in Finland.","P",
80,123787,"ESTONIAN","Y","Use for vessels registered in Estonia.","P",
80,123786,"IRISH","Y","Use for vessels registered in the Republic of Ireland (Eire).","P",
80,123785,"DANISH","Y","Use for vessels registered in Denmark","P",
80,123784,"SLOVAK","Y","Use for vessels registered in Slovakia. See also Czechoslovakian (for vessels registered between 1918-1992)","P",
80,123792,"HUNGARIAN","Y","Use for vessels registered in Hungary.","P",
80,123807,"SOUTH AFRICAN","Y","Use for vessels registered in South Africa.","P",
80,123815,"VENEZUELAN","Y","Use for vessels registered in Venezuela.","P",
80,123814,"AMERICAN","Y","Use for vessels registered in the United States of America.","P",
80,123813,"BRITISH","Y","Use for vessels registered in the United Kingdom of Great Britain and Northern Ireland","P",
80,123812,"UKRAINIAN","Y","Use for vessels registered in Ukraine","P",
80,123811,"TURKISH","Y","Use for vessels registered in Turkey or the Ottoman Empire.","P",
80,123810,"SWISS","Y","Use for vessels registered in Switzerland.","P",
80,123808,"SPANISH","Y","Use for vessels registered in Spain.","P",
80,123816,"LATVIAN","Y","Use for vessels registered in Latvia.","P",
80,123806,"SCOTTISH","Y","Use for vessels registered in Scotland.","P",
80,123805,"RUSSIAN","Y","Use for vessels registered in Russia.","P",
80,123804,"PORTUGUESE","Y","Use for vessels registered in Portugal.","P",
80,123803,"POLISH","Y","Use for vessels registered in Poland.","P",
80,123802,"PHILIPPINE","Y","Use for vessels registered in the Philippines.","P",
80,123800,"NORWEGIAN","Y","Use for vessels registered in Norway.","P",
80,123809,"SWEDISH","Y","Use for vessels registered in Sweden.","P",
80,142068,"Flemish","N","A vessel registered in Flanders. Use BELGIAN.","N",
80,139616,"ROMANIAN","Y","Use for vessels registered in Romania.","P",
80,143593,"Faeroese","N",,"N",
80,141890,"ANTIGUAN","Y","Use for vessels registered in Antigua.","P",
80,143578,"FAROESE","Y","Use for vessels registered in the Faroe (also spelt Faeroe) Islands, e.g. at Torshavn","P",
80,139816,"SLOVENE","Y","Use for vessels registered in Slovenia.","P",
80,142069,"Ottoman","N","A vessel registered in the former Ottoman Empire. Use TURKISH.","N",
80,152441,"BARBADIAN","Y",,"P",
80,151490,"CYPRIOT","Y","Use for vessel registered in Cyprus whether Greek or Turkish.","P",
80,152440,"LEBANESE","Y",,"P",
80,151821,"HONDURIAN","Y",,"P",
80,152480,"EGYPTIAN","Y","Use for vessels registered in Egypt.","P",
80,151857,"PAKISTANI","Y","Use for vessels registered in Pakistan.","P",
80,152293,"SOMALI","Y","Of Somalia","P",
80,151579,"MALAYSIAN","Y","Used for vessels registered in Malaysia.","P",
80,164376,"JAMAICAN","Y","Used for the island of Jamaica which gained independence from Britain in 1958.","P",
80,167564,"VIETNAMESE","Y","Descriptive of inhabitants of, and cultural artefacts belonging to, Vietnam.","P",
80,123776,"AUSTRIAN","Y","Use for vessels registered in Austria.","P",
80,133333,"CROATIAN","Y","Use for vessels registered in Croatia.","P",
80,123783,"CZECH","Y","Use for vessels registered in the Czech Republic. See also Czechoslovakian (for vessels registered between 1918-1992)","P",
80,123775,"AUSTRALIAN","Y","Use for vessels registered in Australia.","P",
80,123774,"ARGENTINIAN","Y","Use for vessels registered in Argentina.","P",
80,123781,"CUBAN","Y","Use for vessels registered in Cuba.","P",
80,123780,"CHINESE","Y","Use for vessels registered in China.","P",
80,123778,"CANADIAN","Y","Use for vessels registered in Canada.","P",
80,123777,"BELGIAN","Y","Use for vessels registered in Belgium.","P",
80,123779,"CHANNEL ISLANDER","Y","Use for vessels registered in Jersey, Guernsey or another of the other Channel Islands.","P",
80,123753,"GERMAN","Y","Use for vessels registered in Germany or any of the states prior to unification.","P",
80,123773,"NEW ZEALANDER","Y","Use for vessels registered in New Zealand.","P",
80,123782,"CZECHOSLOVAKIAN","Y","Use for vessels registered in the former Czechoslovakia between 1918 and 1992. See also CZECH and SLOVAK.","P",
80,123826,"SOUTH AMERICAN","Y","Use for vessels believed to come from South America but where the precise nationality is not known.","P",
80,86279,"WELSH","Y","Use for vessels registered in Wales.","P",
80,86253,"ENGLISH","Y","Use for vessels registered in England","P",
80,123833,"CENTRAL AMERICAN","Y","Use for vessels believed to come from Central America but where the precise nationality is not known.","P",
80,79275,"MARITIME NATIONALITY","N","The nationality of a vessel according to its registration.","P",
80,123831,"EUROPEAN","Y","Use for vessels believed to come from Europe but where the precise nationality is not known.","P",
80,123830,"AUSTRALASIAN","Y","Use for vessels believed to come from Australasia but where the precise nationality is not known.","P",
80,123829,"ASIAN","Y","Use for vessels believed to come from Asia but where the precise nationality is not known.","P",
80,123828,"AFRICAN","Y","Use for vessels believed to come from Africa but where the precise nationality is not known.","P",
80,123820,"BRAZILIAN","Y","Use for vessels registered in Brazil.","P",
80,123827,"NORTH AMERICAN","Y","Use for vessels believed to come from North America but where the precise nationality is not known.","P",
80,123825,"URUGUAYAN","Y","Use for vessels registered in Uruguay.","P",
80,123824,"ALGERIAN","Y","Use for vessels registered in Algeria.","P",
80,123823,"YUGOSLAVIAN","Y","Use for vessels registered in Yugoslavia between 1918 and 1992.","P",
80,123821,"ICELANDIC","Y","Use for vessels registered in Iceland.","P",
80,123822,"LITHUANIAN","Y","Use for vessels registered in Lithuania.","P",
80,124493,"Prussian","N","The former historic state whose land mass forms part of Germany.","N",
