"TH_T_U_UID","TERM","CLA_GR_UID","BROAD_TERM_U_UID","TOP_TERM_U_UID"
187125.00,"SATELLITE IMAGING",566.00,191266.00,191264.00
187126.00,"BUILDING SURVEY",566.00,187170.00,191264.00
187130.00,"PHOTOGRAMMETRIC SURVEY",566.00,191225.00,191264.00
187131.00,"ENVIRONMENTAL INTERVENTION",566.00,191265.00,191265.00
187132.00,"ENVIRONMENTAL SAMPLING",566.00,187131.00,191265.00
187133.00,"CORE SAMPLING",566.00,187132.00,191265.00
187136.00,"ARCHITECTURAL SURVEY",566.00,187170.00,191264.00
187140.00,"BOREHOLE SURVEY",566.00,187131.00,191265.00
187141.00,"BOX TRENCHING",566.00,187147.00,191265.00
187143.00,"DOWSING SURVEY",566.00,187170.00,191264.00
187144.00,"ARCHAEOLOGICAL INTERVENTION",566.00,191265.00,191265.00
187145.00,"NON ARCHAEOLOGICAL INTERVENTION",566.00,191265.00,191265.00
187146.00,"EVALUATION",566.00,187144.00,191265.00
187147.00,"EXCAVATION",566.00,187144.00,191265.00
187148.00,"WATCHING BRIEF",566.00,187144.00,191265.00
187149.00,"OPEN AREA EXCAVATION",566.00,187147.00,191265.00
187150.00,"RESCUE EXCAVATION",566.00,187147.00,191265.00
187152.00,"SALVAGE RECORDING",566.00,187144.00,191265.00
187154.00,"BOSING SURVEY",566.00,187170.00,191264.00
187156.00,"TEST PIT",566.00,187146.00,191265.00
187157.00,"TRIAL TRENCH",566.00,187146.00,191265.00
187159.00,"MAGNETOMETRY SURVEY",566.00,191212.00,191264.00
187161.00,"MEASURED SURVEY",566.00,187170.00,191264.00
187162.00,"METAL DETECTING SURVEY",566.00,187170.00,191264.00
187167.00,"TOPOGRAPHIC SURVEY",566.00,187170.00,191264.00
187168.00,"UNSYSTEMATIC FIELDWALKING SURVEY",566.00,197236.00,191264.00
187170.00,"SURVEY",566.00,191264.00,191264.00
187172.00,"GROUND PENETRATING RADAR SURVEY",566.00,191212.00,191264.00
187176.00,"TIMBER SAMPLING",566.00,187131.00,191265.00
187182.00,"METAL DETECTING USE",566.00,187145.00,191265.00
187185.00,"STRIP MAP AND SAMPLE",566.00,187147.00,191265.00
190255.00,"SEISMIC SURVEY",566.00,191212.00,191264.00
190256.00,"MICROGRAVITY SURVEY",566.00,191212.00,191264.00
190259.00,"LASER SCANNING SURVEY",566.00,187170.00,191264.00
190264.00,"ELECTRICAL RESISTIVITY TOMOGRAPHY",566.00,191212.00,191264.00
191180.00,"ANALYTICAL EARTHWORK SURVEY",566.00,187170.00,191264.00
191182.00,"METAL DETECTING USE",566.00,187144.00,191265.00
191190.00,"GEOCHEMICAL SURVEY",566.00,187131.00,191265.00
191191.00,"PHOSPHATE SURVEY",566.00,191190.00,191265.00
191192.00,"GEOTECHNICAL SURVEY",566.00,187145.00,191265.00
191193.00,"GEOTECHNICAL TEST PIT",566.00,191192.00,191265.00
191211.00,"GEOMORPHOLOGICAL SURVEY",566.00,187170.00,191264.00
191212.00,"GEOPHYSICAL SURVEY",566.00,187170.00,191264.00
191216.00,"BOREHOLE SURVEY",566.00,187144.00,191265.00
191224.00,"PHOTOGRAPHIC RECORDING",566.00,187170.00,191264.00
191225.00,"PHOTOGRAPHIC SURVEY",566.00,187170.00,191264.00
191226.00,"RECTIFIED PHOTOGRAPHIC SURVEY",566.00,191225.00,191264.00
191249.00,"EARTH RESISTANCE (RESISTIVITY) SURVEY",566.00,191212.00,191264.00
191250.00,"AERIAL RECONNAISSANCE",566.00,191266.00,191264.00
191251.00,"AERIAL PHOTOGRAPHY",566.00,191250.00,191264.00
191252.00,"CONVENTIONAL AERIAL PHOTOGRAPHY",566.00,191251.00,191264.00
191253.00,"MULTI SPECTRAL AERIAL PHOTOGRAPHY",566.00,191251.00,191264.00
191254.00,"INFRARED THERMOGRAPHY SURVEY",566.00,191253.00,191264.00
191255.00,"INFRARED LINE SCAN AERIAL PHOTOGRAPHY",566.00,191253.00,191264.00
191256.00,"INFRARED AERIAL PHOTOGRAPHY",566.00,191253.00,191264.00
191257.00,"DENDROCHRONOLOGICAL SURVEY",566.00,187131.00,191265.00
191263.00,"MONOLITH SAMPLING",566.00,187132.00,191265.00
191264.00,"NON INTRUSIVE EVENT",566.00,,191264.00
191265.00,"INTRUSIVE EVENT",566.00,,191265.00
191266.00,"REMOTE SENSING",566.00,191264.00,191264.00
191275.00,"MAGNETIC SUSCEPTIBILITY SURVEY",566.00,191212.00,191264.00
191276.00,"SYSTEMATIC FIELDWALKING SURVEY",566.00,197236.00,191264.00
191277.00,"RESEARCH EXCAVATION",566.00,187147.00,191265.00
191278.00,"AUGER SURVEY",566.00,187144.00,191265.00
191279.00,"AUGER SURVEY",566.00,187131.00,191265.00
191286.00,"GRAVITY CORE",566.00,187133.00,191265.00
191287.00,"VIBRO CORE",566.00,187133.00,191265.00
214336.00,"UNDERWATER REMOTE OPERATED VEHICLE SURVEY",566.00,191266.00,191264.00
191289.00,"GRAB SAMPLING",566.00,187144.00,191265.00
191293.00,"FIELD OBSERVATION (MONITORING)",566.00,187144.00,191265.00
191298.00,"HEDGEROW SURVEY",566.00,187170.00,191264.00
191299.00,"CASUAL OBSERVATION",566.00,187145.00,191265.00
191301.00,"ACOUSTIC GROUND DISCRIMINATING SYSTEM",566.00,191212.00,191264.00
191304.00,"SONAR SURVEY",566.00,191212.00,191264.00
191305.00,"BATHYMETRIC SURVEY",566.00,191304.00,191264.00
191306.00,"SINGLE BEAM ECHO SOUNDER SURVEY",566.00,191304.00,191264.00
191307.00,"MULTI BEAM ECHO SOUNDER SURVEY",566.00,191304.00,191264.00
191308.00,"SIDE SCAN SONAR SURVEY",566.00,191304.00,191264.00
191309.00,"SUB BOTTOM PROFILING SURVEY",566.00,191304.00,191264.00
191310.00,"WALKOVER SURVEY",566.00,187170.00,191264.00
191311.00,"ELECTROMAGNETIC SURVEY",566.00,191212.00,191264.00
191312.00,"3D SEISMIC SURVEY",566.00,191212.00,191264.00
191314.00,"ASSESSMENT AND ANALYSIS",566.00,191264.00,191264.00
191315.00,"ANTIQUARIAN OBSERVATION",566.00,214136.00,191264.00
191316.00,"DESK BASED ASSESSMENT",566.00,191314.00,191264.00
191317.00,"ENVIRONMENTAL IMPACT ASSESSMENT",566.00,191314.00,191264.00
191318.00,"FIELD OBSERVATION (VISUAL ASSESSMENT)",566.00,214136.00,191264.00
191319.00,"FIELD VISIT",566.00,214136.00,191264.00
191320.00,"HISTORIC LANDSCAPE CHARACTERISATION",566.00,191314.00,191264.00
191321.00,"HISTORIC SEASCAPE CHARACTERISATION",566.00,191314.00,191264.00
191322.00,"MANAGEMENT SURVEY",566.00,191314.00,191264.00
191323.00,"HISTORIC AREA ASSESSMENT",566.00,191314.00,191264.00
191324.00,"THEMATIC SURVEY",566.00,191314.00,191264.00
192400.00,"AERIAL PHOTOGRAPH INTERPRETATION",566.00,191314.00,191264.00
197236.00,"FIELDWALKING SURVEY",566.00,187170.00,191264.00
197237.00,"AUGER SURVEY",566.00,187145.00,191265.00
197238.00,"BOREHOLE SURVEY",566.00,187145.00,191265.00
205849.00,"UNDERWATER EVALUATION",566.00,187146.00,191265.00
205850.00,"UNDERWATER EXCAVATION",566.00,187147.00,191265.00
205851.00,"UNDERWATER SURVEY",566.00,187170.00,191264.00
206875.00,"CONSERVATION AREA APPRAISAL",566.00,191314.00,191264.00
210349.00,"X RAY FLUORESCENCE SURVEY",566.00,191190.00,191265.00
210973.00,"POST EXCAVATION ASSESSMENT",566.00,191314.00,191264.00
210974.00,"ARCHAEOMAGNETIC SAMPLING",566.00,187132.00,191265.00
213563.00,"AIRBORNE LASER SCANNING SURVEY",566.00,191314.00,191264.00
214130.00,"GRAVEYARD SURVEY",566.00,187170.00,191264.00
214131.00,"CONDITION SURVEY",566.00,191314.00,191264.00
214132.00,"DOCUMENTARY RESEARCH",566.00,191314.00,191264.00
214133.00,"BUILDING FABRIC ANALYSIS",566.00,191314.00,191264.00
214134.00,"HERITAGE ASSESSMENT",566.00,191314.00,191264.00
214135.00,"HISTORIC URBAN CHARACTERISATION",566.00,191314.00,191264.00
214136.00,"OBSERVATION",566.00,191264.00,191264.00
214137.00,"DIVER INSPECTION",566.00,214136.00,191264.00
214138.00,"FIELD SURVEY",566.00,187170.00,191264.00
214141.00,"BUILDINGS RECORDING AND INVESTIGATION",566.00,187170.00,191264.00
214143.00,"BUILDINGS INVESTIGATION (ENGLAND)",566.00,214141.00,191264.00
214147.00,"BUILDINGS INVESTIGATION (SCOTLAND)",566.00,214141.00,191264.00
214148.00,"BUILDINGS APPRAISAL",566.00,214147.00,191264.00
214158.00,"COMPREHENSIVE ANALYTICAL BUILDINGS RECORD (LEVEL 4)",566.00,214143.00,191264.00
214159.00,"VISUAL BUILDINGS RECORD (LEVEL 1)",566.00,214143.00,191264.00
214160.00,"DESCRIPTIVE BUILDINGS RECORD (LEVEL 2)",566.00,214143.00,191264.00
214161.00,"ANALYTICAL BUILDINGS RECORD (LEVEL 3)",566.00,214143.00,191264.00
214162.00,"BASIC BUILDING SURVEY (LEVEL 1)",566.00,214147.00,191264.00
214163.00,"ENHANCED BUILDING SURVEY (LEVEL 2)",566.00,214147.00,191264.00
214164.00,"DETAILED BUILDING SURVEY (LEVEL 3)",566.00,214147.00,191264.00
214165.00,"COMPREHENSIVE BUILDING SURVEY (LEVEL 4)",566.00,214147.00,191264.00
214396.00,"ARBORGLYPH SURVEY",566.00,187170.00,191264.00
214328.00,"TERRAIN MAPPING FROM AERIAL PHOTOGRAPHY",566.00,191266.00,191264.00
214331.00,"AERIAL INVESTIGATION AND MAPPING",566.00,187170.00,191264.00
214329.00,"LANDSCAPE SURVEY",566.00,191314.00,191264.00
214337.00,"AIRBORNE LASER SCANNING (LIDAR) SURVEY",566.00,191250.00,191264.00
214330.00,"AIRBORNE LASER SCANNING INTERPRETATION",566.00,187170.00,191264.00
