"CLA_GR_UID","THE_TE_UID","TERM","INDEX_TERM","SCOPE_NOTE","STATUS","IMAGE_EXISTS"
143,100401,"MINESWEEPER","Y","A vessel designed or adapted to sweep and explode mined areas at sea without prior detection. (See Minehunter for vessels that detect and destroy individual mines).","P",
143,100402,"MOORING BUOY LIFTER BARGE","Y","A barge with a crane or sheer legs used for moving and maintaining mooring buoys.","P",
143,100403,"MOORING VESSEL","Y","A vessel used to put down and pick up moorings on the sea bed for large vessels.","P",
143,100404,"MOTOR GUNBOAT","Y","A small fast warship powered by diesel or petrol engines. Built during World War II for coastal patrol work and anti shipping missions close in shore","P",
143,100405,"MOTOR LAUNCH","Y","Generic name for a small steam or power boat often carried on board a larger vessel.","P",
143,100406,"MOTOR TORPEDO BOAT","Y","A small warship powered by petrol or diesel engines and armed with torpedo tubes and small guns. Used for coastal anti shipping patrols and warfare in coastal waters.","P",
143,100408,"MUD BARGE","Y","A flat bottomed vessel for receiving mud and other material from a dredger.","P",
143,100409,"MULBERRY HARBOUR","Y","An artificial harbour, constructed using prefabricated, concrete caissons, floating breakwaters and blockships, which were towed across the channel and assembled off the coast of Normandy to assist the allied forces after the D-Day landings in June 1944.","P",
143,100410,"NAVAL SUPPORT VESSEL","N","A vessel used to carry essential supplies, such as food and armaments, to naval ships in order to keep them replenished whilst on patrol. Use more specific term.","P",
143,100411,"NET LAYER","Y","Small vessel built or adapted to lay and recover anti submarine nets in harbours and anchorages.","P",
143,100412,"OILER","Y","Generic term for all vessels used to supply warships with any type of fuel.","P",
143,100413,"ORDNANCE SHIP","Y","A vessel used for carrying weapons and ammunition to warships.","P",
143,100414,"ORDNANCE SLOOP","Y","A sloop used for carrying weapons and ammunition to warships.","P",
143,100415,"Orion Class Battleship","N",,"N",
143,100416,"OYSTER DREDGER","Y","A fishing vessel which tows a dredger to gather oysters. This is an iron wedge shaped contrivance with a small net attached. Towed behind the vessel the iron wedge loosens the oysters and they fall into the net.","P",
143,100417,"PACKET","Y","A fast, armed vessel, small in size, often used for despatches and mail.","P",
143,100418,"PADDLE STEAMER","Y","A steam vessel propelled by a pair of paddle wheels amidships or a single wheel astern, driven by a reciprocating engine.","P",
143,100419,"PASSENGER VESSEL","Y","A vessel designed principally for the carriage of fare paying passengers.","P",
143,100420,"PATROL BOAT","Y","A small warship engaged in patrolling coastal waters.","P",
143,100421,"PATROL SUBMARINE","Y","Diesel engined submarine designed for long ocean voyages in search of enemy shipping.","P",
143,100422,"Pile Driver","N",,"N",
143,100423,"PILE DRIVING BARGE","Y","Flat bottomed vessel used as a platform for a pile driver.","P",
143,100424,"PILOT VESSEL","Y","A vessel used to carry a pilot to a ship.","P",
143,100425,"PINK","Y","Small square rigged ship with a narrow overhanging stern.","P",
143,100426,"PINNACE","Y","A small two masted craft, with oars as well as sails.","P",
143,100427,"Polacca","N",,"N",
143,100428,"PONTOON","Y","A flat bottomed boat or hollow float of which a number are used to support a temporary bridge over a river.","P",
143,100429,"POWDER HULK","Y","A vessel used for storing and issuing gunpowder, usually moored well away from the dockyard.","P",
143,100430,"Preventative Service Vessel","N",,"N",
143,100431,"PRISON HULK","Y","Demasted old ship used as a floating prison.","P",
143,100432,"PRIVATEER","Y","A private fighting ship under a letter of marque or financed by subscribers, shareholders or individuals.","P",
143,100433,"Q SHIP","Y","A small merchant ship or warship with concealed weapons, intended as a trap for enemy submarines.","P",
143,100434,"R Class Destroyer","N",,"N",
143,100435,"RACING CRAFT","Y","Any vessel designed for speed or endurance racing.","P",
143,100436,"RAFT","Y","A flat floating framework of planks or other materials used for supporting or carrying persons or goods.","P",
143,100437,"REFORMATORY SHIP","Y","A training ship to which boys who had committed petty crimes were sentenced for 4 to 5 years to be reformed and trained as sailors.","P",
143,100438,"RESCUE TUG","Y","A rescue tug equipped to care for survivors from torpedoed vessels and also available for towing to port ships damaged by enemy action.","P",
143,100439,"RESCUE VESSEL","Y","A specially equipped ship designed to care for survivors of stricken vessels and offshore drilling platforms. These ships were often converted naval trawlers or minesweepers.","P",
143,100440,"REVENUE CUTTER","Y","A single masted cutter built specifically for the prevention of smuggling and the enforcement of customs regulations.","P",
143,100441,"RIVER GUNBOAT","Y","A small warship with a shallow draught. Used for patrol duties and shore bombardment on major rivers.","P",
143,100442,"Roads Barge","N",,"N",
143,100443,"SAILING VESSEL <BY FORM/TYPE>","N","A sailing vessel defined by a combination of such factors as hull design, locality and rig.","P",
143,100444,"SAILING VESSEL <BY RIG>","N","The characteristics of a sailing vessel where her type is determined by her masts and sails.","P",
143,100445,"SALVAGE TUG","Y","A small and powerful vessel used to assist vessels that are sinking or disabled at sea.","P",
143,100446,"SALVAGE VESSEL","Y","A vessel used for the underwater recovery of a ship and/or her contents or to assist vessels that are sinking.","P",
143,100447,"SCHOONER","Y","Two masted ship with fore and aft sails and two or more masts.","P",
143,100448,"Scott Class Destroyer","N",,"N",
143,100449,"Second Class Cruiser","N",,"N",
143,100450,"SERVICE VESSEL","N","A vessel used to maintain supply or assist larger vessels. Use more specific term.","P",
143,100451,"SEWAGE DUMPING VESSEL","Y","A vessel equipped with sealed tanks for transporting sewage and dumping it in deep water.","P",
143,100452,"SHALLOP","Y","A small light vessel with a schooner rig often used for fishing.","P",
143,100453,"SHEER HULK","Y","Old ship with a hull stripped to the water line and used as a platform for mounting the sheers used to lift masts into and out of sailing ships.","P",
143,100454,"Ship","N",,"N",
143,100455,"SHIP OF THE LINE","Y","A sailing ship with a sufficient numerically large gun armament to stand in the line of battle.","P",
143,100456,"SLOOP","Y","A vessel with a single mast, fore and aft rigged.","P",
143,100457,"SLOOP OF WAR","Y","Any small rigged warship below the sailing classification of frigate.","P",
143,100458,"SMACK","Y","Small fishing craft used mainly for fishing, cutter or ketch rigged.","P",
143,100459,"SNOW","Y","Two masted merchant vessel, rigged as a brig.","P",
143,100460,"SPRITSAIL BARGE","Y","A barge with a spritsail rig commonly found on the River Thames.","P",
143,100461,"SQUARE RIGGED VESSEL","Y","A vessel with a type of rigging where the main driving sails are fixed to yards which lie square to the mast.","P",
143,100462,"STORAGE HULK","Y","A demasted old ship used for storing items.","P",
143,100463,"STORESHIP","Y","A ship in government use, used to carry naval or military stores.","P",
143,100464,"Stumpsail Barge","N",,"N",
143,100465,"SUBMARINE","Y","A vessel designed to operate below the surface of the sea.","P",
143,100466,"SUBMARINE SEAPLANE CARRIER","Y","British 'M' class submarine modified to carry and launch a small sea plane.","P",
143,100467,"SUCTION DREDGER","Y","A dredger that works by the use of suction.","P",
143,100468,"SURVEY VESSEL","Y","A craft which is equipped for and performs hydrographic surveys.","P",
143,100469,"Swimhead Barge","N",,"N",
143,100470,"Swordfish Class Submarine","N",,"N",
143,100471,"TANK BARGE","Y","A barge fitted with a large tank in its hull for carried liquid cargoes.","P",
143,100472,"TANKER","Y","A ship designed specifically for the carriage of liquid cargoes, particularly oil.","P",
143,100473,"TARGET CRAFT","Y","An obsolete vessel used as a weapons target.","P",
143,100474,"TENDER","Y","A small vessel attached to a larger vessel (usually a warship) for general harbour duties such as taking crewmen ashore or fetching supplies.","P",
143,100475,"Thames Barge","N",,"N",
143,100476,"Topsail Barge","N",,"N",
143,100477,"TORPEDO BOAT DESTROYER","Y","A small fast warship developed in the late nineteenth century. Armed principally with quick firing guns to destroy enemy torpedo boats.","P",
143,100478,"TORPEDO RECOVERY VESSEL","Y","A craft used to retrieve torpedoes after practice firings.","P",
143,100479,"TRAINING SHIP","Y","Vessels of various types used specifically for providing an initial training in seamanship.","P",
143,100480,"TRANSPORT VESSEL","Y","A vessel used for transporting passengers or goods.","P",
143,100481,"TRAWLER","Y","A fishing vessel specially designed to operate and trawl for the catching of bottom lying fish. Use with power where known.","P",
143,100482,"TRINITY HOUSE VESSEL","Y","Any vessel operated by Trinity house masters and brethren in the maintenance of lighthouses, lightships, buoys and other navigation aids.","P",
143,100483,"TROOP SHIP","Y","A vessel used for the transport of troops, either during wartime or for garrison duties in peacetime.","P",
143,100484,"TROW","Y","A small cargo boat found on the River Severn in England, with a mast which could be taken down to allow the boat to pass under low bridges.","P",
143,100485,"TUG","Y","A relatively small and heavily built vessel equipped with large engines. Used for towing ships at sea or manouevring them in tight spaces.","P",
143,100486,"TURRET IRONCLAD","Y","A warship constructed of iron plate with its main armament mounted in a revolving turret on deck.","P",
143,100487,"U BOAT","Y","The British designation for any German submarine built for military purposes. U-Boat is an anglicization of the German U-Boot, an abbreviation for Unterseeboot (Undersea Boat). In German U-Boot refers to any submarine.","P",
143,100488,"U Class Submarine","N",,"N",
143,100489,"VICTUALLER","Y","A vessel used to carry supplies to warships.","P",
143,100490,"WARSHIP","Y","A ship that is built and primarily intended for war.","P",
143,100491,"WATER CARRIER","Y","A small vessel used to carry fresh water to ships at anchor or in harbour.","P",
143,100492,"WATER TAXI","Y","A craft available for public hire for short journeys.","P",
143,100493,"WEST INDIAMAN","Y","Any vessel in use by the West India Company.","P",
143,100494,"WHALE CATCHER","Y","A craft employed to harpoon whales and bring them in to be processed.","P",
143,100495,"WHALE PROCESSING SHIP","Y","A ship used to process whales into saleable products.","P",
143,133093,"E BOAT","Y","The name given by the Allies during the Second World War to the German motor torpedo boat. E Boats carried two torpedo tubes and anti aircraft guns. They had a maximum speed of 39 knots and were considered superior to their Allied counterparts.","P",
143,133094,"S Boot","N",,"N",
143,133095,"Schnellboot","N",,"N",
143,100496,"WHALE UNIT","Y","A floating pier, comprised of a floating pierhead (SPUD) and a roadway resting on pontoons (BEETLES). The pierhead and roadway were capable of rising and falling with the tide enabling unloading of troops and equipment to occur at any state of the tide.","P",
143,131953,"PHOENIX CAISSON","Y","A floatable concrete vessel, numbers of which made up the main breakwater of the Mulberry Harbours used to secure beachheads during the allied invasion of Europe in June 1944.","P",
143,131954,"Phoenix Unit","N",,"N",
143,131955,"BOMBARDON","Y","A floating breakwater in the form of a hollow cruciform tube 200 ft long by 25 ft high. Bombardons were designed to reduce the height of waves and formed the outer breakwater of the Mulberry harbours.","P",
143,100319,"DESTROYER","Y","A very fast small warship, armed with small calibre guns and torpedoes. Used for attacking enemy vessels, escort duties and anti submarine duties.","P",
143,100320,"DOGGER","Y","A short wide-beamed Dutch craft, often used as a fishing vessel or, in the 17th and 18th centuries, a privateer due to its manoeuvrability. Fitted with a ketch rig or variations thereof. Used extensively in the North Sea.","P",
143,100321,"DREADNOUGHT BATTLESHIP","Y","A heavily armoured capital ship with an armament composed entirely of large calibre guns and powered by stem turbines. In effect any battleship constructed after 1908.","P",
143,100322,"DREDGER","Y","A craft used to deepen shipping channels, harbours and other water courses.","P",
143,100323,"DRIFTER","Y","A fishing boat using nets which are free to move with the tides and currents.","P",
143,100324,"DRY BULK CARGO CARRIER","Y","Cargo vessel specially constructed to carry bulk items such as grain. Does not include liquid cargoes.","P",
143,100325,"Dryad Class Torpedo Boat","N",,"N",
143,100326,"DUMMY WARSHIP","Y","A civil vessel disguised as a warship.","P",
143,100327,"E Class Submarine","N",,"N",
143,100328,"East India Company Sloop","N",,"N",
143,100329,"EAST INDIAMAN","Y","Name given to a vessel of the East India Company. Usually large, well built and magnificently decorated.","P",
143,100330,"EMIGRANT SHIP","Y","A passenger vessel equipped to carry a large number of emigrants usually with large third class decks and plenty of cargo space.","P",
143,100331,"ESCORT VESSEL","Y","A warship used to provide an escort to other warships or merchant ships against attack.","P",
143,100332,"EXAMINATION SERVICE VESSEL","Y","A vessel used for inspecting vessels entering port during wartime.","P",
143,100333,"Examination Vessel","N",,"N",
143,100334,"EXPERIMENTAL CRAFT","Y","A craft built with the intention of demonstrating or advertising a novel design feature.","P",
143,100335,"FACTORY SHIP","Y","A vessel with equipment for processing dead marine life whilst still at sea.","P",
143,100336,"FERRY","Y","A vessel designed for the transport of persons and goods from one place to another an a regular schedule of sailings. Use specific type were known.","P",
143,100337,"FIRE FIGHTING TUG","Y","A tug equipped with water tanks and pumps for fighting fires at sea or on the shore line.","P",
143,100338,"FIRE FIGHTING VESSEL","Y","A vessel equipped with water tanks and pumps for fighting fires at sea or on the shore line.","P",
143,100339,"FIRESHIP","Y","A small vessel used to attack other vessels and setting themselves and then the enemy alight.","P",
143,100340,"First Class Battleship","N",,"N",
143,100341,"FISHERIES PROTECTION VESSEL","Y","A vessel for policing fishing grounds and fishing vessels.","P",
143,100342,"FISHING VESSEL","Y","A vessel or craft used for catching or harvesting marine life by a variety of methods, use specific method where known.","P",
143,100343,"FLEET MESSENGER","Y","A vessel for carrying messages between warships.","P",
143,100344,"FLEET SUBMARINE","Y","Large submarine intended to operate with a surface fleet at sea.","P",
143,100345,"FLOATING BATTERY","Y","A small stem powered warship with its hull protected by iron plates. Used to bombard targets onshore, especially in the Crimean War.","P",
143,100347,"FLY BOAT","Y","Flat bottomed, two-masted Dutch coastal vessel of the sixteenth to nineteenth centuries. Sometimes used as an English term for fluit, also a flat-bottomed vessel.","P",
143,100348,"FREIGHTER","Y","A single decked cargo vessel carrying the majority of its cargo on deck.","P",
143,100349,"FRIGATE (NON SAIL)","Y","A medium speed anti submarine escort vessel built from World War II","P",
143,100350,"FRIGATE (SAIL)","Y","A three masted fully rigged warship armed with 24 to 38 guns on a single gundeck.","P",
143,100351,"Fueler","N",,"N",
143,100352,"FULL RIGGED SHIP","Y","A vessel carrying square sails on all masts and having three or more masts.","P",
143,100353,"G Class Submarine","N",,"N",
143,100354,"GALLEON","Y","Warship or trading vessel, three masted with a low forecastle.","P",
143,100355,"GALLEY","Y","Oared fighting ship with ancillary sails.","P",
143,100356,"GALLIOT","Y","A small galley or Dutch trading vessel similar to a barge in construction.","P",
143,100357,"GRAB DREDGER","Y","A dredger with a grab hung on ropes or chains giving it unlimited depth of excavation. they can lift solids or pieces of wreckages and can work close to ships or to a dock wall.","P",
143,100358,"GUN BRIG","Y","A small sailing vessel armed with guns.","P",
143,100359,"GUNBOAT","Y","A small warship built to operate close to the shore or in river estuaries. Used for shore bombardment and patrol duties.","P",
143,100360,"H21 Class Submarine","N",,"N",
143,100361,"HARBOUR SERVICE CRAFT","Y","Craft used to maintain, supply or assist larger vessels whilst in harbour.","P",
143,100362,"HOLLAND SUBMARINE","Y","First practical submarine design. The first to use a combination of battery power and internal combustion engines.","P",
143,100363,"Hopper","N",,"N",
143,100364,"HOPPER BARGE","Y","A vessel used to carry away mud etc from a dredging machine and discharging it elsewhere.","P",
143,100365,"HOPPER DREDGER","Y","A dredger which can act as its own hopper and can thus transport the mud which it picks up to dump it at the desired place.","P",
143,100366,"HOSPITAL SHIP","Y","A ship used for treating patients or moving them between a battle zone and a safe area.","P",
143,100367,"HOUSE BOAT","Y","A boat used as private or domestic living accomodation.","P",
143,100368,"HOY","Y","Small coastal vessel.","P",
143,100369,"HULK","Y","An old ship converted for a variety of uses for which it is not required to move under its own power.","P",
143,100370,"HUMBER KEEL","Y","Flat bottomed vessel used for coasting on the River Humber.","P",
143,100371,"Hunt Class Destroyer","N",,"N",
143,100372,"IRONCLAD","Y","Warships constructed of iron plate or with wooden hulls covered by iron plates. Used as a generic name for the first examples of armour plated warships.","P",
143,100373,"J Class Submarine","N",,"N",
143,100374,"KEEL","Y","Flat bottomed vessel used for loading colliers in the north east, similar to a lighter.","P",
143,100375,"KETCH","Y","A vessel with two masts, rigged as a ketch, used for coastal trading.","P",
143,100376,"L Class Submarine","N",,"N",
143,100377,"LANDING CRAFT","Y","Inshore craft used for carrying troops and military equipment used either for beach landings or as a ferry. Use specific type where known.","P",
143,100378,"LANDING CRAFT INFANTRY","Y","Small landing craft often armoured, designed to carry infantrymen and their equipment ashore from larger vessels offshore.","P",
143,100379,"LANDING CRAFT TANK","Y","Large inshore craft with a retractable loading ramp in the bow. Used to carry tanks ashore for a beach landing or as a tank ferry.","P",
143,100380,"LANDING SHIP TANK","Y","Small ocean going vessel fitted with loading doors in the bow. Used for ferrying tanks or other fighting vehicles to beach landings.","P",
143,100381,"Lct Mk 40","N",,"N",
143,100382,"LEISURE CRAFT","Y","Craft intended for recreation and not intended for any commercial use.","P",
143,100383,"LIBERTY SHIP","Y","A cargo vessel constructed in the U.S.A. during World War II from prefabricated sections by welding.","P",
143,100384,"LIFEBOAT","Y","A boat specifically designed for saving lives at sea, they can be either: a boat carried on a larger vessel for use in emergency evacuation of crew and passengers in the event of shipwreck or a boat built for the purpose of shore-to-sea rescue missions.","P",
143,100385,"LIGHT CRUISER","Y","Large warship with no armour and a high speed. Used for reconnaisance and raids on enemy merchant shipping.","P",
143,100386,"LIGHTER","Y","Unpowered flat bottomed vessel, used for carrying cargo from ship to shore or as a working platform.","P",
143,100387,"LIGHTHOUSE TENDER","Y","A small vessel used to carry supplies and personnel to lighthouses.","P",
143,100388,"LIGHTSHIP","Y","Normally an unpowered vessel, moored in places where the construction of a lighthouse is impractical.","P",
143,100389,"LINER","Y","A ship belonging to a shipping company which carries passengers on a scheduled route usually applied to steam ships only.","P",
143,100390,"LIVESTOCK SHIP","Y","A designed for the carriage of livestock usually cattle or sheep.","P",
143,100391,"LOGBOAT","Y","A boat fashioned out of a section of tree trunk.","P",
143,100392,"LUGGER","Y","A vessel with a lug sail rig. A lug is a four sided sail set on a lug or yard. Modified from square-rigged vessels from the late 17th century. Became a popular fishing boat rig in the 19th century.","P",
143,100393,"Man Of War","N",,"N",
143,100394,"MARITIME CRAFT","N","The class term, use more specific terms.","P",
143,100396,"MIDGET SUBMARINE","Y","Small submarine with a two or three man crew. Used for special missions such as sinking warships in heavily defended harbours.","P",
143,100397,"MINE CARRIER","Y","A vessel used for carrying mines between warships and supply depots.","P",
143,100398,"MINE LAYING SUBMARINE","Y","A submarine built or adapted to carry mines and lay minefields.","P",
143,100399,"Mine Sweeper","N",,"N",
143,100400,"MINELAYER","Y","A ship designed or modified to carry large numbers of mines and be able to lay them as a minefield.","P",
143,100497,"WHALER","Y","Any vessel involved in the catching or transportation of whales.","P",
143,100498,"WHERRY","Y","A decked sailing vessel of shallow draft.","P",
143,100499,"YACHT","Y","Any vessel propelled by sail or power and used for pleasure and not plying for hire.","P",
143,100500,"FIRST RATE SHIP OF THE LINE","Y","A ship of the line mounting 100 guns or more on three gundecks.","P",
143,100501,"SECOND RATE SHIP OF THE LINE","Y","A ship of the line mounting between 90 and 98 guns on three gun decks","P",
143,100502,"THIRD RATE SHIP OF THE LINE","Y","A ship of the line mounting between 64 and 80 guns typically built with two gun decks.","P",
143,100503,"FOURTH RATE SHIP OF THE LINE","Y","A ship of the line mounting between 46 and 64 guns","P",
143,100504,"FIFTH RATE SHIP OF THE LINE","Y","A sailing frigate mounting 32 to 44 guns with the main battery on a single deck.","P",
143,100505,"SIXTH RATE SHIP OF THE LINE","Y","A small warship mounting between 20 and 28 nine-pounder guns on a single deck.","P",
143,100518,"BRIGANTINE","Y","A two masted craft which is square rigged on the foremast and fore and aft rigged on the main mast.","P",
143,100519,"CUTTER","Y","A small one masted craft, often using oars as well as sails.","P",
143,100520,"LAUNCH","Y","A large ship's boat powered by oars and or an engine.","P",
143,100521,"YAWL","Y","A craft with two masts.It is usually cutter rigged on the foremast and has a small mizzen mast.","P",
143,100522,"CARVEL","Y","A small cargo craft, usually with two masts and a lateen rig.","P",
143,100523,"CRAYER","Y","A small, single-masted merchant vessel, designed for maximum hold capacity and not for sailing ability.","P",
143,100524,"FLAT","Y","A broad, flat-bottomed boat.","P",
143,100525,"GRAIN ELEVATOR","Y","A craft on which is a machine for the loading and unloading of grain to and from a warehouse.","P",
143,100526,"REFUGE BUOY","Y","A buoy with a compartment into which shipwrecked mariners could climb to await rescue.","P",
143,100234,"100 Gun Ship","N",,"N",
143,100235,"24 Gun Ship","N",,"N",
143,100236,"30 Gun Ship","N",,"N",
143,100237,"32 Gun Ship","N",,"N",
143,100238,"36 Gun Ship","N",,"N",
143,100239,"4 Masted Ship","N",,"N",
143,100240,"44 Gun Ship","N",,"N",
143,100241,"5 Masted Schooner","N",,"N",
143,100242,"5 Masted Ship","N",,"N",
143,100243,"64 Gun Ship","N",,"N",
143,100244,"70 Gun Ship","N",,"N",
143,100245,"72 Gun Ship","N",,"N",
143,100246,"74 Gun Ship","N",,"N",
143,100247,"90 Gun Ship","N",,"N",
143,100248,"A Class Submarine","N",,"N",
143,100249,"Admiralty Collier","N","Use both terms.","N",
143,100250,"Admiralty Drifter","N","Use both terms.","N",
143,100251,"Admiralty Lighter","N","Use both terms.","N",
143,100252,"Admiralty Netlayer","N","Use both terms.","N",
143,100253,"Admiralty Oiler","N","Use both terms.","N",
143,100254,"Admiralty Trawler","N","Use both terms.","N",
143,100255,"Admiralty Tug","N","Use both terms.","N",
143,100256,"ADMIRALTY VESSEL","Y","Any vessel which has been hired or impressed for use by the Admiralty.","P",
143,100257,"Admiralty Whaler","N","Use both terms.","N",
143,100258,"ADVICE BOAT","Y","A small, fast boat used for carrying orders between sailing vessels.","P",
143,100259,"AIRCRAFT CARRIER","Y","A major warship equipped with a clear flat deck to provide a landing and taking off place for aircraft.","P",
143,100260,"AIRCRAFT CATAPULT VESSEL","Y","A vessel fitted with a catapult for launching an aircraft.","P",
143,100261,"AMMUNITION BARGE","Y","Shallow draft vessel used to carry ammunition.","P",
143,100262,"ANTI AIRCRAFT VESSEL","Y","A vessel (often small obsolete cruisers or pleasure steamers) equipped with batteries of anti aircraft guns as its main armament.","P",
143,100263,"ANTI SUBMARINE VESSEL","Y","A small warship (often adapted from a trawler or drifter) used to hunt enemy submarines.","P",
143,100264,"ARMED CARGO VESSEL","Y","A vessel used for carrying cargoes, fitted with defensive weapons. Use with specific type and form where known.","P",
143,100265,"Ascot Class Minesweeper","N",,"N",
143,100266,"Auxiliary Minesweeper","N",,"N",
143,100267,"Auxiliary Mooring Vessel","N",,"N",
143,100268,"Auxiliary Trawler","N",,"N",
143,100269,"B Class Motor Launch","N",,"N",
143,100270,"B Class Submarine","N",,"N",
143,100271,"BANKER","Y","A fishing vessel employed exclusively on the Grand Banks cod fisheries.","P",
143,100272,"BARGE","Y","Shallow draft cargo vessel, often broad beamed and flat bottomed, powered by engine and or sail.","P",
143,100273,"BARQUE","Y","A sailing vessel, generally with three masts, square rigged on the fore and main mast.","P",
143,100274,"BARQUENTINE","Y","Sailing vessel generally with three masts square rigged on the foremast only.","P",
143,100275,"BARRAGE BALLOON VESSEL","Y","A vessel used as a platform for flying a barrage balloon from.","P",
143,100276,"Basilisk Class Destroyer","N",,"N",
143,100277,"BATTLECRUISER","Y","A capital warship lightly armoured but with the same gun armament and stem turbine propulsion as a DREADNOUGHT BATTLESHIP.","P",
143,100278,"BATTLESHIP","Y","A capital warship, often steam driven, heavily armoured with armament of large calibre guns deployed in turrets.","P",
143,100279,"BAWLEY","Y","A small coastal fishing vessel peculiar to Kent, cutter rigged.","P",
143,100280,"BILLYBOY","Y","Single masted east coast trading vessel, ketch rigged or single masted.","P",
143,100281,"BLOCK SHIP","Y","A hulk or obsolete vessel filled with cement or similar material and scuttled to block an entrance to a port or anchorage, usually as a defensive measure.","P",
143,100282,"Boat","N",,"N",
143,100283,"BOMB VESSEL","Y","A sailing warship armed with one or more heavy howitzers or mortars and used for bombarding shore positions. The modern equivalent is the MONITOR.","P",
143,100284,"BOOM DEFENCE VESSEL","Y","A vessel for maintaining the buoys, hawsers and netting of a boom defence.","P",
143,100285,"BRIG","Y","Two masted vessel with a square rig on both masts.","P",
143,100286,"BUCKET DREDGER","Y","A self propelled vessel for deepening harbours using a continuous chain of buckets","P",
143,100287,"BULK ORE CARRIER","Y","Large cargo vessel specially built and equipped for handling large quantities of ore.","P",
143,100288,"C Class Destroyer","N",,"N",
143,100289,"C Class Submarine","N",,"N",
143,100290,"CABIN CRAFT","Y","A small vessel with a cabin as an integral part of its construction.","P",
143,100291,"CABLE LAYER","Y","A ship used for laying cables (often telephone cables) along the sea bed.","P",
143,100292,"CANOE","Y","A small open boat, usually a very light craft propelled by a paddle.","P",
143,100293,"Captain Class Frigate","N",,"N",
143,100294,"CARAVEL","Y","Small two or three masted ship used as trading vessels in the medieval mediterranean.","P",
143,100295,"CARGO VESSEL","Y","A craft used for the transportation of cargoes. Use specific type where known.","P",
143,100296,"CARRACK","Y","A three masted vessel with a square rig on the fore and main masts and lateen rig on the mizzen mast.","P",
143,100297,"Chasse Marie","N",,"N",
143,100298,"Cherokee Class Sloop","N",,"N",
143,100299,"CLIPPER","Y","Generic term for fast sailing ships with schooner rig and fine hull lines.","P",
143,100300,"COAL HULK","Y","Old ship converted to a floating coal store.","P",
143,100301,"COASTER","Y","Small cargo vessel used for short coastal voyages carrying a variety of cargoes.","P",
143,100302,"COG","Y","North European medieval merchant vessel.","P",
143,100303,"COLLIER","Y","A vessel for carrying a cargo of coal in bulk.","P",
143,100304,"CORACLE","Y","A small craft of wickerwork covered with waterproof material.","P",
143,100305,"CORVETTE (NON SAIL)","Y","A small anti submarine escort vessel built in World War II","P",
143,100306,"CORVETTE (SAIL)","Y","A flush decked sailing warship with a single tier of guns.","P",
143,100307,"CRAFT","Y","All vessels, use more specific type where known.","P",
143,100308,"CRANE BARGE","Y","A shallow draft vessel used to carry a crane.","P",
143,100309,"CRUISE BOAT","Y","Open decked vessel used for sight seeing or pleasure voyages.","P",
143,100310,"CRUISE SHIP","Y","A passenger vessel equipped with recreational facilities for long voyages for pleasure and sight seeing.","P",
143,100311,"CRUISER","Y","Large warship equipped with turret mounted guns. Intended for independent action for trade protection, reconaissance and fire support for amphibious operations.","P",
143,100312,"CUSTOMS BOAT","Y","A small vessel used as transport for customs officers.","P",
143,100313,"D Class Destroyer","N",,"N",
143,100314,"DAN LAYER","Y","A vessel used for the laying and removal of buoys and other navigational markers.","P",
143,100315,"DANDY","Y","Ketch or yawl rigged vessel with a large mizzen sail used in the west country.","P",
143,100316,"DECOY VESSEL","Y","A vessel, usually a merchant vessel, altered to resemble a warship or another vessel.","P",
143,100317,"DEGAUSSING VESSEL","Y","A vessel containing equipment for reducing the magnetic structure of a ship's hull making it immune to magnetic mines.","P",
143,100318,"DEPOT SHIP","Y","A ship acting as a base for smaller vessels and or submarines.","P",
143,111113,"X Craft","N",,"N",
143,111713,"POLACRE","Y","A ship or brig peculiar to the Mediterranean.","P",
143,111714,"CHASSE MAREE","Y","French coasting vessel","P",
143,138512,"SLAVE SHIP","Y","A large cargo vessel, either purpose-fitted or converted, for the transportation of slaves.","P",
143,138609,"PREVENTIVE SERVICE VESSEL","Y","Prior to 1822 a vessel used by the customs department involved with the prevention of smuggling.","P",
143,139810,"GRAIN HULK","Y","A demasted ship used exclusively for the storage of grain.","P",
143,139837,"PATROL VESSEL","Y","A vessel, purpose-built or requisitioned, used for patrolling inland or coastal waters, e.g. Coastguard and Customs vessels.","P",
143,139744,"FLUIT","Y","17th century Dutch vessel built for naval or East India service, with a relatively flat bottom and narrow hull; sometimes rendered into English as `fly-boat'.","P",
143,139756,"Fluyt","N",,"N",
143,140248,"GIG","Y","A six oared rowing boat which originated in Cornwall in the 18th century. Originally used as a pilot vessel, useage adapted to include cargo vessel and lifeboat. Today gigs are used in sporting events.","P",
143,140198,"SCHUIT","Y","Dutch galliot-rigged vessel used mostly for river trade in Holland but sometimes also for coasting or short sea-going voyages","P",
143,141805,"SHIPS BOAT","Y","Satellite craft belonging to a larger vessel, usually a rowing vessel; used to pick up or set down passengers or crew when lying offshore, or stowed on board as the ""long boat"" or ""jolly boat"" for lifesaving purposes.","P",
143,141856,"FLUTE","Y","French warship broadly equivalent to the English 4th to 6th Rates, with as few as 4 to as many as 50 guns.","P",
143,141858,"CASUALTY CLEARING SHIP","Y","Transport vessel used for the repatriation of wounded troops, particularly during the First World War. Loosely described as ""hospital ships"", these ships were distinct from hospital ships proper by being defensively armed.","P",
143,142957,"DROMOND","Y","Originally denoting a Byzantine vessel, powered by oars, from the 6th century onwards, this developed into a large Mediterranean ship with oars and a single mast, used for trade or for war transport, (e.g. during the Crusades) until the 15th century.","P",
143,141981,"DISTILLING SHIP","Y","World War II naval support vessel usually converted from a mercantile or other warship type and used for the distillation of water by both the Royal Navy and the American Navy.","P",
143,143007,"CONTAINER SHIP","Y","A cargo vessel designed to carry goods packed in large containers that can be loaded directly onto trains or lorries.","P",
143,143008,"PUFFER","Y","A small cargo vessel used on the West coast of Scotland.","P",
143,142055,"TORPEDO GUNBOAT","Y","Late nineteenth and early twentieth century warship armed with guns and torpedoes.","P",
143,140478,"FIVE MAN BOAT","Y","Three-masted fishing lugger built in and operating out of Yorkshire on the North Sea fisheries; so named as it was crewed by five joint owners, plus two or three paid hands.","P",
143,140562,"FOYBOAT","Y","Small, heavily built coble, usually fitted with lugsail and oars, used on the north-east coast of England to assist, tow, pilot, provision or otherwise attend ships.","P",
143,140563,"Foy","N",,"N",
143,139332,"COBLE","Y","A small clinker-built craft, dating primarily from the 19th and early 20th centuries, fitted with oars and often a sail, usually found on the north-east coast of England and used for fishing or pilotage.","P",
143,139373,"HULK (SAIL)","Y","A large Mediterranean cargo or transport vessel of the 15th to 17th century, usually less than 400 tons.","P",
143,139547,"XEBEC","Y","A small three-masted lateen-rigged vessel used exclusively in the Mediterranean from the 16th to the 19th century. Its hull was similar in form to that of a polacre but with an extended bow and stern.","P",
143,139550,"CORSAIR","Y","Privateer operating under government licence to act against enemy merchant shipping. The term is closely associated with North African privateers which operated off the Barbary coast prior to the mid-1800's.","P",
143,144488,"GALLEASS","Y","Oared sailing vessel developed in the 15th century, the larger English version with secondary oars coming into use in the 16th century. Not to be confused with GALEAS.","P",
143,144486,"GALEAS","Y","Any one of the cargo vessels of that name belonging to the different Baltic nations, in use from the mid 18th to the early 20th century. Usually ketch-rigged. Not to be confused with the oared GALEASS.","P",
143,144621,"PRIZE VESSEL","Y","Cargo vessel or warship captured by a warship or privateer of a hostile nation in time of war, usually taken into that nation+s mercantile, privateering or naval service.","P",
143,147328,"CONVICT TRANSPORT","Y","Transport vessel hired for the enforced removal of convicts to penal colonies abroad(e.g. Virginia, Australia), or for their return to Britain.","P",
143,147329,"CARTEL","Y","Transport vessel, usually a hired vessel of mercantile origin, used for the exchange of prisoners-of-war; sometimes, specifically a hospital ship with such prisoners.","P",
143,147517,"THAMES SAILING BARGE","Y","Flat-bottomed barge with shallow draft adapted for carrying bulk cargoes among the shoals of the Thames Estuary; usually spritsail-rigged, though other rigs were permissible.","P",
143,147522,"TERRE NEUVA","Y","French Banker, fishing vessel for the Grand Banks of Newfoundland, generally three-masted or of brig type, from the late 19th and 20th centuries.","P",
143,145087,"SEWN BOAT","Y","A type of clinker built wooden boat or ship held together with tendons of flexible wood such as roots and willow branches. Sewn boat construction techniques were used in many parts of the world prior to the development of metal fasteners.","P",
143,145104,"COASTGUARD VESSEL","Y","From 1822, any vessel in the service of HM Coastguard, principally deployed on Customs and Revenue duties, i.e. anti-smuggling operations. Superseded the Preventive Service Vessel.","P",
143,145105,"CUSTOMS AND EXCISE VESSEL","N","Any vessel in the service of one of the historical or modern agencies concerned with the prevention of inbound or outbound smuggling: namely the Preventive Service, the Coastguard, or the Customs and Excise. Use more specific term.","P",
143,146361,"BEETLE UNIT","Y","Concrete or steel pontoons that supported the Whale piers. They were moored in position using wires attsched to Kite anchors.","P",
143,146425,"LONGSHIP","Y","A term for any vessel powered principally by sail and oars, or oars alone, used especially for war. As a broad term it may refer to Roman galleys, or more specifically to an Anglo-Saxon or Norse warship of the Viking Age.","P",
143,151865,"HYDROFOIL","Y","High speed craft developed in the 20th Century which employ a wing-like structure mounted on struts below the hull which lift the vessel above the water line during forward motion, reducing drag and increasing speed.","P",
143,151866,"CATAMARAN","Y","A multihulled craft consisting of two hulls, or vakas, which are usually joined together by a frame or other structure, formed of akas. Catamarans can be sail or engine powered.","P",
143,151871,"CABIN CRUISER","Y","A type of motorboat that provides accommodation for crew and passengers within the crafts cabin. Cabin Cruisers are usually between 25 feet and 45 feet long in length and are not to be confused with cruise ships which are substantially larger.","P",
143,151872,"CHAIN FERRY","Y","A small ferry powered by steam or diesel engine, which pull vessel from one side of a river crossing along submerged chains.","P",
143,151943,"Standby Safety Vessel","N",,"N",
143,152307,"VICTORY SHIP","Y","A prefabricated cargo vessel produced in large numbers by North American shipyards during World War II to replace shipping losses caused by German submarines and replacing the earlier 'LIBERTY' ships.","P",
143,152385,"RADIO SHIP","Y","Vessel fitted with broadcasting equipment and used for off-shore radio programme transmission.","P",
143,152405,"PLATFORM SUPPLY VESSEL","Y","Specially designed/fitted carriers of crew and/or supplies to offshore oil platforms.","P",
143,152406,"Offshore Supply Vessel","N",,"N",
143,152407,"WORK BOAT","Y","Generic name for a vessel used for work rather than for recreation, transportation, or military purposes. The vessels include tugs, barges, landing craft, dredgers and standby safety vessels. Use only were the exact type of vessel is unknown.","P",
143,152408,"ROLL ON ROLL OFF FERRY","Y","A type of ferry that is designed to carry wheeled vehicles that can be driven on to and off the vessel.","P",
143,152409,"Roro Ferry","N",,"N",
143,152411,"SEINER","Y","A fishing vessel that catches fish by using a Seining net, that is a large net that is made to hang in the water by attaching weights along the bottom edge and counteracting floats along the top.","P",
143,152510,"BOEIER","Y","A Dutch barge-like sailing vessel whose shallow draught enables it to navigate in shallow water not accessible by other vessels. Used for fishing or carriage of cargo in the 19th century this type of vessel was adapted for use as a type of leisure craft.","P",
143,152511,"Vlieboot","N",,"N",
143,152512,"Boier","N",,"N",
143,164141,"HOVERCRAFT","Y","An air-cushioned vehicle capable of travelling over land or water.","P",
143,162694,"U BOAT (TYPE UCI)","Y","A German coastal minelaying submarine in use during the First World War. The U Boat carried 12 mines but was otherwise unarmed with no deck gun or torpedo tubes.","P",
143,162695,"Type Uci Submarine","N",,"N",
143,162696,"U BOAT (TYPE UBIII)","Y","A German coastal attack submarine in use during the First World War. The U Boat had 5 torpedo tubes (4 bow/1 stern) and carried 10 torpedoes as well as an 88mm (or in some cases 105mm) deck gun.","P",
143,162697,"Type Ubiii Submarine","N",,"N",
143,162698,"U BOAT (TYPE UCII)","Y","A German coastal minelaying submarine in use during the First World War. In addition to 18 mines, the U BOAT also carried 7 torpedoes in 3 tubes (2 bow/1 stern) and and 88mm or 105mm deck gun. A very successful design, UCIIs sank more than 1800 vessels.","P",
143,162699,"Type Ucii Submarine","N",,"N",
143,163221,"REFUGE BARGE","Y","Moored barge providing a refuge for shipwrecked sailors or downed airmen, for example the air-sea rescue Cuckoo barges of WWII.","P",
143,160143,"BOMB SCOW","Y","A vessel used to transport bombs and depth charges from the shore to flying boats during the Second World War.","P",
143,160144,"DINGHY","Y","A type of small boat that was often carried, or towed by a larger vessel and used as a ship's boat. Dinghies can also be used recreationally as independent sailing vessels.","P",
143,160145,"MINEHUNTER","Y","A mine countermeasure vessel built to detect and destroy individual naval mines. (See Minesweeper for vessels that sweep and explode mined areas at sea without prior detection).","P",
143,160146,"Mine Hunter","N",,"N",
143,160147,"MINE COUNTERMEASURE VESSEL","Y","A vessel designed or adapted for the task of keeping shipping lanes and ports free from the threat of naval mines. Use specific type where known. of","P",
143,162933,"AMPHIBIOUS VEHICLE","Y","Vehicle either adapted, or purpose-built, to operate on both land and sea, for example a tank or DUKW.","P",
143,164184,"LANCASHIRE NOBBY","Y","Fishing smack specialised both for working shoal water and for trawling for shrimp, predominantly in and around Morecambe Bay.","P",
143,159157,"LONG BOAT","Y","The largest boat belonging to a sailing vessel, and usually the means of escape from a sinking ship; powered by oars.","P",
143,159159,"CAPER","Y","17th/18th century lightly armed privateer, usually either a 'Dunkirker' or Dutch.","P",
143,159170,"LANDING CRAFT MECHANISED","Y","Landing craft designed for carrying military vehicles and used for beach landings and as a ferry.","P",
143,159219,"NARROW BOAT","Y","A craft designed for use on canals and inland waterways. Usually 70ft long x 7ft wide though can be longer and broader.","P",
143,159215,"CATAPULT ARMED MERCHANTMAN","Y","World War II-era British merchant ships used in convoys as an emergency stop-gap until sufficient escort carriers became available. They were equipped with a rocket-propelled catapult launching a single Hawker Sea Hurricane plane.","P",
143,159216,"Cam Ship","N",,"N",
143,159220,"Narrowboat","N",,"N",
143,159232,"SCREW STEAMER","Y","A steam vessel propelled by rotating propellers called screws.","P",
143,162692,"U Boot","N",,"N",
143,162693,"Unterseeboot","N",,"N",
143,162885,"KOF","Y","Dutch coaster of the late 17th to late 19th centuries with a square hull and 2 masts, generally having a heavy keel and round stern and bilges, although later examples were built on more refined lines.","P",
143,163072,"Dublin Class 74 Gun Ship","N",,"N",
143,163092,"Fishing Boat","N",,"N",
143,163112,"Oared Galleass","N",,"N",
143,163132,"Oared Galley","N",,"N",
143,163133,"Patrol Ship","N",,"N",
143,167018,"SKIFF","Y","Small, light, fast, all-purpose craft designed primarily for inland use. Generally flat-bottomed, often with rocker; sharp bow, sharp or transom stern, lapstrake or carvel planking. Propelled by oars, sails or motor. Used for fishing and leisure.","P",
143,167019,"HOVELLER","Y","A freelance boat used off the south and east coasts of England to provide passing ships with pilots, supplies, new anchors and other gear. Some helped sailing ships and barges get underway. Generally lug-rigged. Also used for fishing. Half decked.","P",
143,167020,"Hobbler","N",,"N",
143,167021,"Hoveler","N",,"N",
143,167022,"Hubbler","N",,"N",
143,167023,"Huffler","N",,"N",
143,167024,"BOARDING BOAT","Y","Any boat used to transfer crew from shore to an offlying vessel. May also carry the catch from a fishing boat to shore. Used as special boats by the Royal National Lifeboat Institution for conveying crew from the beach to a moored lifeboat.","P",
143,167025,"LUG BOAT","Y","A barge with a lugsail rig commonly found on the River Thames in the late 19th century. Also a general term applied to the family of Deal luggers.","P",
143,167026,"Lugsail Barge","N",,"N",
143,169278,"ARMED BOARDING STEAMER","Y","Mercantile vessel converted during the First World War for the purposes of examining and boarding enemy vessels.","P",
143,169486,"DIVING SUPPORT VESSEL","Y","A vessel used to carry supplies and equipment needed by recreational or deep sea divers.","P",
143,169859,"TORPEDO BOAT","Y","Steam-powered torpedo boat developed in the early 20th century, and used in the First World War, a development of the torpedo boat destroyer, and distinct from the motor torpedo boat of WWII.","P",
143,167600,"REPAIR VESSEL","Y","Auxiliary or support vessel used for the repair of naval craft.","P",
143,167601,"SUBMARINE TENDER","Y","Support or 'mother ship' used for the repair, maintenance and refuelling of submarines, specifically 20th century submarines.","P",
143,169872,"U BOAT (TYPE UCIII)","Y","A German coastal minelaying submarine in use during the First World War.","P",
143,169873,"Type Uciii Submarine","N",,"N",
143,169875,"U BOAT (TYPE UBII)","Y","A German coastal attack submarine in use during the First World War.","P",
143,169876,"U BOAT (TYPE UBI)","Y","A German coastal attack submarine in use during the First World War.","P",
143,169877,"Type Ubii Submarine","N",,"N",
143,169878,"Type Ubi Submarine","N",,"N",
143,169879,"ATTACK SUBMARINE","Y",,"P",
143,169880,"U BOAT (TYPE UE2)","Y","A German coastal minelaying submarine in use during the First World War.","P",
143,169881,"U BOAT (TYPE U31)","Y","A German coastal attack submarine in use during the First World War.","P",
143,169882,"U BOAT (TYPE U43)","Y","A German coastal attack submarine in use during the First World War.","P",
143,169883,"U BOAT (TYPE U5)","Y","A German coastal attack submarine in use during the First World War.","P",
143,169884,"U BOAT (TYPE U81)","Y","A German coastal attack submarine in use during the First World War.","P",
143,169885,"U BOAT (TYPE U87)","Y","A German coastal attack submarine in use during the First World War.","P",
143,169886,"U BOAT (TYPE U93)","Y","A German coastal attack submarine in use during the First World War.","P",
