"TH_T_U_UID","TERM","CLA_GR_UID","BROAD_TERM_U_UID","TOP_TERM_U_UID"
206676,"WAR PRODUCTION FACTORY",599,206667,206578
206677,"EXPLOSIVES FACTORY",599,206667,206578
206678,"ENGINEERING INDUSTRY SITE",599,206578,206578
206679,"VEHICLE ENGINEERING SITE",599,206678,206578
206680,"AIRCRAFT ENGINEERING SITE",599,206679,206578
206681,"AIRCRAFT ENGINE FACTORY",599,206680,206578
206682,"AIRCRAFT FACTORY",599,206680,206578
206683,"SEAPLANE FACTORY",599,206682,206578
206684,"AIRCRAFT TESTING SITE",599,206680,206578
206685,"AIRSHIP CONSTRUCTION WORKS",599,206680,206578
206686,"BALLOON SHED",599,206680,206578
206687,"AIRSHIP HANGAR",599,206190,206122
206688,"BICYCLE FACTORY",599,206679,206578
206689,"BICYCLE FACTORY",599,206671,206578
206690,"MOTOR VEHICLE ENGINEERING SITE",599,206679,206578
206691,"CAR FACTORY",599,206671,206578
206692,"CAR FACTORY",599,206690,206578
206693,"CARRIAGE WORKS",599,206690,206578
206694,"COACH WORKS",599,206690,206578
206695,"LORRY FACTORY",599,206690,206578
206696,"MOTOR CYCLE FACTORY",599,206671,206578
206697,"MOTOR CYCLE FACTORY",599,206690,206578
206698,"RAILWAY ENGINEERING SITE",599,206679,206578
206699,"RAILWAY CARRIAGE WORKS",599,206698,206578
206700,"RAILWAY ENGINEERING WORKS",599,206698,206578
206701,"RAILWAY ENGINEERING WORKSHOP",599,206698,206578
206702,"RAILWAY WAGON WORKS",599,206698,206578
206703,"RAILWAY WORKS",599,206698,206578
206704,"RAILWAY WORKSHOP",599,206698,206578
206705,"STEAMING SHED",599,206698,206578
206706,"BORING MILL",599,206678,206578
206707,"CANNON BORING MILL",599,206706,206578
206708,"ENGINEERING WORKS",599,206678,206578
206709,"CARRIAGE WORKS",599,206708,206578
206710,"COACH WORKS",599,206708,206578
206711,"WORKS",599,206665,206578
206712,"ENGINEERING WORKS",599,206711,206578
206713,"AIRCRAFT MAINTENANCE UNIT",599,206711,206578
206714,"MARINE CONSTRUCTION SITE",599,206578,206578
206715,"DOCKYARD",599,206714,206578
206716,"NAVAL DOCKYARD",599,206715,206578
206717,"SEAPLANE FACTORY",599,206714,206578
206718,"DRY DOCK",599,206714,206578
206719,"BOAT YARD",599,206714,206578
206720,"SHIPYARD",599,206714,206578
206721,"WET DOCK",599,206714,206578
206722,"HALF TIDE DOCK",599,206714,206578
206723,"SHIP BREAKERS YARD",599,206714,206578
206724,"SHIP REPAIR WORKS",599,206714,206578
206725,"SHIP REPAIR WORKS",599,206711,206578
206726,"MARINE WORKSHOP",599,206714,206578
206727,"SHIPWRIGHTS WORKSHOP",599,206726,206578
206728,"SLIP SHED",599,206726,206578
206729,"MARINE ENGINEERING WORKS",599,206714,206578
206730,"FABRICATION SHED",599,206729,206578
206731,"POWER GENERATION SITE",599,206578,206578
206732,"STAND BY SET HOUSE",599,206731,206578
206733,"POWER HOUSE",599,206731,206578
206734,"SLIP SHED",599,206726,206578
206757,"GRAVE MARKER",599,206560,206559
206758,"GRAVESTONE",599,206757,206559
206786,"DEDICATION STONE",599,206566,206559
206820,"EMBARKATION POINT",599,206122,206122
206821,"DISPLACED PERSONS CAMP",599,206122,206122
206822,"OFFICIAL RESIDENCE",599,206072,206122
206823,"HOSPITAL",599,206122,206122
206824,"LISTENING POST",599,206119,206122
206825,"FIRST AID POST",599,206122,206122
205903,"EXPLOSIVES STORAGE FACILITY",599,206211,206122
205907,"AIRSHIP STATION",599,206122,206122
205908,"WATER STORAGE FACILITY",599,206211,206122
205914,"REGIMENTAL HEADQUARTERS",599,206072,206122
205915,"DRILL HALL",599,205914,206122
205916,"MESS",599,206072,206122
205917,"SERGEANTS MESS",599,205916,206122
205918,"OFFICERS MESS",599,205916,206122
205919,"RECREATION HUT",599,206072,206122
205921,"ABLUTIONS BLOCK",599,206072,206122
205934,"COASTAL OBSERVATION POST",599,206000,206122
205935,"MINEWATCHERS POST",599,205934,206122
205936,"GUN EMPLACEMENT",599,206116,206122
205937,"VICKERS MACHINE GUN EMPLACEMENT",599,206167,206122
205940,"BATTERY OBSERVATION POST",599,206146,206122
205953,"WEAPONS PIT",599,206054,206122
205955,"GENERATOR HOUSE",599,206072,206122
205960,"AIRFIELD SITE",599,206310,206122
205961,"POWER GENERATION SITE",599,205960,206122
205964,"STAND BY SET HOUSE",599,205961,206122
205965,"POWER HOUSE",599,205961,206122
205966,"POWER HOUSE (207/17)",599,205965,206122
205967,"POWER HOUSE (476/18)",599,205965,206122
205972,"WATCH OFFICE",599,206252,206122
205976,"ENGINE HOUSE",599,206072,206122
205977,"BATTERY ENGINE HOUSE",599,205976,206122
205979,"MACHINE GUN POST",599,206167,206122
205980,"BATTERY OBSERVATION POST",599,206127,206122
205981,"BATTERY OBSERVATION POST",599,206143,206122
205982,"COASTAL BATTERY COMMAND POST",599,206146,206122
205983,"COASTAL BATTERY COMMAND POST",599,206131,206122
205984,"ANTI AIRCRAFT BATTERY COMMAND POST",599,206131,206122
205985,"ANTI AIRCRAFT BATTERY COMMAND POST",599,206127,206122
205986,"AIRFIELD DEFENCE SITE",599,206091,206122
206000,"COASTAL DEFENCE SITE",599,206091,206122
206013,"PILLBOX",599,206116,206122
206029,"BARBED WIRE ENTANGLEMENT",599,206116,206122
206043,"CLOSE DEFENCE BATTERY",599,206133,206122
206045,"ANTI MOTOR TORPEDO BOAT BATTERY",599,206133,206122
206046,"EMERGENCY COAST DEFENCE BATTERY",599,206133,206122
206054,"FIELDWORK",599,206116,206122
206056,"FIRE TRENCH",599,206059,206122
206057,"SLIT TRENCH",599,206059,206122
206059,"TRENCH",599,206054,206122
206061,"COMMUNICATION TRENCH",599,206059,206122
206062,"INFANTRY POST",599,206054,206122
206065,"MINEFIELD",599,206000,206122
206070,"DEFENCE WORK",599,206091,206122
206071,"RIFLE PIT",599,206054,206122
206072,"ANCILLARY BUILDING",599,206091,206122
206073,"BARRACK BLOCK",599,206072,206122
206074,"QUARTERMASTERS STORE",599,206072,206122
206075,"SOUND MIRROR",599,206119,206122
206077,"RADIO TELEGRAPHY STATION",599,206405,206122
206081,"ANTENNA ARRAY",599,206119,206122
206091,"DEFENCE SITE",599,206122,206122
206092,"GUN EMPLACEMENT (TYPE 55415)",599,205936,206122
206093,"GUN EMPLACEMENT (TYPE 55414)",599,205936,206122
206094,"GUN EMPLACEMENT (TYPE 55422)",599,205936,206122
206095,"GUN EMPLACEMENT (TYPE 55483)",599,205936,206122
206096,"GUN EMPLACEMENT (TYPE 55491)",599,205936,206122
206098,"GUN EMPLACEMENT (TYPE 55503)",599,205936,206122
206100,"HOLDFAST",599,205936,206122
206101,"GUN STORE",599,206128,206122
206102,"MAGAZINE",599,206128,206122
206107,"BEACH DEFENCE LIGHT",599,206000,206122
206110,"SOUND MIRROR (20 FEET)",599,206075,206122
206111,"SOUND MIRROR (30 FEET)",599,206075,206122
206113,"SOUND MIRROR (200 FEET)",599,206075,206122
206116,"ANTI INVASION DEFENCE SITE",599,206091,206122
206117,"AIR DEFENCE SITE",599,206091,206122
206118,"ACTIVE AIR DEFENCE SITE",599,206117,206122
206119,"PASSIVE AIR DEFENCE SITE",599,206117,206122
206120,"ANTI AIRCRAFT DEFENCE SITE",599,206118,206122
206121,"CIVIL DEFENCE SITE",599,206091,206122
206122,"MILITARY DEFENCE AND FORTIFICATION",599,,206122
206123,"ACCOMMODATION HUT",599,206072,206122
206127,"ANTI AIRCRAFT BATTERY",599,206120,206122
206128,"HEAVY ANTI AIRCRAFT BATTERY",599,206127,206122
206131,"COMMAND POST",599,206072,206122
206133,"COAST ARTILLERY BATTERY",599,206146,206122
206135,"CIVIL DEFENCE BUILDING",599,206121,206122
206143,"SEARCHLIGHT BATTERY",599,206120,206122
206144,"BEACH DEFENCE BATTERY",599,206146,206122
206145,"COAST ARTILLERY SEARCHLIGHT",599,206000,206122
206146,"COASTAL BATTERY",599,206000,206122
206147,"EXTENDED DEFENCE OFFICERS POST",599,206000,206122
206148,"TORPEDO STATION",599,206000,206122
206149,"SUBMARINE MINE ESTABLISHMENT",599,206000,206122
206166,"FIRE SERVICE HEADQUARTERS",599,206135,206122
206167,"MACHINE GUN EMPLACEMENT",599,205936,206122
206168,"ROYAL NAVY SHORE ESTABLISHMENT",599,206122,206122
206169,"ARMY CAMP",599,206359,206122
206172,"COAST BATTERY GUN SITE",599,206146,206122
206185,"WORKSHOP",599,206072,206122
206187,"BOOM DEFENCE",599,206000,206122
206189,"PRISONER OF WAR CAMP",599,206122,206122
206190,"AIRCRAFT STORAGE FACILITY",599,205960,206122
206193,"WEAPON TESTING FACILITY",599,206091,206122
206194,"ARTILLERY FIRING RANGE",599,206193,206122
206195,"GUARDHOUSE",599,206072,206122
206196,"TECHNICAL AND INSTRUCTIONAL SITE",599,205960,206122
206197,"DOMESTIC SITE",599,206122,206122
206211,"STORAGE FACILITY",599,205960,206122
206218,"TRAINING SITE",599,206122,206122
206239,"ARMY HEADQUARTERS",599,206422,206122
206240,"OBSERVATION POST",599,206072,206122
206242,"COASTAL OBSERVATION POST",599,206240,206122
206243,"BATTERY OBSERVATION POST",599,206240,206122
206252,"CONTROL TOWER",599,205960,206122
206274,"SEAPLANE SHED",599,206190,206122
206275,"SEAPLANE SHED (TYPE G)",599,206274,206122
206276,"SEAPLANE SHED (TYPE F)",599,206274,206122
206277,"AIRCRAFT HANGAR",599,206190,206122
206285,"AIRCRAFT HANGAR (TRANSPORTABLE)",599,206277,206122
206308,"BESSONNEAU HANGAR (TYPE H)",599,206285,206122
206310,"TRANSPORT SITE",599,206122,206122
206311,"CAMOUFLAGE",599,206423,206122
206313,"SIGNALS GATHERING STATION",599,206490,206122
206318,"ROAD",599,206310,206122
206319,"BRIDGE",599,206310,206122
206323,"RIFLE RANGE",599,206193,206122
206324,"SEAPLANE SHED (TYPE J)",599,206274,206122
206339,"AMBULANCE STATION",599,206072,206122
206340,"AIR FORCE HEADQUARTERS",599,206422,206122
206341,"AIRFIELD",599,205960,206122
206342,"BARRACKS",599,206072,206122
206343,"BILLET",599,206072,206122
206356,"ADMIRALTY SIGNAL STATION",599,206122,206122
206357,"ADMIRALTY SIGNAL ESTABLISHMENT",599,206122,206122
206358,"MILITARY BASE",599,206122,206122
206359,"MILITARY CAMP",599,206122,206122
206360,"MILITARY HOSPITAL",599,206823,206122
206361,"TRAINING CENTRE",599,206218,206122
206362,"TRAINING AREA",599,206218,206122
206363,"STORAGE BUILDING",599,206211,206122
206364,"STORAGE DEPOT",599,206406,206122
206365,"MILITARY OFFICE",599,206072,206122
206366,"ANTI AIRCRAFT GUN EMPLACEMENT",599,206127,206122
206367,"ANTI AIRCRAFT GUN EMPLACEMENT",599,205936,206122
206368,"TRAINING CAMP",599,206218,206122
206369,"TRAINING CAMP",599,206359,206122
206374,"AUXILIARY HOSPITAL",599,206823,206122
206377,"BOMB CRATER",599,206122,206122
206378,"CIVIL DEFENCE HEADQUARTERS",599,206135,206122
206384,"FIRING RANGE",599,206362,206122
206385,"FIRING RANGE BLOCKHOUSE",599,206384,206122
206386,"FIRING RANGE",599,206193,206122
206387,"GRENADE RANGE",599,206193,206122
206388,"GRENADE RANGE",599,206362,206122
206391,"SEARCHLIGHT EMPLACEMENT",599,206143,206122
206392,"AIR SEA RESCUE STATION",599,206358,206122
206395,"OFFICERS QUARTERS",599,206072,206122
206396,"AIRMENS QUARTERS",599,206072,206122
206397,"AIRFIELD BUILDING",599,206072,206122
206398,"AMMUNITION STORE",599,206072,206122
206400,"ARMOURY",599,206072,206122
206401,"BLAST WALL",599,206072,206122
206402,"BOMB STORE",599,206398,206122
206403,"CINEMA",599,206197,206122
206404,"NISSEN HUT",599,206072,206122
206405,"RADIO STATION",599,206490,206122
206406,"DEPOT",599,206211,206122
206408,"ROYAL NAVAL DEPOT",599,206406,206122
206416,"FIRE STATION",599,206072,206122
206417,"FUEL DEPOT",599,206406,206122
206418,"FOOD DEPOT",599,206406,206122
206419,"FUEL STORE",599,206211,206122
206420,"FUEL TANK",599,206419,206122
206421,"MILITARY BUILDING",599,206122,206122
206422,"MILITARY HEADQUARTERS",599,206072,206122
206423,"MILITARY SITE",599,206122,206122
206424,"SUPPLY DEPOT",599,206406,206122
206425,"ORDNANCE DEPOT",599,206406,206122
206427,"ROYAL NAVAL AIR STATION",599,206423,206122
206428,"ROYAL NAVAL BASE",599,206358,206122
206432,"NAVAL HEADQUARTERS",599,206422,206122
206433,"VEHICLE DEPOT",599,206406,206122
206435,"WATER TANK",599,205908,206122
206436,"WATER TOWER",599,205908,206122
206439,"FIRE TENDER HOUSE",599,206196,206122
206440,"GYMNASIUM",599,206197,206122
206441,"MOTOR TRANSPORT BUILDING",599,206196,206122
206442,"AMMUNITION DEPOT",599,206406,206122
206443,"OPERATIONS ROOM",599,206196,206122
206444,"AEROPLANE REPAIR SECTION SHED",599,206196,206122
206445,"SQUASH RACQUETS COURT",599,206197,206122
206447,"VEHICLE SHED",599,206441,206122
206449,"SEAPLANE STATION",599,206423,206122
206450,"BOMBING RANGE",599,206193,206122
206451,"GARAGE",599,206441,206122
206452,"OPERATIONS BLOCK",599,206196,206122
206453,"PARADE GROUND",599,206197,206122
206454,"DECONTAMINATION BUILDING",599,206197,206122
206455,"SICK QUARTERS",599,206197,206122
206456,"ANTI AIRCRAFT GUN TOWER",599,206120,206122
206457,"BOMBING RANGE MARKER",599,206122,206122
206458,"BOMBING RANGE TOWER",599,206450,206122
206459,"BOMBING RANGE OBSERVATION POST",599,206240,206122
206460,"BOMBING RANGE TARGET",599,206450,206122
206461,"COASTAL FORT",599,206000,206122
206463,"RADIO TELEGRAPHY MAST",599,206077,206122
206465,"WOMENS LAND ARMY HOSTEL",599,206197,206122
206466,"WOMENS LAND ARMY CAMP",599,206197,206122
206467,"HEADQUARTERS",599,206122,206122
206469,"SQUADRON OFFICE",599,206365,206122
206471,"TENNIS COURT",599,206197,206122
206472,"TECHNICAL SITE",599,206196,206122
206473,"INSTRUCTIONAL SITE",599,206196,206122
206476,"ANTI SUBMARINE DEFENCE",599,206116,206122
206477,"VEHICLE PARK",599,206211,206122
206478,"TERRITORIAL ARMY HEADQUARTERS",599,206422,206122
206479,"TANK PARK",599,206477,206122
206480,"TRAINING BASE",599,206218,206122
206481,"TRAINING BASE",599,206358,206122
206482,"NAVAL GUNNERY RANGE",599,206384,206122
206483,"NAVAL GUNNERY RANGE",599,206386,206122
206484,"TORPEDO RANGE",599,206384,206122
206485,"TORPEDO RANGE",599,206386,206122
206486,"FIRING RANGE BLOCKHOUSE",599,206386,206122
206487,"TORPEDO RANGE CONTROL BUILDING",599,206484,206122
206488,"TORPEDO RANGE CONTROL BUILDING",599,206485,206122
206489,"RADIO MAST",599,206405,206122
206490,"COMMUNICATIONS BUILDING",599,206072,206122
206491,"DEFENCE LINE",599,206091,206122
206492,"TARGET RANGE",599,206384,206122
206493,"TARGET RANGE",599,206386,206122
206494,"AMBULANCE PARK",599,206477,206122
206495,"MEDICAL BLOCK",599,206197,206122
206497,"QUADRANT TOWER",599,206397,206122
206498,"ART STORAGE FACILITY",599,206211,206122
206499,"VEHICLE REPAIR CENTRE",599,206472,206122
206500,"CHEMICAL WEAPONS STORE",599,206211,206122
206504,"FOOD AND REST CENTRE",599,206197,206122
206516,"TRANSFORMER BUILDING",599,206472,206122
206517,"CONTROL BUILDING",599,206472,206122
206518,"REQUISITIONED BUILDING",599,206072,206122
206520,"RECEPTION CENTRE",599,206072,206122
206526,"TARGET RAILWAY",599,206492,206122
206527,"TARGET RAILWAY",599,206493,206122
206530,"MINEWATCHERS POST",599,206242,206122
206536,"REMOUNT DEPOT",599,206406,206122
206539,"AIR RAID SHELTER",599,206121,206122
206540,"BLAST SHELTER",599,206539,206122
206541,"ROYAL FLYING CORPS AIRCRAFT HANGAR",599,206277,206122
206542,"RFC SIDE OPENING AIRCRAFT HANGAR",599,206541,206122
206543,"AEROPLANE TWIN SHED",599,206277,206122
206549,"PILLBOX (SHELLPROOF)",599,206013,206122
206550,"PILLBOX (VARIANT)",599,206013,206122
206551,"MINISTRY OF MUNITIONS FACTORY",599,206122,206122
206558,"WOMENS ROYAL AIR FORCE CAMP",599,206359,206122
206559,"COMMEMORATIVE",599,,206559
206560,"COMMEMORATIVE MONUMENT",599,206559,206559
206561,"ANIMAL MEMORIAL",599,206560,206559
206562,"BATTLEFIELD",599,206559,206559
206563,"NAVAL BATTLEFIELD",599,206562,206559
206564,"CENOTAPH",599,206560,206559
206565,"COAT OF ARMS",599,206560,206559
206566,"COMMEMORATIVE STONE",599,206560,206559
206567,"DATE STONE",599,206566,206559
206569,"EFFIGY",599,206560,206559
206570,"HISTORICAL SITE",599,206559,206559
206571,"NAMED TREE",599,206560,206559
206572,"PLAQUE",599,206560,206559
206573,"ROSTRAL COLUMN",599,206560,206559
206574,"TRIUMPHAL ARCH",599,206560,206559
206575,"TROPHY",599,206560,206559
206576,"WALL MONUMENT",599,206560,206559
206577,"WAR MEMORIAL",599,206560,206559
206578,"INDUSTRIAL",599,,206578
206614,"ARMAMENT MANUFACTURING SITE",599,206578,206578
206615,"ARSENAL",599,206614,206578
206616,"CANNON BORING MILL",599,206614,206578
206617,"CANNON FOUNDRY",599,206614,206578
206618,"GUN TESTING SHOP",599,206614,206578
206619,"MUNITIONS FACTORY",599,206614,206578
206620,"FILLING FACTORY",599,206619,206578
206621,"SHELL FACTORY",599,206619,206578
206622,"SMALL ARMS AMMUNITION FACTORY",599,206619,206578
206623,"ORDNANCE FACTORY",599,206614,206578
206625,"PROVING HOUSE",599,206614,206578
206626,"SHOT TOWER",599,206614,206578
206627,"EXPLOSIVES MANUFACTURING SITE",599,206578,206578
206628,"GUNPOWDER MANUFACTURING SITE",599,206627,206578
206629,"CARTRIDGE HOUSE",599,206627,206578
206630,"CHARGE HOUSE",599,206627,206578
206631,"EXPLOSIVES FACTORY",599,206627,206578
206632,"AMMONAL WORKS",599,206631,206578
206633,"AMMONIUM NITRATE WORKS",599,206631,206578
206634,"AMMONIUM PERCHLORATE WORKS",599,206631,206578
206635,"BELLITE WORKS",599,206631,206578
206636,"CORDITE FACTORY",599,206631,206578
206637,"DYNAMITE FACTORY",599,206631,206578
206638,"GELATINE WORKS (EXPLOSIVE)",599,206631,206578
206639,"GELIGNITE WORKS",599,206631,206578
206640,"GUNCOTTON FACTORY",599,206631,206578
206641,"NITROCELLULOSE POWDER FACTORY",599,206631,206578
206642,"NITROGLYCERINE WORKS",599,206631,206578
206643,"PHENOL WORKS",599,206631,206578
206644,"PICRIC ACID WORKS",599,206631,206578
206645,"SABULITE FACTORY",599,206631,206578
206646,"SALTPETRE WORKS",599,206631,206578
206647,"TOLUENE WORKS",599,206631,206578
206648,"TRINITROTOLUENE FACTORY",599,206631,206578
206649,"CORNING HOUSE",599,206628,206578
206650,"GLAZE AND REEL HOUSE",599,206628,206578
206651,"GUNPOWDER DRYING HOUSE",599,206628,206578
206652,"GUNPOWDER WORKS",599,206628,206578
206653,"INCORPORATING MILL",599,206628,206578
206654,"NITRE BED",599,206628,206578
206655,"PRESS HOUSE",599,206628,206578
206656,"SALTPETRE STORE",599,206628,206578
206657,"SALTPETRE WORKS",599,206628,206578
206658,"BREAKING DOWN HOUSE",599,206652,206578
206659,"DUSTING HOUSE",599,206652,206578
206660,"MATCH LODGE",599,206627,206578
206661,"MINERAL JELLY STORE",599,206627,206578
206662,"MIXING HOUSE",599,206627,206578
206663,"REEL DRYING STOVE",599,206627,206578
206664,"TESTING RANGE",599,206627,206578
206665,"INDUSTRIAL BUILDING",599,206578,206578
206666,"CHIMNEY",599,206665,206578
206667,"FACTORY",599,206665,206578
206669,"MUNITIONS FACTORY",599,206667,206578
206670,"ORDNANCE FACTORY",599,206667,206578
206671,"VEHICLE FACTORY",599,206667,206578
206672,"AIRCRAFT FACTORY",599,206671,206578
206673,"SEAPLANE FACTORY",599,206672,206578
206674,"TANK FACTORY",599,206671,206578
206675,"LORRY FACTORY",599,206671,206578
206826,"MEETING HALL",599,206197,206122
206827,"CONCERT HALL",599,206197,206122
206828,"AGRICULTURE AND SUBSISTENCE",599,,206828
206829,"PIGGERY",599,206828,206828
206830,"FARM",599,206828,206828
206831,"ALLOTMENT",599,206828,206828
206832,"BARRAGE BALLOON SITE",599,206120,206122
206833,"EMERGENCY FOOD CENTRE",599,206122,206122
206834,"CLOTHING INDUSTRY SITE",599,206578,206578
206835,"CLOTHING WORKSHOP",599,206834,206578
206836,"HYDRAULIC POWER SITE",599,206731,206578
206837,"HYDRAULIC ACCUMULATOR TOWER",599,206836,206578
206838,"REQUISITIONED LAND",599,206828,206828
206839,"REQUISITIONED LAND",599,206122,206122
206840,"GUNCOTTON STOVE",599,206627,206578
206841,"WET GUNCOTTON MAGAZINE",599,206627,206578
206842,"CORDITE DOUGH STORE",599,206627,206578
206843,"UNASSIGNED",599,,206843
206844,"BOMB SITE",599,206843,206843
206871,"CORDITE INCORPORATING HOUSE",599,206627,206578
207102,"VOLUNTARY AID DETACHMENT HOSPITAL",599,206374,206122
209541,"SOUND MIRROR BUILDING",599,206119,206122
209659,"CANADIAN FORESTRY CORPS CAMP",599,206359,206122
210976,"AIRCRAFT TYPE",599,,210976
210977,"AIRCRAFT <BY FORM>",599,210976,210976
210978,"AIRCRAFT <BY FUNCTION>",599,210976,210976
210979,"AIRCRAFT <BY MANUFACTURER>",599,210976,210976
210980,"AIRCRAFT MARK",599,210976,210976
210981,"MKI",599,210980,210976
210982,"MKIC",599,210980,210976
210983,"MKIF",599,210980,210976
210984,"MKII",599,210980,210976
210985,"MKIIA",599,210980,210976
210986,"MKIIB",599,210980,210976
210987,"MKIIC",599,210980,210976
210988,"MKIII",599,210980,210976
210989,"MKIIIA",599,210980,210976
210990,"MKIV",599,210980,210976
210991,"MKV",599,210980,210976
210992,"MKVI",599,210980,210976
210993,"MKVII",599,210980,210976
210994,"MKVIII",599,210980,210976
210995,"MKX",599,210980,210976
210996,"MKXI",599,210980,210976
210997,"MKXII",599,210980,210976
210998,"MKXIV",599,210980,210976
210999,"MKXVI",599,210980,210976
211000,"MKVB",599,210980,210976
211001,"MKVIC",599,210980,210976
211002,"AIRSHIP",599,210977,210976
211003,"ZEPPELIN",599,211002,210976
211004,"BIPLANE",599,210977,210976
211005,"AIRCO",599,210979,210976
211006,"AIRCO DH1",599,211004,210976
211007,"AIRCO DH1",599,211005,210976
211008,"AIRCO DH2",599,211004,210976
211009,"AIRCO DH2",599,211005,210976
211010,"AIRCO DH4",599,211004,210976
211011,"AIRCO DH4",599,211005,210976
211012,"AIRCO DH5",599,211004,210976
211013,"AIRCO DH5",599,211005,210976
211014,"AIRCO DH6",599,211004,210976
211015,"AIRCO DH6",599,211005,210976
211016,"FIGHTER",599,210978,210976
211017,"AIRCO DH1",599,211016,210976
211018,"AIRCO DH2",599,211016,210976
211019,"AIRCO DH5",599,211016,210976
211020,"BOMBER",599,210978,210976
211021,"AIRCO DH4",599,211020,210976
211022,"RECONNAISSANCE",599,210978,210976
211023,"AIRCO DH6",599,211022,210976
211024,"ARMSTRONG WHITWORTH",599,210979,210976
211025,"ARMSTRONG WHITWORTH FK3",599,211024,210976
211026,"ARMSTRONG WHITWORTH FK8",599,211024,210976
211027,"AVRO",599,210979,210976
211028,"AVRO 504",599,211027,210976
211029,"AVRO 504",599,211004,210976
211030,"TRAINER",599,210978,210976
211031,"ARMSTRONG WHITWORTH FK3",599,211004,210976
211032,"ARMSTRONG WHITWORTH FK3",599,211030,210976
211033,"ARMSTRONG WHITWORTH FK8",599,211004,210976
211034,"ARMSTRONG WHITWORTH FK8",599,211020,210976
211035,"AIRCO DH9",599,211005,210976
211036,"AIRCO DH9",599,211020,210976
211037,"FIGHTER BOMBER",599,211020,210976
211038,"FIGHTER BOMBER",599,211016,210976
211039,"FELIXSTOWE",599,210979,210976
211040,"ARMSTRONG WHITWORTH FK3",599,211022,210976
211041,"ARMSTRONG WHITWORTH FK8",599,211022,210976
211042,"BLACKBURN",599,210979,210976
211043,"BLERIOT",599,210979,210976
211044,"BLERIOT 155",599,211043,210976
211045,"BLERIOT 155",599,211004,210976
211046,"TRANSPORTER",599,210978,210976
211047,"BLERIOT 155",599,211046,210976
211061,"DIVE BOMBER",599,211037,210976
211062,"DIVE BOMBER",599,211038,210976
211063,"GENERAL AIRCRAFT",599,210979,210976
211064,"FOKKER",599,210979,210976
211065,"FOKKER",599,211046,210976
211066,"GLIDER",599,210977,210976
211067,"PHOTO RECONNAISSANCE",599,211022,210976
211068,"TARGET",599,210978,210976
211069,"TARGET TUG",599,211068,210976
211070,"TEST AIRCRAFT",599,210978,210976
211071,"TORPEDO BOMBER",599,211020,210976
211072,"TRIPLANE",599,210977,210976
211073,"BRISTOL",599,210979,210976
211074,"BRISTOL F2B",599,211073,210976
211075,"BRISTOL F2B",599,211004,210976
211076,"BRISTOL F2B",599,211016,210976
211077,"BRISTOL F2B",599,211022,210976
211078,"CAMEL",599,211004,210976
211079,"CAMEL",599,211016,210976
211080,"SOPWITH",599,210979,210976
211081,"CAMEL",599,211080,210976
211082,"SNIPE",599,211004,210976
211083,"SNIPE",599,211080,210976
211084,"SNIPE",599,211016,210976
211085,"COMMUNICATIONS",599,210978,210976
211086,"DE HAVILLAND",599,210979,210976
211087,"SEAPLANE",599,210977,210976
211088,"FLOATPLANE",599,211087,210976
211089,"FLYING BOAT",599,211087,210976
211090,"MONOPLANE",599,210977,210976
211091,"FOKKER",599,211090,210976
211092,"TUG",599,210978,210976
211093,"GLIDER TUG",599,211092,210976
211094,"GOTHA",599,210979,210976
211095,"GOTHA GV",599,211094,210976
211096,"GOTHA GV",599,211004,210976
211097,"HEAVY BOMBER",599,211020,210976
211098,"GOTHA GV",599,211097,210976
211099,"HANDLY PAGE",599,210979,210976
211100,"LIGHT AIRCRAFT",599,210977,210976
211101,"LIGHT BOMBER",599,211020,210976
211102,"MEDIUM BOMBER",599,211020,210976
211103,"MINELAYER",599,210978,210976
211104,"NIEUPORT",599,210979,210976
211105,"NIGHTFIGHTER",599,211016,210976
211106,"V1500",599,211004,210976
211107,"V1500",599,211099,210976
211108,"V1500",599,211097,210976
211109,"VICKERS ARMSTRONGS",599,210979,210976
211110,"VICKERS",599,211109,210976
211125,"VIMY",599,211004,210976
211126,"VIMY",599,211097,210976
211127,"VIMY",599,211110,210976
213357,"Y STATION",599,206077,206122
213358,"Z STATION",599,206077,206122
213364,"WRECK",599,206843,206843
213365,"SIGN",599,206843,206843
213366,"TEXTILE INDUSTRY SITE",599,206578,206578
213367,"TEXTILE MILL",599,213366,206578
213368,"COTTON WASTE WORKS",599,206667,206578
