"CLA_GR_UID","THE_TE_UID","TERM","INDEX_TERM","SCOPE_NOTE","STATUS","IMAGE_EXISTS"
129,97733,"Barnack Stone","N",,"N",
129,97739,"Baveno Granite","N",,"N",
129,97738,"Battscombe Stone","N",,"N",
129,97737,"BATH STONE","Y","Even grained, poorly fossiliferous, light brown/cream coloured, oolitic limestone. Quarried in the Bath area.","P",
129,97736,"Basebed","N",,"N",
129,97729,"BAMBOO","Y","Tropical giant grass with hollow stem used structurally or as a covering material.","P",
129,97731,"BARGATE STONE","Y","Hard, coarse grained, calcareous sandstone, coloured by iron oxide. Quarried in the Guildford and Godalming area of the South East.","P",
129,97734,"BASALT","Y","Basic, black coloured, fine grained, igneous rock.","P",
129,97732,"Barge Quartzite","N",,"N",
129,97746,"Biotite Granite","N",,"N",
129,97730,"Bardiglio Marble","N",,"N",
129,97735,"Base Bed","N",,"N",
129,97740,"BEER STONE","Y","Coarse, hard Chalkstone, light grey to white coloured, containing shell fragments.","P",
129,97741,"BEMBRIDGE LIMESTONE","Y","Generic name for the hard, white/cream coloured, freshwater limestone. Quarried on the Isle of Wight.","P",
129,97742,"Bembridge Stone","N",,"N",
129,97743,"Berwyn Slate","N",,"N",
129,97745,"Binstead Stone","N",,"N",
129,97747,"Birchover Stone","N",,"N",
129,97748,"Birshover Gritstone","N",,"N",
129,97749,"BITUMEN","Y","A semi solid mixture of complex hydrocarbons derived from coal or petroleum. Used as a waterproof binder or protective coating.","P",
129,97750,"BITUMINOUS FELT","Y","A material made of felted fibres bonded by bitumen. Often used as a roofing material.","P",
129,97728,"Balmoral Granite","N",,"N",
129,97711,"Ancaster Stone","N",,"N",
129,97751,"Black Granite","N",,"N",
129,97744,"Bethersden Marble","N","Use both terms.","N",
129,97715,"Arabescato Marble","N",,"N",
129,97752,"Bladon Cotswold Stone","N",,"N",
129,97702,"ABERDEEN GRANITE","Y","Medium grained, dark bluish-grey stone. Quarried mainly from the Rubislaw Quarry.","P",
129,97703,"Adamelite","N",,"N",
129,97704,"ALABASTER","Y","Fine grained, whitish, granular variety of Gypsum. Suitable for carving.","P",
129,97705,"Alps Grey Granite","N",,"N",
129,97706,"Alta Quartzite","N",,"N",
129,97707,"Altazite","N",,"N",
129,97708,"ALUMINIUM","Y","Lightweight, strong metal with good corrosive resistance, normally used as an alloy.","P",
129,97709,"Amberley Stone","N",,"N",
129,97710,"Ammonite","N",,"N",
129,97713,"ANODIZED ALUMINIUM","Y","Aluminium coated by a protective film of oxides created by electrolysis.","P",
129,97714,"Anston Stone","N",,"N",
129,97727,"Ballachulish Slate","N",,"N",
129,97716,"ARTIFICIAL SLATE","Y","A rectangular sheet of roofing material created by a man made process (eg. asbestos cement slate) and made to look like, and used in the same way as, natural slate.","P",
129,97717,"ARTIFICIAL STONE","Y","Synthetically manufactured stone made from natural stone aggregate or reconstituted ceramics or clay, and made to appear natural. Used as solid stone for masonry or for sculptural and architectural ornament.","P",
129,97718,"ARTIFICIAL TIMBER","Y","Synthetic fibres and reconstituted materials imitating, or in the form of, timber created by a man-made process. Use carefully - do not confuse with mock and sham timber work.","P",
129,97719,"ASBESTOS","Y","A mineral crystal of thin, tough fibres which can be woven. Used for high temperature insulation or as reinforcement in asbestos cement building board and corrugated roofing. If used to imitate slate, use artificial slate also.","P",
129,97720,"Asbestos Slate","N",,"N",
129,97721,"Ashburton Marble","N","Use both terms.","N",
129,97722,"ASHLAR","Y","A square, hewn or worked, high class freestone which can be 'freely' cut and is laid in horizontal courses with vertical joints.","P",
129,97723,"ASPHALT","Y","Solid or viscous bituminous pitch of natural occurrence,or produced from petroleum mixed with sand or other aggregate filler, for use in roads or as a covering material","P",
129,97724,"Auchinlea Stone","N",,"N",
129,97725,"Australian Marble","N",,"N",
129,97726,"BAKELITE","Y","An early thermosetting plastic commonly used for its properties of electrical insulation.","P",
129,97712,"ANIMAL","N","Pertaining to or deriving from a living organism. See ANIMAL Class list for narrow terms.","P",
129,102713,"GALVANIZED IRON","Y","Iron coated in zinc, giving good protection against weathering.","P",
129,102712,"GALVANIZED STEEL","Y","Steel coated in zinc, giving good protection against weathering.","P",
129,102689,"Marmo","N",,"N",
129,102688,"PORPHYRY","Y","Traditional term for any fine to medium grained igneous rock, containing large crystal fragments.","P",
129,100208,"Oolite","N",,"N",
129,98289,"Westmoorland Slate","N",,"N",
129,97937,"Gatton Stone","N",,"N",
129,97945,"Granolithic Concrete","N","Use both terms.","N",
129,97944,"GRANITE","Y","A hard, coarse grained, durable igneous rock. Can be used decoratively or as a main material. Found throughout the country.","P",
129,97943,"GORSE","Y","A spiny evergreen shrub of the pea family which can be utilized as a roof covering in areas of its predominance, eg. heathland.","P",
129,97942,"GOLD","Y","A precious metal characterised by its yellow colour and resistance to tarnishing.","P",
129,97941,"Godstone Stone","N",,"N",
129,97940,"GNEISS","Y","Coarse grained, metamorphic rock in which the colour is dependent upon the predominant mineral.","P",
129,97928,"FOREST STONE (LEICESTERSHIRE)","Y","Collective name for a series of rocks (granite, syenite, porphry and slate) found in the Charnwood Forest of Leicestershire. Index with specific stone type where given.","P",
129,97938,"Ginger Bread Stone","N",,"N",
129,97948,"Green Brae Stone","N",,"N",
129,97934,"Gaisby Stone","N",,"N",
129,97933,"Frosterley Marble","N","Use both terms.","N",
129,97932,"FREESTONE","Y","Stonemason's term for any easily worked sedimentary rock. Index with specific stone type where given.","P",
129,97931,"Freebed","N",,"N",
129,97930,"Foxs Wood Rubble","N",,"N",
129,97964,"Ham Stone","N",,"N",
129,97939,"GLASS","Y","Transparent, hard substance made by fusing soda-silica which solidifies from a molten state.","P",
129,97955,"Grinshill Stone","N",,"N",
129,98034,"Lyddite","N",,"N",
129,97962,"Hall Dale Stone","N",,"N",
129,97961,"Hailes Stone","N",,"N",
129,97960,"Hadene Stone","N",,"N",
129,97959,"Guiting Stone","N",,"N",
129,97958,"Growan","N",,"N",
129,97946,"Graphic Granite","N",,"N",
129,97956,"GRITSTONE (LIMESTONE)","Y","Specific English quarryman's term for any limestone abundant in shell fragments. Use this term with care. When only Gritstone is mentioned, unless otherwise specified, assume it to be Gritstone (Sandstone), since this is the most common usage.","P",
129,97947,"GRAVEL","Y","Grains of rock fragment larger than coarse sand and finer than pebbles (diameter 2-4mm).","P",
129,97954,"Greyweathers","N",,"N",
129,97953,"Grey Royal Granite","N",,"N",
129,97952,"GREENSTONE","Y","Geologist's term for any dark coloured, slightly metamorphosed igneous rock. Index with specific stone type where given.","P",
129,97951,"Greensand Stone","N",,"N",
129,97950,"Greenmoor Stone","N",,"N",
129,97949,"Green Ventnor Stone","N",,"N",
129,97927,"Forest Stone (Gloucestershire)","N",,"N",
129,97957,"GRITSTONE (SANDSTONE)","Y","Carboniferous sandstone varying in grain size from coarse to fine and in colour from white, yellow, pink to brown. When only Gritstone is mentioned, unless otherwise specified, assume it to be Gritstone (Sandstone), as this is the more common usage.","P",
129,97901,"Dunston Stone","N",,"N",
129,97909,"Ematita Granite","N",,"N",
129,97908,"ELVAN","Y","Miner's term for fine grained, often light grey/fawn coloured porphyritic rocks. Commonly found in Devon and Cornwall.","P",
129,97907,"Elterwater Slate","N",,"N",
129,97906,"ELM","Y","Deciduous wood from the native elm tree, commonly used for framing or cladding of lesser timber framed structures due to its poorer weathering qualities as compared to oak.","P",
129,97905,"Elland Edge Stone","N",,"N",
129,97904,"Elland Edge Flagrock","N",,"N",
129,97929,"FOSSIL","Y","The remains of living organisms preserved in stone over a long time period. This may be the internal or external moulds of, usually, the hard parts of an organism (shells, bones, etc.).","P",
129,97902,"EARTH","Y","Combination of organic and inorganic material cohered to form a hard solid wall or covering. Use for structures created by the excavation and piling up of earth, such as ice houses. Earth may be used in combination with other materials.","P",
129,97912,"ENGINEERING BRICK","Y","A dense, high strength, low absorption brick of uniform size, employed predominantly in industrial structures such as railway viaducts.","P",
129,97900,"Dunleary Stone","N",,"N",
129,97899,"Dunhouse Stone","N",,"N",
129,97898,"Dundry Stone","N",,"N",
129,97897,"Dundee Marble","N","Use both terms.","N",
129,97896,"Dukes Red Limestone","N",,"N",
129,97895,"Drewsteignston Stone","N",,"N",
129,97903,"EARTH MIX","N","Unbaked clays and/or soil material often mixed with, or performing the function of an aggregate or binder. See EARTH MIX Class List for narrow terms.","P",
129,97919,"FIRESTONE","Y","Soft sandstone stained by iron oxide often used in the Surrey area.","P",
129,97926,"Forest Of Dean Stone","N",,"N",
129,97925,"Forest Marble","N","Use both terms.","N",
129,97924,"Fluorspar","N",,"N",
129,97923,"FLUORITE","Y","Soft mineral, colour varying from black/purple to yellow/green. Commonly found as a mineral vein.","P",
129,97753,"Blaxter Stone","N",,"N",
129,97922,"Flint Lime Brick","N",,"N",
129,97910,"Empire Stone","N",,"N",
129,97920,"Fletton Brick","N",,"N",
129,97911,"ENCAUSTIC TILE","Y","Glazed and decorated, patterned earthenware tile combining different coloured clays which are inlaid and burnt in. Mainly used for flooring and external decoration.","P",
129,97918,"FIBREGLASS","Y","Any material consisting of glass filaments woven into textiles, paper or board.","P",
129,97917,"FIBREBOARD","Y","A sheet formed from wood which has been separated into its fibrous elements and reconstituted under pressure. The natural fibres produce resins which act as adhesive, but often additional adhesives are used.","P",
129,97916,"FELT","Y","Fabric of fibrous materials consolidated by heat and mechanical action so that the fibres are matted together.","P",
129,97915,"FELDSPAR","Y","Hard, often coloured, can be transparent. Found on its own as crystals and veins but also as a major constituent of all three geological rock types.","P",
129,97914,"FAIENCE","Y","Solid masonry slabs (tiles) of terracotta which are usually used as a cladding by bedding in concrete. Faience also refers to decorative glazed units.","P",
129,97913,"Fabric","N",,"N",
129,97965,"Hard Rock","N",,"N",
129,97921,"FLINT","Y","Hard, durable, dark grey stone, the purest native form of silica, which can either be used decoratively or as a main material. Predominantly found in East Anglia and the South East.","P",
129,98007,"KILLAS","Y","Cornish miner's term for slates formed during the Carboniferous and Devonian periods.","P",
129,98015,"Lane Head Stone","N",,"N",
129,98014,"Lakeland Green","N",,"N",
129,98013,"LAKE DISTRICT SLATE","Y","Collective term for the Burlington (Silurian period) and Borrowdale (Ordovician period) groups of slates from the Lake District and parts of Cumbria, Lancashire. Hard, fine grained metamorphic rock, varying in colour from green/olive to black/blue black.","P",
129,98012,"Ladycross Stone","N",,"N",
129,98011,"Knapped Flint","N",,"N",
129,98010,"Knapped Chert","N",,"N",
129,98000,"KEINTON STONE","Y","Hard, white/grey coloured liassic limestone. Quarried near Somerton in Somerset.","P",
129,98008,"Killerton Stone","N",,"N",
129,98018,"LATH","Y","Narrow strips of wood which can form the groundwork for slates, panels or plaster work.","P",
129,98006,"Keuper Stone","N",,"N",
129,98005,"Ketton Stone","N",,"N",
129,98004,"Kerridge Stone","N",,"N",
129,98003,"KENTISH RAGSTONE","Y","Sandy, rough blue to green/grey coloured limestone. Quarried in Kent and widely used throughout the South East.","P",
129,98002,"Kentish Rag","N",,"N",
129,97963,"HAM HILL STONE","Y","Shelly, gold/brown, coloured liassic limestone containing large quantities of crystalline calcite.","P",
129,98009,"Kirkstone Green","N",,"N",
129,98025,"LIGHTWEIGHT CONCRETE","Y","A concrete which is either aerated or made from lightweight aggregate.","P",
129,98033,"Lower Greensand","N",,"N",
129,98032,"Longford Rustic Slate","N",,"N",
129,98031,"LONG STRAW","Y","Composed of loose uncombed lengths of harvested wheat which are formed into bundles for laying. Distinctive appearance with both ears and butts visible on the surface traditionally using hazel spars which hold the straw in place.","P",
129,98030,"Locharbriggs Stone","N",,"N",
129,98029,"LINCOLNSHIRE LIMESTONE","Y","Generic term for the oolitic limestones quarried in Northamptonshire, Lincolnshire and Rutland. Varying in grain size from medium to coarse, and colour from cream to pale brown.","P",
129,98028,"LIMESTONE","Y","Sedimentary rock consisting mainly of calcium carbonate. Varying in grain size, colour and hardness, quarried and used throughout the country.","P",
129,98016,"Langton Freestone","N","Use both terms.","N",
129,98026,"LIME","Y","Calcium Oxide obtained by heating limestone in a kiln. Used as a constituent of modern mortar, or as slaked (non-hydraulic) lime in lime putty, daub, limewash and traditional lime plaster, mortar and renders.","P",
129,98017,"Large Paludina Marble","N","Use both terms.","N",
129,98024,"LIAS","Y","Collective term for the building limestones formed during the Lower Jurassic period.","P",
129,98023,"LEATHER","Y","Animal skin that has been hardened or treated by a tanning process.","P",
129,98022,"LEAD","Y","Metal used primarily for roof coverings and window fittings. It is easy to work, can be worked cold and does not rust which makes it suitable for holding or repelling water.","P",
129,98021,"Lazonby Red Sandstone","N",,"N",
129,98020,"Laughton Stone","N",,"N",
129,98019,"Laughton Marble","N","Use both terms.","N",
129,97999,"JURASSIC LIMESTONE","Y","Limestone formed during the Jurassic period. Provides many widely used building stones.","P",
129,98027,"Lime Mortar","N","Use both terms.","N",
129,97972,"Hazlebury Stone","N",,"N",
129,97980,"HORNBLENDE","Y","Medium hard, green/black coloured. Found in many igneous and metamorphic rocks.","P",
129,97979,"Hoptons Wood Stone","N",,"N",
129,97978,"Hollington Stone","N",,"N",
129,97977,"HIGH TENSILE STEEL","Y","A strong alloy of steel.","P",
129,97976,"Heavitree Stone","N",,"N",
129,97975,"Heathstone","N",,"N",
129,98001,"Kemnay Granite","N",,"N",
129,97973,"Headington Stone","N",,"N",
129,97983,"Horsham Slab","N",,"N",
129,97971,"Hatherleigh Stone","N",,"N",
129,97970,"Hartham Park Stone","N",,"N",
129,97969,"Hardwhite","N",,"N",
129,97968,"Hardboard","N",,"N",
129,97967,"Hard York Freestone","N","Use both terms.","N",
129,97966,"Hard York","N",,"N",
129,97974,"HEATHER","Y","A dwarf shrub of the heath family used as an alternative to straw as a roof covering in moorland regions. Cut while in bloom and laid with the roots carefully entwined. The covering turns a characteristic black colour with age.","P",
129,97990,"Industrial Waste","N",,"N",
129,97998,"Jaune Lamartine","N",,"N",
129,97997,"Italian Quartzite","N",,"N",
129,97996,"Istrian Stone","N","Use all terms.","N",
129,97995,"Isle Of Wight Stone","N",,"N",
129,97994,"Isle Of Man Granite","N",,"N",
129,97993,"IRONSTONE","Y","Collective name for any stone that has become impregnated with iron oxide. Index with specific stone type where given.","P",
129,97981,"Hornblende Granite","N",,"N",
129,97991,"IONA MARBLE","Y","One of only three 'true' British marbles, pale green and white in colour.","P",
129,97982,"HORNTON STONE","Y","Compact grained, brown/yellow/green/grey blue, coloured liassic limestone.","P",
129,97989,"Imperial Mahogany","N",,"N",
129,98312,"ZINC","Y","A hard and lustrous metallic element, used for roofing, galvanising iron and a component of alloys such as brass.","P",
129,97987,"Hurdwick Stone","N",,"N",
129,98291,"Whatstandwell Stone","N",,"N",
129,97985,"Hovingham Stone","N",,"N",
129,97984,"HORSHAM STONE","Y","Hard, fissile sandstone which weathers to a dark brown colour. Mainly used as a stone roofing material (stone slate) throughout Sussex and Surrey.","P",
129,97892,"DOLOMITE","Y","Soft, often white, but may be transparent. Dolomite can be found on its own, but may also occur as a replacement mineral found in some rocks, particularly limestone, formed after action by magnesium-rich fluids.","P",
129,97992,"IRON","Y","A malleable, ductile ferromagnetic metal widely used for structural and decorative purposes.","P",
129,97795,"Campan Rose","N",,"N",
129,97803,"CARSTONE","Y","Coarse hard sandstone often coloured with iron oxide creating its characteristic brown shades.","P",
129,97802,"CARRARA MARBLE","Y","Imported Italian marble varying in colour from green, blue, purple to white.","P",
129,97801,"Cardeston Stone","N",,"N",
129,97800,"CARBONIFEROUS LIMESTONE","Y","Limestones formed during the Carboniferous period. Many are cut, polished and used as marble.","P",
129,97799,"Car Stone","N",,"N",
129,97798,"CANVAS","Y","An unbleached cloth of hemp, flax or other coarse yarn.","P",
129,97788,"CAEN STONE","Y","Fine grained limestone, yellow or yellow/white in colour. Imported from France, mainly for ecclesiastical use.","P",
129,97796,"Campan Vert","N",,"N",
129,97806,"Casterton Stone","N",,"N",
129,97794,"Campan Melange","N",,"N",
129,97793,"CAMPAN MARBLE","Y","White coloured marble. Imported from France.","P",
129,97792,"Calverley Stone","N",,"N",
129,97791,"Calcareous Spar","N",,"N",
129,97790,"Caithness Flagstone","N",,"N",
129,97894,"Doulting Stone","N",,"N",
129,97797,"Campden Stone","N",,"N",
129,97813,"CERAMIC","Y","Designating or pertaining to hard, brittle substances produced by strong heating of clay.","P",
129,97821,"CHERT","Y","A hard, silica rich rock, black or brown coloured, commonly found in nodular form.","P",
129,97820,"Cheddar Stone","N",,"N",
129,97819,"Chatwell Stone","N",,"N",
129,97818,"Charnwood Stone","N",,"N",
129,97817,"Charlwood Stone","N","Use both terms.","N",
129,97816,"Charlbury Stone","N",,"N",
129,97804,"Cary Stone","N",,"N",
129,97814,"CHALK","Y","A soft, porous, white to light grey coloured limestone.","P",
129,97805,"CAST IRON","Y","Dating from the 15th century, it is a hard alloy of iron and carbon, melted and shaped into various moulded forms.","P",
129,97812,"Cement Tile","N","Use both terms.","N",
129,97811,"Cement Render","N","Use both terms.","N",
129,97810,"CEMENT MIX","N","A binder combined with various aggregates which sets and holds together into a mass which then hardens and gains strength.","P",
129,97809,"CEMENT","Y","Originally obtained by burning limestone to produce quicklime. Now a fine grey powder made from a mixture of limestone and clay used with water and sand to make mortar or with water, sand and aggregate to make concrete.","P",
129,97808,"CEDAR","Y","Durable wood from a non-native, evergreen conifer.","P",
129,97807,"Catacleuse","N",,"N",
129,97787,"Buttermere Slate","N",,"N",
129,97815,"Channel Isle Granite","N",,"N",
129,97760,"Bognor Rock","N",,"N",
129,97768,"Bradford Stone","N",,"N",
129,97767,"Box Rubblestone","N",,"N",
129,97766,"Box Ground","N",,"N",
129,97765,"Borrowdale Slate","N",,"N",
129,97764,"BONE","Y","Any of the pieces of hard tissue consisting largely of calcium phosphate that make up the skeleton of a vertebrate animal.","P",
129,97763,"Bon Accord Red Granite","N",,"N",
129,97789,"Caerbwdy Stone","N",,"N",
129,97761,"Bolsover Moor","N",,"N",
129,97771,"Brandon Hill Grit Rubble","N",,"N",
129,97759,"Bluestone","N",,"N",
129,97758,"Blue Welsh Slate","N",,"N",
129,97757,"Blue Peterhead Granite","N",,"N",
129,97756,"BLUE LIAS","Y","Hard white/grey coloured liassic limestone. Quarried on the Devon-Dorset border.","P",
129,97755,"Blue Grey Slate","N",,"N",
129,97754,"Bletchingdon Marble","N","Use both terms.","N",
129,97762,"Bolton Wood Stone","N",,"N",
129,97778,"Britannia Stone","N",,"N",
129,97786,"Burwell Stone","N",,"N",
129,97785,"Bursting Stone","N",,"N",
129,97784,"Burlington Slate","N",,"N",
129,97783,"Burlington Blue Grey","N",,"N",
129,97782,"Burgate Stone","N",,"N",
129,97781,"Bunter Stone","N",,"N",
129,97769,"Bradstone","N",,"N",
129,97779,"BRONZE","Y","Hard, corrosive resistant alloy of copper and tin.","P",
129,97770,"Bramley Fall Stone","N",,"N",
129,97777,"BRICK","Y","Standard rectangular block or tablet bonded on mortar joints in a regular arrangement or pattern for strength or decoration. Made from clay or brick earth which may contain varying quantities of chalk, lime or iron oxide which effect colour or density.","P",
129,97776,"BREEZE BLOCK","Y","Lightweight building block traditionally made with coke breeze from gas works combined with sand and cement. Use this term generally to denote a light, modern concrete building block with man made characteristics.","P",
129,97775,"Breche Rose","N",,"N",
129,97774,"BRECCIA","Y","Sedimentary rock consisting of angular fragments naturally cemented together.","P",
129,97773,"Brathay Slate","N",,"N",
129,97772,"BRASS","Y","Easily formed metal alloy composed of copper and zinc.","P",
129,97824,"Chudleigh Stone","N",,"N",
129,97780,"Broughton Moor Slate","N",,"N",
129,97866,"CRETACEOUS LIMESTONE","Y","Limestone formed during the Cretaceous period.","P",
129,97874,"Davie Blocks Stone","N",,"N",
129,97873,"DAUB","Y","Application of earth based plaster to a backing of lath or wattle used in internal or external walls. Composite mixture which may include clay soil, dung, straw, lime putty, sand or horsehair.","P",
129,97872,"Darney Stone","N",,"N",
129,97871,"Darley Dale Stone","N",,"N",
129,97870,"Cumberland Stone","N",,"N",
129,97869,"Culm Stone","N",,"N",
129,97822,"Chilmark Stone","N",,"N",
129,97867,"Crosland Hill Stone","N",,"N",
129,97877,"Deepdale Fossil","N",,"N",
129,97865,"Craigleith Stone","N",,"N",
129,97864,"Coxbench Sandstone","N",,"N",
129,97863,"COTSWOLD STONE","Y","Sandy, light brown (cream to golden) coloured limestone, easily worked and readily available.","P",
129,97862,"Cotswold Slate","N",,"N",
129,97861,"Cosgrove Stone","N",,"N",
129,97860,"Corsham Stone","N",,"N",
129,97868,"Culm Measures Stone","N",,"N",
129,97884,"Devon Granite","N",,"N",
129,97988,"Imitation Stone","N",,"N",
129,97891,"DOLERITE","Y","Medium grained, intrusive, black or dark green coloured, igneous rock.","P",
129,97890,"Doddington Stone","N",,"N",
129,97889,"DIORITE","Y","Coarse grained, dark coloured, igneous rock.","P",
129,97888,"Diamanzite","N",,"N",
129,97887,"DEVONIAN LIMESTONE","Y","Limestone formed during the Devonian period, and found predominantly between the Exe and Tamar rivers in Devon. Varying in colour from black/grey to pink/white it was often polished to imitate, and be used as, marble.","P",
129,97875,"Deal","N",,"N",
129,97885,"Devon Marble","N","Use both terms.","N",
129,97876,"DECORATIVE PLASTER","Y","Ornate or patterned decoration, carved into or moulded from plaster.","P",
129,97883,"Derbyshire Stone","N",,"N",
129,97882,"Derbyshire Grit Stone","N",,"N",
129,97881,"Derbyshire Fossil","N",,"N",
129,97880,"Derbydene","N",,"N",
129,97879,"Delph Stone","N",,"N",
129,97878,"Delabole Slate","N",,"N",
129,97857,"Corrugated Asbestos","N",,"N",
129,97886,"Devon Slate","N",,"N",
129,97831,"Clipsham Stone","N",,"N",
129,97859,"Corsehill Stone","N",,"N",
129,97838,"Collyweston Slate","N",,"N",
129,97837,"Cobble Stone","N",,"N",
129,97836,"COBBLE","Y","Naturally occurring glacial rock fragments (diameter 64-256mm) larger than pebble and smaller than boulder.","P",
129,97835,"COB","Y","Walls composed of clay, earth, straw, lime and sand, mixed with water. Constructed without shutters in layers upon a stone or brick plinth and usually covered with protective limewash.","P",
129,97834,"COADE STONE","Y","Durable artificial stone consisting of china clay, sand and finely ground stoneware cast from moulds and fired in a kiln. Commonly used for architectural ornament and facings.","P",
129,97840,"CONCRETE","Y","Composed of sand, stones or other aggregate and cement mixed with water which sets in a hard mass. The material is usually associated with modern building but was developed by Romans where cement was obtained from quicklime.","P",
129,97832,"Clob","N",,"N",
129,97841,"Concrete Block","N",,"N",
129,97830,"CLINKER","Y","Fused ash from furnaces used as aggregate.","P",
129,97829,"Clay Tile","N","Use both terms.","N",
129,97828,"CLAY LUMP","Y","Large, moulded, unburnt blocks of clay type soil laid in a similar way to brick, but bedded in lime and clay 'mortar'. The walls produced are characteristically thinner than those of cob and pise.","P",
129,97827,"CLAY","Y","A fine grained earth which becomes more plastic when water is added and can be moulded and dried to make bricks, tile, pottery, etc.","P",
129,97826,"Clashach Stone","N",,"N",
129,97825,"Cipollino Marble","N",,"N",
129,97893,"Dolomitic Conglomerate","N","Use both terms.","N",
129,97833,"CLUNCH","Y","A hard, gritty, grey/green coloured form of chalk.","P",
129,97849,"Corfe Stone","N",,"N",
129,97823,"Chinley Moor Stone","N",,"N",
129,97856,"Corrugated Aluminium","N",,"N",
129,97855,"Correnie Granite","N",,"N",
129,97854,"Cornish Slate","N",,"N",
129,97853,"Cornish Rustic","N",,"N",
129,97852,"Cornish Granite","N",,"N",
129,97839,"Combe Down Stone","N",,"N",
129,97850,"CORK","Y","Buoyant, light material obtained from the cork tree.","P",
129,97858,"Corrugated Iron","N",,"N",
129,97848,"Coralline Crag","N",,"N",
129,97847,"Coral Rag Limestone","N",,"N",
129,97846,"Cor Ten Steel","N",,"N",
129,97845,"COPPER","Y","Metal used primarily for roofing and ornamental purposes, being lighter and stronger than lead.","P",
129,97844,"CONNEMARA MARBLE","Y","One of only three 'true' British marbles, green and white in colour, predominantly used in large public buildings.","P",
129,97843,"CONGLOMERATE","Y","Sedimentary rock consisting of rounded pebbles naturally cemented together.","P",
129,97842,"Concrete Tile","N","Use both terms.","N",
129,97851,"Cornbrash Limestone","N",,"N",
129,98214,"Steetly Stone","N",,"N",
129,98172,"Sanfront Stone","N",,"N",
129,98221,"Stucco Lustro","N",,"N",
129,97986,"Huddlestone Stone","N",,"N",
129,98219,"STRAW","Y","Roofing material consisting of stems or stalks of wheat, rye, oats or barley separated from grain and laid flat in 'yealms' which form an overlapping surface which sheds water.","P",
129,98035,"Madreperla","N",,"N",
129,98217,"Stonesfield Slate","N",,"N",
129,98223,"SUSSEX STONE","Y","Fine grained, buff, brown to green coloured Cretaceous sandstone. Quarried at various locations in Sussex. Not to be confused with Sussex marble which is a cretaceous limestone.","P",
129,98215,"Stoke Ground Stone","N",,"N",
129,98224,"Swaledale Fossil","N",,"N",
129,98213,"STEEL","Y","An alloy of iron and carbon, its strength makes it suitable for load bearing purposes. It is primarily used in structural steelwork and concrete reinforcement.","P",
129,98212,"Stanway Stone","N",,"N",
129,98211,"Stancliffe Stone","N",,"N",
129,98210,"Stamford Stone","N",,"N",
129,98209,"Stainton Stone","N",,"N",
129,98208,"Stainless Steel","N",,"N",
129,98216,"STONE","Y","Rock of definite form and size, usually artificially shaped. See STONE CLass List for narrow terms.","P",
129,98231,"TAR","Y","Thick, viscid liquid, obtained by the distillation of wood, coal or other organic substances, chemically a mixture of hydrocarbons with resins.","P",
129,98239,"THATCH","Y","Traditional roof covering consisting of materials such as reed, straw or heather layered and fastened together onto roof to form a run off to prevent water penetration.","P",
129,98238,"TEXTILE","Y","A woven or bonded fabric or cloth. See TEXTILE Class List for narrow terms.","P",
129,98237,"TESSERA","Y","Squared block of glass, tile, stone or marble used in mosaic.","P",
129,98236,"TERTIARY LIMESTONE","Y","Hard, fossil rich, white to deep red coloured limestone, laid down during the Tertiary period. Used since Roman times because of its good durability and weathering properties.","P",
129,98235,"TERRACOTTA","Y","Hard, unglazed, brown, versatile earthenware which can be used as a tile or moulded into statuary. Used in a structural or semi-structural context as a moulded hollow block.","P",
129,98234,"Teesdale Marble","N",,"N",
129,98222,"Sussex Marble","N","Use both terms.","N",
129,98232,"TARMACADAM","Y","Road or paving material combining crushed stone, rolled and mixed with bitumen type mixer.","P",
129,98205,"St Bees Stone","N",,"N",
129,98230,"Tadcaster Stone","N",,"N",
129,98229,"SYENITE","Y","Hard, coarse grained, green to pink coloured igneous rock. Commonly used as a polished cladding.","P",
129,98228,"Swithland Slate","N","Use both terms.","N",
129,98227,"Swindon Stone","N",,"N",
129,98226,"Swedish Green Granite","N",,"N",
129,98225,"Swanage Stone","N",,"N",
129,98233,"Taynton Stone","N",,"N",
129,98179,"SCOTTISH SLATE","Y","Collective term for the Scottish Slates including the Aberdeen/Baniff and Ballachulish/Easdale groups. Fine grained, varying in colour from brown to dark grey/blue. Geologically different from Lake District, Welsh and West Country groups of slate.","P",
129,98187,"Sicilian Marble","N",,"N",
129,98186,"SHINGLE","Y","Wooden roof tile (traditionally oak) which is riven or sawn from good quality timber to a regular size and used as a roof and/or wall covering. Index with type of wood if known.","P",
129,98185,"SHELL","Y","Hard, protective covering made largely of calcium salts secreted by soft bodied invertebrate animals.","P",
129,98184,"SHAP GRANITE","Y","Hard, coarse grained, grey to red/brown coloured granite. Used predominantly for tombstones becasuse of its ability to take a polish, but it is also in demand for underwater construction.","P",
129,98183,"SHALE","Y","Soft, very fine grained, dark coloured, sedimentary rock which splits easily.","P",
129,98182,"Serpentinite","N",,"N",
129,98207,"Staffordshire Blue Brick","N",,"N",
129,98180,"SEPTARIA","Y","Conglomerate consisting of nodules of calcium rich clay (marl). Used as a building stone from Roman times and as a key ingredient in Parker's Roman Cement, between 1796 and circa 1850.","P",
129,98190,"Skiddaw Slate","N",,"N",
129,98178,"Scottish Granite","N",,"N",
129,98177,"Scotch Slate","N",,"N",
129,98176,"Scotch Granite","N",,"N",
129,98175,"SCHIST","Y","Medium to coarse grained metamorphic rock, colour being determined by its dominant mineral. Often used for floor and wall cladding.","P",
129,98174,"SCAGLIOLA","Y","Composite substance of plaster formed by gypsum, sand and lime and coloured with pigments, fixed under heat and highly polished. Used to imitate marble and popular in the 17th and 18th centuries for architectural features.","P",
129,98173,"SARSEN STONE","Y","Extremely hard, fine grained, grey to brown silica rich sandstone. It is often found on the surface of the South Downs and has been used, as found, since prehistoric times.","P",
129,98181,"SERPENTINE","Y","Medium to coarse grained, green to dark red/black coloured igneous rock, mainly found on The Lizard, South West Cornwall. Due to its fragmentary structure, Serpentine is mainly used for decorative and ornamental purposes.","P",
129,98197,"SOLAR CONTROL GLASS","Y","Glass to control or reduce the effects of the sun, includes both reflective and absorpative types of glass.","P",
129,98242,"TIMBER","Y","Wood, cut and seasoned so forming or capable of forming any part of a structure. May be treated with preservative before use.","P",
129,98204,"St Aldhelm Stone","N",,"N",
129,98203,"Spynie Stone","N",,"N",
129,98202,"Springwell Stone","N",,"N",
129,98201,"Spoutcrag","N",,"N",
129,98200,"Spinkwell Stone","N",,"N",
129,98188,"SILTSTONE","Y","Fine grained, yellow/buff to grey/black coloured sedimentary rock.","P",
129,98198,"Soudley Stone","N",,"N",
129,98189,"SILVER","Y","A precious metal of lustrous white colour with great malleability and ductility.","P",
129,98196,"Small Paludina Marble","N","Use both terms.","N",
129,98195,"SLURRY","Y","Cement/water mix often used as covering. Use this for entries including slurrying and slurried.","P",
129,98194,"SLATE","Y","Collective term for a hard, fine grained, dark coloured metamorphic rock, which splits easily; hence its common use as a roofing and flooring material, and a functional description for any rectangular, sheet, roofing material.","P",
129,98193,"SLAG","Y","Waste material or dross separated from metals during smelting or refining.","P",
129,98192,"Skyros Marble","N",,"N",
129,98191,"SKYE MARBLE","Y","One of only three 'true' British marbles, white in colour, predominantly used for sculptures and statues.","P",
129,98206,"St Boniface Stone","N",,"N",
129,98199,"SPANISH TILE","Y","Single lap roof covering made of clay. Half cylinder in profile although one end is slightly wider than the other. A Spanish tile roof covering comprises under-tiles and over-tiles, the two have the same shape, but the under-tile is slightly larger.","P",
129,98283,"WEATHERING STEEL","Y","An alloy of steel.","P",
129,98293,"WHINSTONE","Y","Northern quarryman's name for any fine grained, dark grey/black to green coloured igneous rock. Index with specific stone type where given.","P",
129,98292,"Wheatley Stone","N",,"N",
129,98290,"Westwood Stone","N",,"N",
129,98288,"Westmoorland Green","N",,"N",
129,98287,"WEST COUNTRY SLATE","Y","Collective term for the slates from Devon and Cornwall. Hard, fine grained metamorphic rock. Varying in colour from dark grey/green to blueish/grey. West Country Slate is geologically different from both Lake District and Welsh Slate.","P",
129,98286,"WELSH SLATE","Y","Collective term for the North and South Wales groups of slate. Hard, fine grained, metamorphic rock, with varying dark shades.","P",
129,98276,"WATTLE","Y","Wooden rods or stakes which can be interlaced with twigs or branches to make walls or fences, or more commonly, to form the basis of panels in traditional timber framed buildings which are then covered with daub.","P",
129,98284,"Weldon Stone","N",,"N",
129,98296,"Whitby Cement","N",,"N",
129,98282,"WEATHERBOARD","Y","Length of timber boarding (usually elm, now pine) fixed horizontally or vertically to the exterior of a structure which may be 'tongue and grooved' or 'feathered' to provide external protection.","P",
129,98281,"Weatherbed","N",,"N",
129,98280,"WEALDEN STONE","Y","Fine grained, brown/yellow to dark grey coloured cretaceous sandstone. It is a particularly good freestone and was often used for ashlar finishes.","P",
129,98279,"Weald Stone","N",,"N",
129,98278,"Wattscliffe Stone","N",,"N",
129,98240,"Thorverton Stone","N",,"N",
129,98285,"Wellfield Stone","N",,"N",
129,98303,"WOODWOOL SLAB","Y","A sheet or board made from a mixture of thin strips of wood and cement which are bound together through compression within a mould. Woodwool slabs are used for roof or wall cladding, providing fire resistance, and heat and sound insulation.","P",
129,98311,"Yorkshire Stone","N",,"N",
129,98310,"Yorkshire Freestone","N",,"N",
129,98309,"Yorkshire Flagstone","N",,"N",
129,98308,"Yorkshire Delph","N",,"N",
129,98307,"YORK STONE","Y","Generic name for the fine grained, brown coloured carboniferous sandstone, quarried in the Leeds, Bradford and Halifax area.","P",
129,98306,"Yeovil Marble","N","Use both terms.","N",
129,98294,"Whit Bed","N",,"N",
129,98304,"Woolton Stone","N",,"N",
129,98295,"Whitbed","N",,"N",
129,98302,"Woodkirk Stone","N",,"N",
129,98301,"WOOD","Y","Hard, compact, unprocessed, fibrous cellulose substance. The roots, trunks and branches of trees and shrubs consist of this tissue.","P",
129,98300,"Winsley Ground","N",,"N",
129,98299,"Windy Hill Stone","N",,"N",
129,98298,"WICHERT","Y","Cob type construction typical to Buckinghamshire using a local clay with a high chalk content to produce walls of notable inherent stability.","P",
129,98297,"Whitby Stone","N",,"N",
129,98275,"Waterholes Sandstone","N",,"N",
129,98305,"WROUGHT IRON","Y","The oldest form of iron, it is a tough, pure form of iron that can be fashioned into decorative items or shapes by hammering, squeezing or rolling.","P",
129,98248,"Todber Stone","N",,"N",
129,98256,"Tredinnick Rustic Slate","N",,"N",
129,98255,"Trecarne Rustic Slate","N",,"N",
129,98254,"Trebarwith Rustic Slate","N",,"N",
129,98253,"Travertine","N","Use both terms.","N",
129,98252,"Totternhoe Stone","N",,"N",
129,98251,"Torquay Marble","N","Use both terms.","N",
129,98277,"Watts Cliff Stone","N",,"N",
129,98249,"Tonbridge Stone","N",,"N",
129,98259,"Tufa","N",,"N",
129,98247,"Tixall Stone","N",,"N",
129,98246,"Tisbury Stone","N",,"N",
129,98245,"Tintagel Stone","N",,"N",
129,98244,"Tinos","N","Use both terms.","N",
129,98243,"TIN","Y","Malleable metal used for roofing and for alloys such as bronze.","P",
129,98218,"Stowey Stone","N",,"N",
129,98250,"Torquay Limestone","N",,"N",
129,98266,"Verde Antico","N","Use both terms.","N",
129,98274,"Walling Stone","N",,"N",
129,98273,"Volcanic Trap","N",,"N",
129,98272,"Volcanic Stone","N",,"N",
129,98271,"Vitrified Brick","N",,"N",
129,98270,"Virgo Granite","N",,"N",
129,98269,"Verona Marble","N","Use both terms.","N",
129,98257,"Trerice Porphry","N",,"N",
129,98267,"Verde Ematita","N",,"N",
129,98258,"Trerice Stone","N",,"N",
129,98265,"VEGETAL","N","Pertaining to or deriving from a botanical living organism. See VEGETAL Class List for narrow terms.","P",
129,98264,"Uppingham Stone","N",,"N",
129,98263,"Tyrolean","N",,"N",
129,98262,"TURF","Y","Layer of grass with earth and matted roots cut from the ground and used for earth buildings and as a covering material.","P",
129,98261,"Tunbridge Wells Stone","N",,"N",
129,98260,"TUFACEOUS LIMESTONE","Y","Very light, depositional limestone formed by the precipitation of calcium carbonate rich water (Tufa). The more dense and compact form, Travertine, is formed in a similar way.","P",
129,98241,"TILE","Y","Tablet of a uniform shape. Used as finishing or covering materials which fit together in a regular format.","P",
129,98268,"Verde Fraye","N","Use both terms.","N",
129,98076,"Orton Scar Limestone","N",,"N",
129,98103,"Pillaguri Slate","N",,"N",
129,98084,"Pargetting","N",,"N",
129,98083,"PARGETING","Y","External decorative plasterwork often incised or modelled with ornamental patterns. Usually applied to timber-framed houses, especially during 16th and 17th centuries.","P",
129,98082,"PAPER","Y","Thin flexible sheets made from the pulp of wood or other fibrous matter.","P",
129,98056,"Mill Hill Slate","N",,"N",
129,98080,"PANEL BOARD","Y","Large board used for covering the internal surfaces of a building, ie. floors, walls and ceilings. Some forms can be used as external cladding.","P",
129,98086,"Pavonazzo","N",,"N",
129,98077,"Otta Slate","N",,"N",
129,98087,"PEAT","Y","Part-decomposed vegetable matter formed under waterlogged conditions into a firm, brown deposit resembling soil. Used as a brick for infilling in timber framed walls.","P",
129,98075,"OOLITIC LIMESTONE","Y","Limestone formed during the Jurassic period. Composed of ooliths, literally small rock particles with the appearance of fish roe.","P",
129,98074,"OAK","Y","A native hardwood of the Beech family with hard and durable characteristics which traditionally made it appropriate for structural work.","P",
129,98073,"Northamptonshire Stone","N",,"N",
129,98072,"Newham Stone","N",,"N",
129,98071,"Muscovite Granite","N",,"N",
129,98070,"Mudstone","N",,"N",
129,98078,"Oxford Stone","N",,"N",
129,98094,"Pennon Marble","N","Use both terms.","N",
129,98102,"Petworth Marble","N","Use both terms.","N",
129,98101,"PETERHEAD GRANITE","Y","Coarse grained, dark coloured granite, quarried in the Peterhead and Cairngall areas of Scotland, but used throughout the North.","P",
129,98100,"Permian Sandstone","N",,"N",
129,98099,"Pentewan Stone","N",,"N",
129,98098,"Pentelic Marble","N",,"N",
129,98097,"Penshaw Sandstone","N",,"N",
129,98085,"Parian Marble","N",,"N",
129,98095,"Penrhyn Slate","N",,"N",
129,98067,"MOUNTSORREL GRANITE","Y","Very hard, rough medium/coarse grained, pink to grey coloured granite. Usually found and quarried in Leicestershire.","P",
129,98093,"PENNANT STONE","Y","Hard, fine grained, blue/grey coloured sandstone. Quarried in South Wales and the Bristol area and commonly used, throughout the country, as a stone roofing material (stone slate).","P",
129,98092,"Penmon Limestone","N",,"N",
129,98091,"Pencaemaur Stone","N",,"N",
129,98090,"PEBBLEDASH","Y","A render with small washed stones added as aggregate. Popular in the early 20th century.","P",
129,98089,"PEBBLE","Y","Rock fragment (diameter 4-64mm) larger than gravel and smaller than cobble, combined with other material e.g. flint, for decorative effect.","P",
129,98088,"Peat Brick","N",,"N",
129,98096,"Penrith Red Sandstone","N",,"N",
129,98042,"Mansfield Stone","N",,"N",
129,98050,"Medium Density Fibreboard","N",,"N",
129,98049,"Medium Board","N",,"N",
129,98048,"Matlock Stone","N",,"N",
129,98047,"MATHEMATICAL TILE","Y","Tile nailed externally to a wall and usually laid in mortar designed to present a brick-like appearance.","P",
129,98046,"MATERIAL <BY FORM>","N","A raw material determined by its form or a finished product material characterised by its end shape or form. See MATERIAL <BY FORM> Class List for narrow terms.","P",
129,98045,"MARLSTONE","Y","Fine grained, iron rich, liassic limestone, found in Dorset, Somerset, Oxfordshire, Northamptonshire, Leicestershire and Rutland.","P",
129,98069,"MUD","Y","Wet soil, sand or other earthy matter combined with ballast and bonded with straw or other binding material. Walls are built in the absence of shuttering by the simple process of pitching in layers.","P",
129,98043,"Mansfield Woodhouse Stone","N",,"N",
129,98053,"METAL","Y","Class of elements and alloys that are characteristically lustrous,ductile, fusible and malleable. These are extracted from ore minerals originally existing in nature and processed before becoming a recognisable metal. See METAL Class List for narrow terms","P",
129,98041,"MAN MADE MATERIAL","N","A material or combination of materials manufactured by human effort, or fashioned into shape by man or a man made industrial process (excluding metal). See MAN MADE MATERIAL Class List for narrow terms.","P",
129,98040,"MALMSTONE","Y","A soft, grey to white coloured, sandstone formed during the Cretaceous period, whose sand grains are cemented together with lime.","P",
129,98039,"Malm (Stone)","N",,"N",
129,98038,"Malm (Brick)","N",,"N",
129,98037,"MAJOLICA","Y","Fine earthenware with raised patterns of coloured decoration in the form of an enamel or coloured opaque glaze. Use for decorative wall facings.","P",
129,98036,"MAGNESIAN LIMESTONE","Y","Permian limestones which have had their chemical composition naturally altered with the calcium content being replaced by magnesium. Fine grained and varying from yellow/brown to cream in colour, although they weather to a dark grey.","P",
129,98044,"MARBLE","Y","Collective name for, in a true geological sense, a metamorphosed limestone, eg. Carrara marble, and, in the British sense any decorative stone that will take a polish, eg. Purbeck marble. In the latter's case index with specific stone type where given.","P",
129,98059,"Monks Park Stone","N",,"N",
129,98081,"PANTILE","Y","Curved, interlocking roof tile of S-shaped section usually made of clay or concrete.","P",
129,98066,"Mount Sorrel Granite","N",,"N",
129,98065,"Moulton Stone","N",,"N",
129,98064,"Moss Rigg Slate","N",,"N",
129,98063,"Mosaic","N",,"N",
129,98062,"MORTAR","Y","A mixture of lime or more recently cement with sand and water used for bonding stones or bricks.","P",
129,98051,"Membury Stone","N",,"N",
129,98060,"Moolham Stone","N",,"N",
129,98052,"Merstham Stone","N",,"N",
129,98058,"MINERAL","N","Natural inorganic substance possessing a definite chemical composition in a crystalline form. See MINERAL Class Listnfor narrow terms.","P",
129,98057,"Millstone Grit","N",,"N",
129,98171,"SANDSTONE","Y","Geologically sandstone consists of particles of quartz naturally cemented together by either silica, calcium or iron. It is this geological composition that accounts for the varying colours and grain sizes found in the many building sandstones.","P",
129,98220,"STUCCO","Y","Smooth rendering applied to the exterior of buildings which may be incised to suggest coursed masonry. Made of lime and sand or brick dust, and more recently, cement.","P",
129,98055,"Midhurst Stone","N",,"N",
129,98054,"Metamorphic Stone","N",,"N",
129,98068,"Mountsorrel Stone","N",,"N",
129,98061,"MOORSTONE","Y","Stonemason's name for granite found lying upon the moorland surface, as opposed to having been quarried, in the West Country and the Lake District. Used, as found, since prehistoric times, in later years was often dressed and shaped.","P",
129,98145,"REINFORCED CONCRETE","Y","Aggregate, cement and mortar combined with structural elements of iron or steel mesh or rod reinforcement to form stonelike masses for load bearing, structural building work.","P",
129,98138,"RAGSTONE","Y","Stonemason's term for any coarse/hard stone that is not easily worked. Index with specific stone type where given. Not to be confused with Kentish Ragstone.","P",
129,98152,"Ringby Stone","N",,"N",
129,98151,"Ridgeway Stone","N",,"N",
129,98150,"RHYOLITE","Y","Fine grained, acidic, light-grey/white/ brown/red-coloured igneous rock.","P",
129,98149,"Revidge Grit","N",,"N",
129,98148,"RESIDUE","Y","By-product or waste, resulting from an industrial process.","P",
129,98154,"Roach Stone","N",,"N",
129,98146,"Rembrandt Stone","N",,"N",
129,98155,"Roche Abbey Stone","N",,"N",
129,98144,"REIGATE STONE","Y","Soft, medium grained, green/grey coloured, highly calcareous, cretaceous sandstone. Mined (more frequently than quarried) since pre-Norman times from the Reigate area of Surrey.","P",
129,98143,"REED","Y","The tall, straight stalks or stems formed by plants found in the wetland areas, particularly The Fens. Used as a roofing material, the reed is laid with the ends forming the exposed covering surface.","P",
129,98142,"Red Wilderness Stone","N",,"N",
129,98141,"Rassau Stone","N",,"N",
129,98140,"Rainow Stone","N",,"N",
129,98139,"Rainhill Stone","N",,"N",
129,98147,"RENDER","Y","A general term for the weatherproof coat on the external walls of a building.","P",
129,98162,"ROUGHCAST","Y","A render including an aggregate of gravel or stone chipping thrown rather than trowelled onto an external wall.","P",
129,98170,"SAND","Y","Granular material consisting of small eroded fragments of rock or mineral grains, finer than gravel used as an ingredient in mortar and other traditional building materials.","P",
129,98169,"Salterwath","N",,"N",
129,98168,"Salcombe Stone","N",,"N",
129,98167,"Safari Quartzite","N",,"N",
129,98166,"Rubislaw Granite","N",,"N",
129,98165,"RUBBLE","Y","Rough, unhewn, undressed building stones with irregular faces, generally not laid in regular courses. Index with type of stone if specified.","P",
129,98153,"Riven Slate","N",,"N",
129,98163,"Ruabon Brick","N","Use both terms.","N",
129,98156,"ROMAN CEMENT","Y","Technically a quick setting hydraulic cement or lime,but term has been adapted to denote cement made from burning lumps of marl found in London clay,a technique adopted for C19th building work. Name not intended to denote a relationship with Roman period","P",
129,98161,"Ross Of Mull Granite","N",,"N",
129,98160,"Rose Swede Granite","N",,"N",
129,98159,"Rose Brae Stone","N",,"N",
129,98079,"Painswick Stone","N",,"N",
129,98157,"ROMAN TILE","Y","Single lap regular shaped roof covering which can have one or more water channels. Typically made of clay or concrete. The name does not denote a relationship with the Roman period.","P",
129,98104,"PINE","Y","Wood of a coniferous tree native to Scotland and Scandinavia.","P",
129,98164,"RUBBER","Y","Flexible, synthetic, polymeric organic material formed by chemical synthesis usually in imitation of a natural substance. It can be moulded to shape, extruded or formed into a sheet from solid or foam material.","P",
129,98109,"PLANT","Y","Any tree, shrub or herb of cellulose form, normally subsisting in soil and producing its food through photosynthesis.","P",
129,98121,"PORTLAND CEMENT","Y","A form of cement originally named since it was said to be like Portland Stone in appearance.","P",
129,98119,"POLYVINYL CHLORIDE","Y","A type of thermoplastic polymer which is versatile and cheap, often referred to as PVC. This includes plasticized PVC and unplasticized PVC (uPVC).","P",
129,98118,"POLYPHANT","Y","Compact, grey/green/brown/white-speckled coloured igneous rock, peculiar to Cornwall. It is easy to carve and readily takes a polish, hence its similarity to British marbles.","P",
129,98117,"POLYCARBONATE","Y","Very tough transparent sheeting often used for security glazing.","P",
129,98116,"PLYWOOD","Y","Thin layers of wood, bonded together to form a structural board. The grain of the adjacent layers lie across one another to give structural strength. Produced since mid 19th century for use in interior joinery, since 1930's for exterior use.","P",
129,98115,"Plymouth Stone","N",,"N",
129,98114,"Plymouth Limestone","N",,"N",
129,98122,"Portland Roach","N",,"N",
129,98110,"PLASTER","Y","Lime plaster, consisting of lime and sand, is the oldest type of render. Applied externally to walls or onto laths for infill panels and usually limewashed.","P",
129,98113,"PLYMETAL","Y","Structural board comprising a core of thin layers of wood bonded together, which is faced on one or both sides with a sheet of metal, usually galvanised steel or aluminium. Mainly used for external wall cladding.","P",
129,98108,"Pise De Terre","N",,"N",
129,98107,"PISE","Y","Rammed earth or clay of a low moisture content used to make floors or walls, or found between shuttering.","P",
129,98106,"Pink Verona Marble","N","Use both terms.","N",
129,126913,"SEAWEED","Y","Multicellular marine alga, which grows on the seashore, in salt marshes, in brackish water or submerged in the ocean.","P",
129,98105,"Pink Granite","N",,"N",
129,98137,"Rag Slate","N",,"N",
129,98158,"Roofing Felt","N",,"N",
129,98112,"Plymax","N",,"N",
129,98129,"Purbeck Marble","N","Use both terms.","N",
129,98136,"Rag","N",,"N",
129,98135,"Raddon Stone","N",,"N",
129,98111,"PLASTIC","Y","Any of large class of polymers based on synthetic resins or modified natural polymers which may be moulded, extruded or cast while soft or liquid, which then set rigidly or slightly elastic in form.","P",
129,98123,"PORTLAND STONE","Y","Fine to coarse grained, cream to green/grey coloured oolitic limestone. Quarried since Roman times, it is one of Britain's best building stones, hence its use throughout the country.","P",
129,98133,"QUARTZ","Y","Hard, transparent, often coloured mineral. Can be found on its own as crystals and veins but also as a major constituent of rocks such as granite. Often used decoratively.","P",
129,98132,"Quarr Stone","N",,"N",
129,98131,"PURBECK STONE","Y","Collective name for the oolitic limestone quarried in the Isle of Purbeck region, geologically classified into two main groups. Firstly, a fine grained whitish variety, Purbeck Portland, secondly a fossil-rich cream/gold to grey variety, Swanage Stone etc","P",
129,98130,"Purbeck Portland","N",,"N",
129,98134,"QUARTZITE","Y","Medium grained, hard, white/grey coloured stone consisting of quartz and often silica, produced by the metamorphosis of sandstone.","P",
129,98126,"PUDDINGSTONE","Y","Conglomerate consisting of rounded flint pebbles held together in a natural silica and sand cement.","P",
129,98124,"PRESTRESSED CONCRETE","Y","Concrete, containing bars or wires, which is compressed to greatly increase its strength.","P",
129,98125,"Prudham Stone","N",,"N",
129,98127,"Pulborough Stone","N",,"N",
129,98128,"PULHAMITE STONE","Y","A patented manmade rock invented by James Pulham and Son of Broxbourne. Pulhamite was used to join natural rocks together or crafted to simulate natural stone features. It is an artificial form of sandstone.","P",
129,143499,"Painted Wall Plaster","N",,"N",
129,140459,"ETHYLTETRAFLUOROETHYLENE FOIL","Y","Extremely thin foil made out of ethyltetraflouroethylene, a modified copolymer which is extruded into a thin film and which is related to Teflon. It has a very high level of light transmission in visible and ultra violet range. Used instead of glass.","P",
129,143498,"PAINTED PLASTER","Y","Plaster which has been painted either for decorative purposes or to protect it.","P",
129,140458,"DOUBLE ROMAN TILE","Y","A large rectangle roof tile with an upstand on one side, a roll in the centre and another roll on the other side, which fits over the upstand of the adjacent tile. The name does not denote a relationship with the Roman period.","P",
129,140460,"Efte Foil","N",,"N",
129,139757,"COMBED WHEAT REED","Y","A form of thatching straw composed of stems that have been combed mechanically to remove grain and extraneous waste material without crushing the stem.","P",
129,140464,"GRASS","Y","Ground-covering herbage, some varieties of which can be used, especially when dried and in large quantities, as a construction material.","P",
129,140463,"Single Roman Tile","N",,"N",
129,140462,"Galvanised Steel","N",,"N",
129,139758,"Water Reed","N",,"N",
129,143234,"SHEET LEAD","Y","Lead which has been rolled into a sheet and often used as a roof covering.","P",
129,140461,"Galvanised Iron","N",,"N",
129,139350,"Greenslate","N",,"N",
129,142988,"BRICKEARTH","Y","An unconsolidated geological deposit sometimes iused as a bonding material in stone walls.","P",
129,140228,"TUFF","Y","A light porous cellular rock, consisting of consolidated volcanic ash ejected from vents during a volcanic eruption.","P",
129,141983,"Thermalite","N",,"N",
129,140229,"MARL","Y","A mixed earthy substance consisting principally of clay mixed with calcium carbonate and sand in very variable proportions.","P",
129,164108,"HERTFORDSHIRE PUDDINGSTONE","Y","A conglomerate rock comprising well rounded flint pebbles in a very hard matrix of fine pale coloured sand, bound together by hard natural silica cement. The pebbles are usually coloured ochre or red and have black rims.","P",
129,169981,"TRIPLE ROMAN TILE","Y","A large rectangle roof tile in the form of an upstand on one side followed by three rolls, the last of which fits over the upstand of the adjacent tile. The name does not denote a relationship with the Roman period.","P",
129,163249,"Bungeroosh","N",,"N",
129,163248,"BUNGAROOSH","Y","Composed of a wide variety of substances and materials such as whole or broken bricks, cobblestones, flints, pebbles and sand which are set into hydraulic lime. Used most often to form external walls and is commonly found in the Brighton/Lewes region.","P",
