"CLA_GR_UID","THE_TE_UID","TERM","INDEX_TERM","SCOPE_NOTE","STATUS","IMAGE_EXISTS"
573,147463,"PLAN TYPES","N",,"P",
573,147454,"HOP KILN","Y","A building in which hops are dried and stored. Known as an Oasthouse or Oast in south east England.","P",
573,147464,"AGRICULTURAL COMPLEX","N",,"P",
573,147462,"AGRICULTURAL COMPLEXES AND BUILDINGS","N",,"P",
573,147461,"REGULAR COURTYARD E PLAN","Y","Regular courtyard farmsteads where the buildings are arranged as an E-shaped plan around two cattle yards. Cattle housing and stabling typically extend as three ranges from the longer main range which includes a barn or mixing house.","P",
573,147460,"REGULAR COURTYARD U PLAN","Y","Regular courtyard farmsteads where the buildings are arranged around three sides of a yard which is open to one side.","P",
573,147459,"REGULAR COURTYARD L PLAN","Y","Regular courtyard farmsteads where the buildings are arranged as two linked ranges to create an L-shape. They can comprise a barn and an attached shelter shed to a cattle yard or an interlinked cattle housing and fodder range.","P",
573,147458,"COURTYARD PLAN","Y","A farmstead where the working buildings are arranged around a yard.","P",
573,147455,"FARMSTEAD","Y","The homestead of a farm consisting of a farmhouse and working farm buildings, with yards, other working areas and usually a garden to the house.","P",
573,147446,"Sheiling","N",,"N",
573,147448,"Shielding","N",,"N",
573,147497,"HOGG HOUSE","Y","A building for the winter housing of yearling sheep, which can resemble a field barn or shelter shed.","P",
573,147447,"Shiel","N",,"N",
573,147445,"Shealing","N",,"N",
573,147456,"AGRICULTURAL BUILDING","Y","A building used for an agricultural and/or subsistence purpose. Use more specific type where known.","P",
573,147499,"WORKERS HOUSE","Y","A house for farm workers and their families.","P",
573,147507,"REGULAR COURTYARD F PLAN","Y","Regular courtyard farmsteads where the buildings are arranged as an F-shaped plan around one or two cattle yards. Cattle housing and stabling typically extend as two ranges from the longer main range which includes a barn or mixing house.","P",
573,147506,"LOOSE COURTYARD (FOUR SIDED)","Y","A farmstead where mostly detached buildings have developed around four sides of an open cattle yard.","P",
573,147505,"LOOSE COURTYARD (THREE SIDED)","Y","A farmstead where mostly detached buildings have developed around three sides of an open cattle yard.","P",
573,147504,"LOOSE COURTYARD (TWO SIDED)","Y","A farmstead where mostly detached buildings have developed around two sides of an open cattle yard.","P",
573,147427,"SHED","Y","A slight structure, or a modern wide span farm building, built for shelter or storage or for use as a workshop, either attached as a lean-to to a permanent building or separate. Use more specific type where known.","P",
573,147503,"LOOSE COURTYARD (ONE SIDED)","Y","A farmstead where mostly detached buildings have developed around one side of an open cattle yard.","P",
573,147502,"L PLAN (HOUSE ATTACHED)","Y","A farmstead where the farmhouse and working buildings are attached and in-line. They can comprise the extension of linear farmsteads.","P",
573,147495,"Byre Dwelling","N",,"N",
573,147500,"MANORIAL FARM","Y","A medieval high status farmstead, acting as the centre of the estate, directly controlled by the lord and used for the benefit of his household and dependents.","P",
573,147466,"ANIMAL HOUSING","Y","A structure providing shelter for animals. Use more specific type where known.","P",
573,147498,"RAMS PEN","Y","Cubicles for housing rams, resembling pigsties with their own yard but slightly larger.","P",
573,147496,"BOILING HOUSE","Y","A building, or part of a building for the boiling and preparation of animal feed, usually attached to pigsties.","P",
573,147473,"Bastel House","N",,"N",
573,147472,"Bastle House","N",,"N",
573,147471,"STABLING","Y","A structure providing secure housing for horses.","P",
573,147468,"PIG HOUSING","Y","A structure providing secure housing for pigs. Use more specific type where known.","P",
573,147467,"CATTLE HOUSING","Y","A structure providing secure housing for cattle. Use more specific type where known.","P",
573,147501,"Hovel","N",,"N",
573,147417,"STACK YARD","Y","A farmyard or enclosure for the seasonal storage of stacks of hay, corn, peas etc.","P",
573,147425,"POULTRY HOUSING","Y","Structures providing secure housing for poultry. Use more specific type where known.","P",
573,147424,"Wheel House","N",,"N",
573,147423,"WELL HOUSE","Y","A building over a well housing machinery for raising the water.","P",
573,147422,"Waggon Shed","N",,"N",
573,147421,"VACCARY","Y","A monastic cattle farm with associated buildings, paddocks and pastures. A stock farm for cattle. Most vaccaries are of 12th or 13th century origin, and were built for ecclesiastical or lay lords. They are concentrated in the Pennines.","P",
573,147420,"TOWER HOUSE","Y","A fortified tower house of between two and four storeys, mostly 14th - 16th century in date and concentrated in the northern border counties.","P",
573,147432,"Bercerie","N",,"N",
573,147418,"STADDLE BARN","Y","A threshing barn, usually timber framed which is raised on staddle stones.","P",
573,147433,"SHEEP HOUSE","Y","Housing for sheep, in the form of a shelter shed with low eaves (very difficult to identify, but usually detached from the main farmyard and facing a detached series of yards).","P",
573,147416,"STABLE","Y","A building, or part of a building, for housing horses or working oxen, storing and maintaining their tackle and sometimes housing farm workers.","P",
573,147415,"SILAGE TOWER","Y","A tower for the airtight storage of freshly cut grass and its conversion into silage.","P",
573,147414,"SILAGE CLAMP","Y","An airtight container for the storage of freshly cut grass and its conversion into silage.","P",
573,147508,"REGULAR COURTYARD H PLAN","Y","Regular courtyard farmsteads where the buildings are arranged as an H-shaped plan, commonly with cattle housing to two or more cattle yards.","P",
573,147392,"LAITHE HOUSE","Y","A linear range of one construction comprising a farmhouse with attached (but not internally linked) to its working buildings, usually with a large door to the barn for corn or hay and smaller doors to the cowhouse and/or stable.","P",
573,147412,"SHELTER SHED","Y","An open fronted building facing onto a yard used for the sheltering of cattle.","P",
573,147413,"Shippon","N",,"N",
573,147419,"TOFT","Y","The footprint of a house, sometimes raised or marked by earthworks where the house has been removed.","P",
573,159178,"Grain Drying Kiln","N",,"N",
573,147443,"GOOSE HOUSE","Y","A structure providing secure housing for geese.","P",
573,147442,"Chicken House","N",,"N",
573,147441,"HEN HOUSE","Y","A structure providing secure housing for Hens.","P",
573,147440,"Fowl House","N",,"N",
573,147439,"Peel Tower","N",,"N",
573,159167,"CORN DRYING KILN","Y","A building for the drying of corn after harvesting, with a slatted drying floor set above a kiln.","P",
573,159168,"SMALLHOLDING","Y","Distinct from farmsteads, they either have no defined plan type or they fall into the categories of the smallest plan types. They are usually situated within areas of enclosure of common land and associated with areas of mining or quarrying.","P",
573,147426,"FARMHOUSE","Y","The main dwelling house of a farm, it can be either detatched from or attached to the working buildings. The house can either share the main elevation with the working buildings or may face in a different direction, commonly into a garden area.","P",
573,159177,"Piggery","N",,"N",
573,147430,"ROW PLAN","Y","A farmstead where the main range of working buildings are attached in-line and form a long row often facing a series of yards.","P",
573,159262,"BASTLE (DEFENSIVE)","Y","A stone building with thick outer walls and small infrequent windows whose entrance and any internal stairs are capable of defence. Many contain stone vaulted ground floor ceilings although in some instances substantial timbers have been used.","P",
573,159263,"BASTLE (NON DEFENSIVE)","Y","A stone building with external access to the domestic accommodation via a permanent stair. The ground floor is normally used as a byre in rural contexts, but in an urban setting it may be intended for one of a number of other non domestic uses.","P",
573,159283,"House Over Byre","N",,"N",
573,147438,"Ciderhouse","N",,"N",
573,147435,"Long House","N",,"N",
573,147434,"COW HOUSE","Y","A building in which cattle are housed, normally tethered in stalls.","P",
573,147444,"Hen Cote","N",,"N",
573,159176,"Calf House","N",,"N",
573,147384,"GRANARY","Y","A building, or first-floor room in a building, for the dry and secure storage of  grain after it has been threshed and winnowed","P",
573,147396,"MALTINGS","Y","A low ceilinged building for the malting of barley before brewing, specifically for the germination of the crop on malting floors and then drying in a kiln.","P",
573,147377,"LINEAR PLAN","Y","A farmstead where the house and working buildings are attached and in-line. Can include Bastles, Longhouses and Laithe houses.","P",
573,147378,"LOOSE COURTYARD PLAN","Y","A farmstead where mostly detached buildings have developed around one or more sides of an open cattle yard.","P",
573,147379,"REGULAR COURTYARD PLAN","Y","A farmstead where the working buildings are carefully planned as linked ranges and are focused around one or more working yards. They often result from a single phase of building.","P",
573,147380,"DOVECOTE","Y","A building or part of a building used to house doves and pigeons, usually placed at a height above the ground, with openings and provision inside for roosting and breeding.","P",
573,147381,"DUTCH BARN","Y","An iron framed, open fronted building for the shelter of hay or corn. They typically date from the late 19th to the mid 20th centuries.","P",
573,147375,"Demesne Farm","N",,"N",
573,147383,"Fold Yard","N",,"N",
573,147374,"DAIRY","Y","A detached building, or more often a room within the farmhouse used for the cool storage of milk and making it into butter and/or cheese.","P",
573,147385,"GRANGE","Y","An outlying farm or estate, usually belonging to a medieval religious order or feudal lord. Specifically related to core buildings and structures associated with monastic land holding. Use specific term where known.","P",
573,147394,"LOOSE BOX","Y","A separate compartment, with its own door, for fattening cattle and sometimes housing bulls.","P",
573,147388,"HEMMEL","Y","A small roofed shelter for cattle without tethering point or stalls, but with a small yard attached. Mostly found in North East England.","P",
573,147509,"REGULAR COURTYARD T PLAN","Y","Regular courtyard farmsteads where the buildings are arranged as two ranges at right angles to each other.","P",
573,147391,"KILN","Y","A furnace or oven for burning, baking or drying. Use specific type where known.","P",
573,147393,"LINHAY","Y","A two storied and open fronted structure comprising a cattle or cart shelter on the ground floor with a hayloft above. Most common in South West England.","P",
573,147395,"LONGHOUSE","Y","A building that housed humans and cattle under one roof, with a shared entrance providing access to the cattle housing (usually downslope) and the dwelling area.
.","P",
573,147382,"FIELD BARN","Y","An isolated barn, cow house or shelter shed with a hayloft. Typically found in areas where farmsteads and fields were sited at a long distance from each other.","P",
573,147366,"Byre House","N",,"N",
573,151800,"Sheep Cote","N",,"N",
573,147358,"AISLED BARN","Y","A barn in which a central space is separated from side aisles by posts and braces.","P",
573,147359,"BARN","Y","A building for the storage and processing of grain crops and for housing straw, farm equipment and occasionally livestock and their fodder. Use more specific type where known.","P",
573,147360,"THRESHING BARN","Y","A barn usually containing a single, central threshing floor and bays for storing the threshed corn.","P",
573,147361,"COMBINATION BARN","Y","A threshing barn which also houses farm animals and sometimes used to store grain, house carts and other functions.","P",
573,147362,"BANK BARN","Y","A multi-purpose, two-storey barn, built on a hillside with entrances at both levels to a first floor threshing barn and ground floor animal housing.","P",
573,147376,"DISPERSED PLAN","Y","A farmstead where the buildings and yards are loosely arranged, with no focal yard. Use more specific type where known.","P",
573,147364,"Byre","N",,"N",
573,147389,"HORSE ENGINE HOUSE","Y","A round or polygonal building containing a horse engine used for powering threshing, and other, machinery; typically found projecting from barns.","P",
573,147367,"CART SHED","Y","A building used for housing and protecting from the weather carts, waggons and farm implements, often open-fronted.","P",
573,147368,"Cattle Shed","N",,"N",
573,147369,"CATTLE YARD","Y","A yard for cattle that has access to working buildings, usually cow houses, shelter sheds and barns.","P",
573,147370,"CHAFF HOUSE","Y","An area within a building (usually the barn or stable) for storing husks from the grain crop (chaff) for animal feed after it has been threshed and winnowed in the barn.","P",
573,147371,"CIDER HOUSE","Y","A building, or part of a building, for the milling and pressing of cider apples to produce cider (or pears for perry) and for storing the drink in barrels.","P",
573,147372,"COVERED YARD","Y","A covered yard for the shelter of cattle that is attached to a building, first used on planned and model farms of the 1850s to 1870s. It became increasingly common from the 1880s to roof over former open yards with timber or metal-framed superstructures.","P",
573,147373,"CROFT","Y","An enclosed piece of land adjoining a house.","P",
573,147363,"BASTLE","Y","A stone building with stone flagged domestic accommodation above non-domestic ground floor accommodation, typically a byre. The domestic accommodation is accessible via an external ladder or stair, the non-domestic ground floor having a separate entrance.","P",
573,147409,"ROOT AND FODDER STORE","Y","Room, usually part of another building and located close to the cattle yard, for storing and preparing roots and other animal feed.","P",
573,147397,"MILL","Y","A factory used for processing raw materials, such as corn to flour.","P",
573,147551,"REGULAR COURTYARD FULL PLAN","Y","Regular courtyard farmsteads where the buildings are arranged around all four sides of the yard.","P",
573,147548,"SHEEP YARD","Y","A yard for sheep that typically projects from the farmstead.","P",
573,147547,"HORSE YARD","Y","A yard for horses that is attached to a stable range.","P",
573,147510,"REGULAR COURTYARD Z PLAN","Y","An uncommon form of a regular courtyard farmstead where the buildings are arranged in a Z-shaped form.","P",
573,147546,"YARD","Y","An area enabling general movement and access to the farmhouse and working buildings and for livestock, the storage of harvested crops, timber and other products.","P",
573,147542,"REGULAR COURTYARD MULTI YARD","Y","A farmstead with multiple yards which are grouped together and regularly arranged (other than the defined E, F, H, T or Z plans). The yards may relate to one or more buildings or ranges which may be of either loose courtyard or regular courtyard form.","P",
573,147513,"DISPERSED CLUSTER PLAN","Y","A dispersed farmstead where the farm buildings and farmhouse are loosely grouped together within the boundary of the farmstead.","P",
573,147512,"DISPERSED MULTI YARD PLAN","Y","A dispersed farmstead where buildings are arranged around scattered yards which can be loose or regular in their form.","P",
573,147386,"HAY BARN","Y","An open-fronted building for the dry and well-ventilated storage of hay.","P",
573,147410,"SHIELING","Y","Summer pasture for cattle or sheep with associated temporary huts for domestic or agricultural use.","P",
573,147408,"Rick Yard","N",,"N",
573,147406,"POULTIGGERY","Y","A building combining a pigsty at ground level with a poultry house in a loft over.","P",
573,147405,"PORTAL FRAMED SHED","Y","Mass produced iron framed shed usually clad in metal sheeting.","P",
573,147404,"PIGSTY","Y","An enclosure for pigs that includes a covered pen and yard.","P",
573,147403,"Pele Tower","N",,"N",
573,147402,"PARALLEL PLAN","Y","A farmstead, often of linear plan, where the working buildings are placed opposite and parallel to the house and attached working buildings with a relatively narrow space between.","P",
573,147401,"OX HOUSE","Y","A building, or part of a building, for housing draught oxen.","P",
573,147400,"OUTFARM","Y","A complex of buildings set within the fields away from the main farmstead, usually including a barn for corn and/or hay and cattle housing set around a yard.","P",
573,147399,"Oast House","N",,"N",
573,147398,"MIXING HOUSE","Y","A building, usually part of another building and located close to the cattle yard, where grain, cake and roots for animals would be prepared for animal feed.","P",
573,147511,"DISPERSED DRIFTWAY PLAN","Y","A dispersed farmstead where buildings and yards (regular or loose courtyard in their form) are sited alongside a routeway","P",
