"CLA_GR_UID","THE_TE_UID","TERM","INDEX_TERM","SCOPE_NOTE","STATUS","IMAGE_EXISTS"
572,146470,"ANODE","Y","A terminal attached to the metal or sheathed hull of a ship from which a charge flows to inhibit corrosion.","P",
572,146479,"BADGE","Y","An ornament placed on the outside of the vessel, usually depicting its name and crest.","P",
572,146472,"APRON (MARITIME)","Y","A curved timber, fixed behind the lower section of the stem directly above the leading end of the keel.","P",
572,146469,"ANIMAL HIDE SKIN","Y","A hull covering formed from a patchwork of animal skins usually stitched and bound.","P",
572,146473,"APRON KNEE","Y","An angled piece of timber connecting the apron to the frame of the vessel.","P",
572,146474,"ARMOURED HULL","Y","A hull which has been reinforced by the addition of armour plating.","P",
572,146471,"ANTI BOARDING NETTING","Y","Netting forming a horizontal barrier of fixed open work. Found across castle decks and waist in early forms of construction.","P",
572,146475,"ATHWARTSHIPS SUPPORT","N","Any rigging used to give support to the masts across the width of the vessel.","P",
572,146476,"AWNING","Y","A cover, usually made of canvas, fixed to, or fitted over, raised support.","P",
572,146478,"BACKSTAY","Y","A rope or wire which supports a mast against the forward thrust of the sails. Backstays stretch from the mast head to either side of the ship or to the channels.","P",
572,146480,"BALLAST","Y","Heavy material, usually stone, gravel or iron, placed in the holds of a vessel in order to lower its centre of gravity and provide stability when no cargo is being carried.","P",
572,146468,"Anchor Stock","N",,"N",
572,146457,"ACCESSWAY","N","Means by which access is enabled onto, into and through a vessel. Use more specific narrow terms.","P",
572,146481,"BARK SKIN","Y","A hull covering made from the bark of trees, usually stitched and bound.","P",
572,146477,"BACKREST BENCH","Y","A long seat with a back but without armrests.","P",
572,146467,"ANCHOR DAVIT","Y","A davit used to raise the flukes of the anchor to the top of the bow.","P",
572,146466,"Anchor Chain","N",,"N",
572,146465,"Anchor Cable","N",,"N",
572,146464,"ANCHOR","Y","A heavy implement, now usually made of metal, designed to be dropped from a vessel and embedded in the seabed to hold the vessel in a desired position.","P",
572,146463,"ALDIS LAMP","Y","A handheld lamp used to send morse code messages ship-to-ship or ship-to-shore.The lamp and its reflector can be covered/uncovered by a trigger operated shutter.","P",
572,146462,"AFTERCASTLE DECK","Y","The first deck in castling at the stern of a vessel, usually above the upper deck. The equivalent of the quarter deck in later construction.","P",
572,146461,"AFTERCASTLE","Y","Castling set above the aftercastle deck at the stern of a vessel.","P",
572,146460,"AERIAL","Y","A metal structure used to transmit and receive radio signals.","P",
572,146458,"ADMIRALTY ANCHOR","Y","A design of stockless anchor favoured by the Admiralty.","P",
572,146482,"BATTERY","Y","A device producing electrical energy used to power a vessel's engines, particularly submarines when submerged.","P",
572,146485,"BELAYING GEAR","N","Equipment used for securing ropes.","P",
572,146484,"BED","Y","A piece of furniture, usually equipped with a mattress and covers, for sleeping or resting on.","P",
572,146483,"BEAM (MARITIME)","Y","A transverse member of a vessel's frame used to support a deck.","P",
572,146486,"BELAYING PIN","Y","A short bar of wood, brass or iron used to secure a rope.","P",
572,146459,"ADMIRALTY PATTERN ANCHOR","Y","An anchor with a fixed shank and arms, the stock of the anchor being at right angles to the arms.","P",
572,146958,"PLATFORM","Y",,"P",
572,146842,"MAIN TOPMAST STAYSAIL","Y",,"P",
572,146841,"MAIN TOPMAST STAY","Y",,"P",
572,146840,"MAIN TOPMAST SHROUD","Y",,"P",
572,146952,"PLANKED PARTITIONING","Y",,"P",
572,146953,"PLASTIC SKIN","Y",,"P",
572,146954,"PLATE KEELSON","Y",,"P",
572,146955,"PLATE METAL OVEN HOUSING","Y",,"P",
572,146843,"MAIN TOPMAST STUDDINGSAIL","Y",,"P",
572,146957,"PLATED PARTITIONING","Y",,"P",
572,146846,"MAIN WALE","Y",,"P",
572,146959,"PLATFORM SUPPORT","Y",,"P",
572,146960,"PLOUGH ANCHOR","Y",,"P",
572,146839,"MAIN TOPMAST","Y",,"P",
572,146838,"MAIN TOPGALLANT YARD","Y",,"P",
572,146837,"MAIN TOPGALLANT STUDDINGSAIL","Y",,"P",
572,146836,"MAIN TOPGALLANT STAY","Y",,"P",
572,146956,"PLATED HULL","Y",,"P",
572,146853,"MAST FITTING","N",,"P",
572,146861,"METAL HULL SHEATHING","Y",,"P",
572,146860,"Metal Ballast","N",,"N",
572,146859,"MECHANICAL PROPULSION SYSTEM","N",,"P",
572,146950,"PISTON PUMP","Y",,"P",
572,146858,"MAST STEP BRACE","Y",,"P",
572,146951,"PLANKED HULL","Y",,"P",
572,146857,"MAST STEP","Y",,"P",
572,146856,"MAST PARTNER","Y",,"P",
572,146844,"MAIN TRANSOM","Y",,"P",
572,146854,"MAST HOLE","Y",,"P",
572,146835,"MAIN TOPGALLANT SHROUD","Y",,"P",
572,146852,"MAST","Y",,"P",
572,146851,"Martnet","N",,"N",
572,146850,"MARTINGALE","Y",,"P",
572,146849,"MANUAL PROPULSION SYSTEM","N",,"P",
572,146848,"MAINSTAY","Y",,"P",
572,146847,"MAIN YARD","Y",,"P",
572,146961,"POOP DECK","Y",,"P",
572,146845,"MAIN UPPER TOPSAIL","Y",,"P",
572,146855,"MAST HOUSE","Y",,"P",
572,146992,"RIDER CROSS CHOCK","Y",,"P",
572,146982,"RAILING","Y",,"P",
572,146983,"RAILS AND FIXTURES","N",,"P",
572,146984,"RAISED HEAD SCREW","Y",,"P",
572,146985,"RAM","Y",,"P",
572,146986,"RATLINE","Y",,"P",
572,146987,"REACTOR","Y",,"P",
572,146988,"RECIPROCATING ENGINE","Y",,"P",
572,146989,"RIBAND","Y",,"P",
572,146834,"MAIN TOPGALLANT MAST","Y",,"P",
572,146991,"RIDER BUTT CHOCK","Y",,"P",
572,146979,"RADAR MAST","Y",,"P",
572,146993,"RIGGING","Y",,"P",
572,146994,"RIGGING FITTINGS","N",,"P",
572,146995,"RIGGING RAIL","Y",,"P",
572,146996,"RISING BRACKET","Y",,"P",
572,146997,"RISING KNEE","Y",,"P",
572,146998,"RIVET","Y",,"P",
572,146999,"ROBAND","Y",,"P",
572,147000,"ROPE","Y","Cordage, made from natural or man-made fibres or wire, with a circumference greater than one inch.","P",
572,146990,"RIDER","Y",,"P",
572,146970,"PUMP","Y",,"P",
572,146833,"MAIN TOPGALLANT","Y",,"P",
572,146864,"MIDDLE DECK","Y",,"P",
572,146962,"POOP RAIL","Y",,"P",
572,146963,"PORT LIGHT","Y",,"P",
572,146964,"Porthole","N",,"N",
572,146965,"PORTHOLE LID","Y",,"P",
572,146966,"PROPELLER","Y",,"P",
572,146967,"PROPELLER HOUSING","Y",,"P",
572,146981,"RADIO MAST","Y",,"P",
572,146969,"PROPULSION SYSTEM","N",,"P",
572,146980,"RADIO","Y",,"P",
572,146971,"PUMP PARTNER","Y",,"P",
572,146972,"PUMPING GEAR","Y",,"P",
572,146973,"Pusher Mast","N","An alternative name for the mizzen mast on a vessel with six masts..","N",
572,146974,"QUADRUPLE BLOCK","Y","A single shelled block containing four sheaves revolving on the same pin, allowing four ropes of equal thickness to be worked through it.","P",
572,146975,"QUADRUPLE RECIPROCATING ENGINE","Y",,"P",
572,146976,"QUARTER DECK","Y",,"P",
572,146977,"QUARTER DECK RAIL","Y",,"P",
572,146978,"RADAR","Y",,"P",
572,146863,"METAL SKIN","Y",,"P",
572,146968,"PROPELLER SHAFT","Y",,"P",
572,146937,"PAN HEAD BOLT","Y",,"P",
572,146927,"OUTRIGGER BOOM","Y",,"P",
572,146928,"OUTRIGGER FLOAT","Y",,"P",
572,146929,"OVEN","Y",,"P",
572,146930,"OVEN CHIMNEY","Y",,"P",
572,146931,"OVEN EXHAUST SYSTEM","Y",,"P",
572,146932,"OVEN HOUSING","Y",,"P",
572,146933,"PADDLE","Y","A short, broad bladed oar used without a rowlock.","P",
572,146934,"PADDLE WHEEL","Y",,"P",
572,146862,"METAL OVEN HOUSING","Y",,"P",
572,146936,"PADDLE WHEEL SHAFT","Y",,"P",
572,146924,"OUTER JIB","Y",,"P",
572,146938,"PARREL","Y",,"P",
572,146939,"PARREL ASSEMBLAGE","Y",,"P",
572,146940,"PARREL BALL","Y",,"P",
572,146941,"PARREL RIB","Y",,"P",
572,146942,"PARTITIONING","Y",,"P",
572,146943,"PATCH","Y",,"P",
572,146944,"PENNANT","Y",,"P",
572,146945,"PERISCOPE","Y",,"P",
572,146935,"PADDLE WHEEL HOUSING","Y",,"P",
572,146915,"OAR PIVOT","Y",,"P",
572,146905,"MOORING GEAR","Y",,"P",
572,146906,"MORTISE","Y",,"P",
572,146907,"MUSHROOM ANCHOR","Y",,"P",
572,146908,"NAIL","Y","A metal spike for fixing one object to another.","P",
572,146909,"NAVIGATION BRIDGE","Y",,"P",
572,146910,"NAVIGATION LIGHT","Y",,"P",
572,146911,"NOTCHED JOINT","Y",,"P",
572,146912,"NUT","Y",,"P",
572,146926,"OUTRIGGER","Y",,"P",
572,146914,"OAR","Y",,"P",
572,146925,"OUTER SPRITSAIL YARD","Y",,"P",
572,146916,"OARLOCK","Y",,"P",
572,146917,"ORDNANCE FIXTURE","Y",,"P",
572,146918,"ORLOP DECK","Y",,"P",
572,146919,"ORNAMENTS AND MOULDINGS","N",,"P",
572,146920,"OUTER HULL PLANK","Y",,"P",
572,146921,"OUTER HULL PLATE","Y",,"P",
572,146922,"OUTER HULL SHORT PLANK","Y",,"P",
572,146923,"OUTER HULL SKIN","Y",,"P",
572,146903,"MIZZEN UPPER TOPSAIL","Y",,"P",
572,146913,"OAKUM","Y","Tarred hemp or manila fibres used for caulking the seams of the decks and sides of a wooden vessel to make it watertight. Oakum is usually made by unpicking old ropes.","P",
572,146949,"PILOTING EQUIPMENT","Y",,"P",
572,146947,"PILLAR","Y",,"P",
572,146882,"Mizen Yard","N",,"N",
572,146881,"Mizen Topmast Staysail","N",,"N",
572,146880,"Mizen Topmast","N",,"N",
572,146879,"Mizen Topgallant Staysail","N",,"N",
572,146878,"Mizen Topgallant Mast","N",,"N",
572,146877,"Mizen Topgallant","N",,"N",
572,146876,"Mizen Top Yard","N",,"N",
572,146884,"MIZZEN FUTTOCK SHROUD","Y",,"P",
572,146874,"Mizen Skysail","N",,"N",
572,146885,"MIZZEN GAFF","Y",,"P",
572,146873,"Mizen Royal Mast","N",,"N",
572,146872,"Mizen Royal","N",,"N",
572,146871,"Mizen Mast","N",,"N",
572,146870,"Mizen Lateen Course","N",,"N",
572,146869,"Mizen Gaff Topsail","N",,"N",
572,146868,"Mizen Gaff Course","N",,"N",
572,146867,"Mizen Gaff","N",,"N",
572,146866,"Mizen Course","N",,"N",
572,146865,"MIDDLE RAIL","Y",,"P",
572,146875,"Mizen Skysail Mast","N",,"N",
572,146895,"MIZZEN TOP YARD","Y",,"P",
572,146904,"MIZZEN YARD","Y",,"P",
572,146902,"MIZZEN TOPMAST STAYSAIL","Y",,"P",
572,146901,"MIZZEN TOPMAST SHROUD","Y",,"P",
572,146900,"MIZZEN TOPMAST","Y",,"P",
572,147043,"SISTER KEELSON","Y",,"P",
572,146899,"MIZZEN TOPGALLANT STAYSAIL","Y",,"P",
572,147001,"ROUND HEAD BOLT","Y",,"P",
572,146898,"MIZZEN TOPGALLANT SHROUD","Y",,"P",
572,146883,"MIZZEN COURSE","Y",,"P",
572,146896,"MIZZEN TOPGALLANT","Y",,"P",
572,146948,"PILLAR PLATE","Y",,"P",
572,146894,"MIZZEN SKYSAIL MAST","Y",,"P",
572,146893,"MIZZEN SKYSAIL","Y",,"P",
572,146892,"MIZZEN ROYAL MAST","Y",,"P",
572,146891,"MIZZEN ROYAL","Y",,"P",
572,146890,"MIZZEN MAST","Y",,"P",
572,146889,"MIZZEN LOWER TOPSAIL","Y",,"P",
572,146888,"MIZZEN LATEEN COURSE","Y",,"P",
572,146887,"MIZZEN GAFF TOPSAIL","Y",,"P",
572,146886,"MIZZEN GAFF COURSE","Y",,"P",
572,146897,"MIZZEN TOPGALLANT MAST","Y",,"P",
572,147118,"TOP","Y",,"P",
572,147127,"TRANSOM","Y",,"P",
572,147109,"THICKSTUFF","Y",,"P",
572,147110,"THIMBLE","Y",,"P",
572,147111,"THIRD FUTTOCK","Y",,"P",
572,147112,"THOLE PIN","Y",,"P",
572,147113,"THREE BLADED PROPELLER","Y",,"P",
572,147114,"THWART","Y",,"P",
572,147115,"TILLER","Y",,"P",
572,147107,"TENON","Y",,"P",
572,147117,"TOILET","Y",,"P",
572,147106,"TELEGRAPH","Y",,"P",
572,147119,"TOP RIDER","Y",,"P",
572,147120,"TOPCASTLE","Y",,"P",
572,147121,"TOPGALLANT","N",,"P",
572,147122,"TOPGALLANT SHROUD","Y",,"P",
572,147123,"TOPMAST SHROUD","Y",,"P",
572,147124,"TOPTIMBER","Y",,"P",
572,147125,"TORPEDO TUBE PORT","Y",,"P",
572,147041,"SINGLE BLOCK","Y","A block containing a single sheave, allowing one rope to be worked through it.","P",
572,147116,"TINGLE","Y",,"P",
572,147097,"STORM LAMP","Y",,"P",
572,147087,"STERN LIGHT LAMP","Y",,"P",
572,147088,"STERN LIGHT LANTERN","Y",,"P",
572,147089,"STERN PADDLE WHEEL","Y",,"P",
572,147090,"STERNCASTLE DECK","Y",,"P",
572,147091,"STERNPOST","Y",,"P",
572,147092,"STITCHING","Y",,"P",
572,147093,"STOCKLESS ANCHOR","Y",,"P",
572,147094,"STONE ANCHOR","Y",,"P",
572,147108,"TEXTILE SKIN","Y",,"P",
572,147096,"STOOL","Y",,"P",
572,147128,"TRANSOM KNEE","Y",,"P",
572,147098,"STRAKE","Y",,"P",
572,147099,"STRINGER","Y",,"P",
572,147100,"STUDDINGSAIL","N",,"P",
572,147101,"SUPERSTRUCTURE","Y","The constructions on board a vessel above the upper deck, including deck houses, conning towers etc.","P",
572,147102,"SWEEP","Y",,"P",
572,147103,"TABLE","Y",,"P",
572,147104,"TAFFRAIL","Y",,"P",
572,147105,"TARRED FLANNEL","Y",,"P",
572,147095,"Stone Ballast","N",,"N",
572,147160,"WINCH COVER","Y",,"P",
572,147126,"TORPEDO TUBE SHUTTER","Y",,"P",
572,147151,"WATERPROOFING FITTINGS","N",,"P",
572,147152,"WATERWAY","Y",,"P",
572,147153,"WEB FRAME","Y",,"P",
572,147154,"WEDGED TREENAIL","Y",,"P",
572,147155,"WELD","Y",,"P",
572,147156,"WHEEL","Y",,"P",
572,147157,"WHEELHOUSE","Y",,"P",
572,147149,"WALKWAY","Y",,"P",
572,147159,"WINCH","Y",,"P",
572,147148,"WALE","Y",,"P",
572,147161,"WIND ASSISTED PROPULSION SYSTEM","N",,"P",
572,147162,"WINDLASS","Y",,"P",
572,147163,"WINDOW","Y",,"P",
572,147164,"WING TRANSOM","Y",,"P",
572,147165,"WIRELESS TELEGRAPH","Y",,"P",
572,147166,"WOOD HULL SHEATHING","Y",,"P",
572,147167,"WOOD SKIN","Y",,"P",
572,147168,"YARD","Y",,"P",
572,147158,"WHIPSTAFF","Y",,"P",
572,147139,"UPPER TOPSAIL","N",,"P",
572,147129,"TREENAIL","Y",,"P",
572,147130,"TRESTLE TABLE","Y",,"P",
572,147131,"TRIPLE BLOCK","Y","A single shelled block containing three sheaves revolving on the same pin, allowing three ropes of equal thickness to be worked through it.","P",
572,147132,"TRIPLE RECIPROCATING ENGINE","Y",,"P",
572,147133,"TURBINE ENGINE","Y",,"P",
572,147134,"TURNBUCKLE","Y",,"P",
572,147135,"TWO BLADED PROPELLER","Y",,"P",
572,147136,"UPPER APRON PIECE","Y",,"P",
572,147150,"WALKWAY SUPPORT","Y",,"P",
572,147138,"UPPER STEM PIECE","Y",,"P",
572,147084,"STERN DECORATION","Y",,"P",
572,147140,"VENTILATION COWL","Y",,"P",
572,147141,"VENTILATION DUCT","Y",,"P",
572,147142,"VENTILATION FITTINGS","N",,"P",
572,147143,"VENTILATION HATCH","Y",,"P",
572,147144,"VENTILATION HATCH COVER","Y",,"P",
572,147145,"VENTILATION HATCH GRATING","Y",,"P",
572,147146,"VERY PISTOL","Y","A pistol used to fire pyrotechnic lights from on board a vessel or aircraft to indicate certain messages. In general they are confined to naval use to indicate particular signals.","P",
572,147147,"WAIST RAIL","Y",,"P",
572,147137,"UPPER DECK","Y",,"P",
572,147034,"SIDE LIFT","Y",,"P",
572,147086,"STERN LIGHT","Y",,"P",
572,147025,"SHEER STRAKE","Y",,"P",
572,147026,"SHEET","Y",,"P",
572,147027,"SHIP FITTINGS","N",,"P",
572,147028,"SHIP STRUCTURE","N",,"P",
572,147029,"SHIPS BOAT","N",,"P",
572,147030,"SHOE BLOCK","Y","A single shelled block with two sheaves revolving on pins at right angles to each other.","P",
572,147031,"SHORT TOPTIMBER","Y",,"P",
572,147023,"SEMAPHORE FLAG","Y",,"P",
572,147033,"SHROUD","Y",,"P",
572,147022,"SECOND FUTTOCK RIDER","Y",,"P",
572,147035,"SIDE PADDLE WHEEL","Y",,"P",
572,147036,"SIGNALLING EQUIPMENT","Y","Equipment used for identification, ship to ship, ship to shore, or ship to aircarft communications.","P",
572,147037,"SIGNALLING LAMP","Y","A lamp, usually with moveable shutters fitted over the bulb, used to signal to other vessels usually using morse code.","P",
572,147038,"SIGNALLING PISTOL","Y","A pistol used to fire flares or pyrotechnics to signal to other vessels.","P",
572,147039,"SILL BEAM","Y",,"P",
572,147040,"SINGLE BLADED PADDLE","Y",,"P",
572,147042,"SISTER BLOCK","Y",,"P",
572,147044,"SKELETON","Y",,"P",
572,147032,"SHOULDER BLOCK","Y",,"P",
572,147013,"SAILS AND RIGGING","N","Pieces of fabric used to catch the wind in order to move the vessel and the ropes, wire or chains used to work the sails or support the masts and yards.","P",
572,147003,"ROVE","Y",,"P",
572,147004,"ROWLOCK","Y",,"P",
572,147005,"ROYAL","N",,"P",
572,147006,"RUBBING STRAKE","Y",,"P",
572,147007,"RUDDER","Y",,"P",
572,147008,"RUDDER GUDGEON","Y",,"P",
572,147009,"RUDDER PINTLE","Y",,"P",
572,147010,"RUNNING RIGGING","N",,"P",
572,147024,"SHEATHED HULL","Y",,"P",
572,147012,"SAIL","Y",,"P",
572,147047,"SKYSAIL","N",,"P",
572,147014,"SANITATION FIXTURES","N",,"P",
572,147015,"SCARF JOINT","Y",,"P",
572,147016,"SCREW","Y",,"P",
572,147017,"SCUPPER","Y",,"P",
572,147018,"SCUPPER PIPE","Y",,"P",
572,147019,"SCUTTLE","Y",,"P",
572,147020,"SEAM COVERING PIECE","Y",,"P",
572,147021,"SECOND FUTTOCK","Y",,"P",
572,147011,"SACRIFICIAL ANODE","Y","A terminal, usually made of zinc, attached to the iron or steel hull of a vessel, from which a charge flows to inhibit corrosion whilst the anode gradually dissolves.","P",
572,147076,"STAY","Y",,"P",
572,147066,"SPRITSAIL (SQUARE)","Y",,"P",
572,147067,"SPRITSAIL YARD","Y",,"P",
572,147068,"SQUARE HEAD BOLT","Y",,"P",
572,147069,"SQUARE SAIL","N",,"P",
572,147070,"STABILIZER","Y",,"P",
572,147071,"STABILIZING FITTINGS","N",,"P",
572,147072,"STANDARD","Y",,"P",
572,147073,"STANDING RIGGING","N",,"P",
572,147045,"SKINNED HULL","Y",,"P",
572,147075,"STARBOARD LIGHT","Y",,"P",
572,147063,"SPRIT","Y",,"P",
572,147077,"STAYSAIL","Y",,"P",
572,147078,"STEERING GEAR","Y",,"P",
572,147079,"STEERING OAR","Y",,"P",
572,147080,"STEM","Y",,"P",
572,147081,"STEM BAR","Y",,"P",
572,147082,"STEMPOST","Y",,"P",
572,147083,"STEMSON","Y",,"P",
572,147002,"ROUND HEAD SCREW","Y",,"P",
572,147074,"STAPLE","Y",,"P",
572,147054,"SPANKER","Y",,"P",
572,147085,"STERN KNEE","Y",,"P",
572,147048,"SLAB LINE","Y",,"P",
572,147049,"SLEEPER","Y",,"P",
572,147050,"SLIDING DOOR","Y",,"P",
572,147051,"SLIDING DOOR DOORWAY","Y",,"P",
572,147052,"SNATCH BLOCK","Y","A block with an opening on the side enabling a rope to be fixed around the sheave.","P",
572,147053,"SONAR","Y",,"P",
572,146832,"MAIN TOP YARD","Y",,"P",
572,147065,"SPRITSAIL (FORE AND AFT)","Y",,"P",
572,147281,"SHEAVE","Y","A wheel or roller with a groove along its edge for holding a rope or cable which when hung between two supports and fitted with a rope or cable is used to make a pulley.","P",
572,147064,"SPRIT COURSE","Y",,"P",
572,147055,"SPAR","Y",,"P",
572,147056,"SPENCER","Y",,"P",
572,147057,"SPENCER MAST","Y",,"P",
572,147058,"SPIKE","Y","A sharp, pointed metal object.","P",
572,147059,"SPINNAKER","Y",,"P",
572,147060,"SPIRKETING","Y",,"P",
572,147061,"SPONSON","Y",,"P",
572,147062,"SPOTTING TOP","Y",,"P",
572,147046,"SKYLIGHT","Y",,"P",
572,146764,"INTERNAL COMBUSTION ENGINE","Y",,"P",
572,146604,"DECK PLANK","Y","A plank forming part of the deck.","P",
572,146596,"DEADEYE","Y","A circular block, usually made from lignum vitae, pierced with three holes and grooved around the circumference used to secure the end of a shroud to a chain plate.","P",
572,146597,"DEADLIGHT","Y","A hinged plate, usually of brass, iron or wood, inboard of a ship's scuttle or port, which can be lowered and secured with a butterfly nut to prevent damage to glass in heavy weather or conceal internal light from enemy vessels.","P",
572,146598,"DEADWOOD","Y","A block of timber, in both the bow and stern of a vessel, positioned just above the keel where the hull is narrow and the angle of the timbers at its most acute.","P",
572,146599,"DECK","Y","A floor running the length of a vessel or only part of it, connecting the sides and forming the roof of the compartments or holds.","P",
572,146600,"DECK BEAM","Y","A beam running athwartships forming part of a vessel's structure and supporting the deck.","P",
572,146601,"DECK BEAM BRACE","Y","A brace used to support and strengthen a deck beam.","P",
572,146602,"DECK CLAMP","Y","A timber fastened to the inside of a wooden vessel's side forming a support for the end of a deck beam.","P",
572,146603,"DECK HOUSE","Y","A cabin erected on the deck of a vessel.","P",
572,146573,"CODE FLAG","Y","A flag, usually coloured or patterned, which can be used to convey messages using a standard code. Each code flag's pattern or colour is different and can be used to represent a whole message, or a single word or letter in a message.","P",
572,163225,"HINGE","Y","Use for any hinge opening mechanism which may often be retrieved separately from the doors, portholes, lids or hatches to which they originally belonged in a maritime context.","P",
572,146593,"CRUTCH","Y","A rising knee fitted in the stern to connect the ends of the stringers and other longitudinal members.","P",
572,146605,"DECK PLATE","Y","A metal plate forming part of the deck.","P",
572,146606,"DECK TRANSOM","Y","A beam fastened across the stern post to strengthen the stern and give it shape. The deck transom is used to hold the ends of the lower deck planking.","P",
572,146607,"DECKHEAD LAMP","Y","A lamp fitted to the underside of the deck above to provide internal lighting in a vessel.","P",
572,146608,"Decking","N",,"N",
572,146609,"DECKLIGHT LAMP","Y","A lamp fitted above head height to provide external lighting on a vessel.","P",
572,146610,"DECKS AND COMPARTMENTS","N","The horizontal platforms and internal spaces on board a vessel.","P",
572,146611,"DECORATION","Y","Carved elements and mouldings designed to make a vessel more attractive.","P",
572,146612,"DERRICK","Y","A spar, fixed on board a vessel and pivoted at the lower end, fitted with a purchase and used like a crane for hoisting cargo and other heavy weights.","P",
572,160124,"TORPEDO TUBE","Y",,"P",
572,146584,"CONNING TOWER","Y","The superstructure of a submarine or warship from which the vessel can be piloted.","P",
572,146657,"FLAGSTAFF","Y","A pole or staff on which a flag is hoisted.","P",
572,146575,"COMMUNICATIONS EQUIPMENT","N","Equipment used to communicate from ship-to-ship, ship-to-shore or ship-to-aircraft.","P",
572,146576,"COMPANION LADDER","Y","Traditionally a ladder leading from the main deck to the quarterdeck. Nowadays used to mean any ladder leading from one deck to another.","P",
572,146577,"COMPANION WAY","Y","A staircase or ladder allowing movement between decks.","P",
572,146578,"COMPANION WAY COVER","Y","A hatch or grating covering the entrance to a companion way.","P",
572,146579,"Companion Way Grating","N",,"N",
572,146580,"Companion Way Stairway","N",,"N",
572,146581,"COMPARTMENT","Y","Any area, onboard a vessel, between the transverse bulkheads.","P",
572,146595,"DAVIT","Y","A small crane, derrick or pair of curved pillars, usually fitted on the deck close to the side of a vessel, used for raising and lowering lifeboats, anchors etc.","P",
572,146583,"COMPOUND RECIPROCATING ENGINE","Y",,"P",
572,146594,"DAGGERBOARD","Y","A drop keel, usually of wood or metal, which can be raised or lowered through a slot in a vessel's keel to increase the draught in order to reduce leeway.","P",
572,146585,"CORDAGE","Y","The collective term for all ropes and lines carried on board a vessel.","P",
572,146586,"COUNTER","Y","The arched section of the vessel curving aft and upwards from the wing transom and buttock to the stern above.","P",
572,146587,"COUNTER RAIL","Y","A rail running around the stern of a vessel.","P",
572,146588,"COURSE","N","A sail attached to the lower yards. Use more specific term.","P",
572,146589,"COVERING BOARD","Y","A board placed along the top edges of upper hull planking to close the spaces between the inner and outer hull planking between the frames.","P",
572,146590,"CRINGLE","Y","A small loop of rope, often with a metal ring or thimble, worked into the bolt rope of a sail. Cringles are used to hook in the tack and sheet tackles when a sail is reefed.","P",
572,146591,"CROSS BEAM","Y","A heavy timber running across the bitts in the bows of a vessel.","P",
572,146592,"CROSS PIECE","Y","A bar or timber connecting two bitts or knight-heads.","P",
572,146615,"DOCKING BRIDGE","Y","A bridge from which the captain, or officer of the watch, can supervise the docking of a vessel.","P",
572,146582,"COMPASS","Y","An instrument used for navigation and orientation showing magnetic or true north, and bearings.","P",
572,146647,"FIDDLEHEAD","Y","A carved stemhead in the form of a scrollturning aft and inwards like the head of a violin. Originally adopted by small sailing vessels with no figurehead as a piece of bow decoration.","P",
572,146613,"DIAPHRAGM PUMP","Y",,"P",
572,146638,"FAIRLEAD","Y","A device on a deck or spur, often in the form of a block, used to guide a rope and prevent it from cutting or chafing.","P",
572,146639,"FALSE KEEL","Y","An additional keel secured on the outside of the main keel to increse a vessel's draught. In older vessels false keels were also used to protect the vessel's hull in the event of running aground.","P",
572,146640,"FALSE STERNPOST","Y","An additional timber clamped to the sternpost to reinforce it.","P",
572,146641,"FASHION PIECE","Y","The aftermost timber in the underwater body of a wooden vessel which forms the shape of the stern.","P",
572,146642,"FASHION PLATE","Y","The aftermost plate in the underwater body of a metal vessel which forms the shape of the stern","P",
572,146643,"FASTENER","Y","An object to fasten, bind or join one item to another. Use more specific term where known.","P",
572,146644,"FASTENINGS","N","The means by which a ship structure is held together. Use appropriate narrow terms.","P",
572,146636,"EXTERNAL FRAME","Y","The main skeleton of a vessel to which the outer hull is attached.","P",
572,146766,"JACK STAFF","Y",,"P",
572,146635,"EXHAUST PIPE","Y",,"P",
572,146831,"MAIN SPENCER MAST","Y",,"P",
572,146649,"FILLET","Y","A piece of wood used to strengthen a joint or serve as a support to a surface.","P",
572,146650,"FILLING FRAME","Y",,"P",
572,146651,"FILLING PIECE","Y","A piece of timber forming part of a made mast.","P",
572,146652,"FILLING TRANSOM","Y",,"P",
572,146653,"FIRST FUTTOCK","Y","The timber, closest to the keel, forming part of the frame or rib in a wooden vessel.","P",
572,146654,"FIRST FUTTOCK RIDER","Y","An additional timber bolted to the first futtock to provide extra strength.","P",
572,146655,"FISH DAVIT","Y","A davit used in conjunction with a cat davit to hoist the fluke end of a stocked anchor to the billboard.","P",
572,146656,"FLAG","Y","A piece of cloth, usually flown from a staff or halyard, used as a standard, signal or ensign.","P",
572,146645,"FENDER","Y","An object, made from old cable, matting, rubber or plastic, which hangs over the side of a vessel to protect it against impact.","P",
572,146625,"Electric Handheld Lamp","N",,"N",
572,146572,"CLUE LINE","Y","A rope attached to the clues of a square sail, other than acourse, and used to pull the clues up and inwards when furling the sail.","P",
572,146616,"DOOR","Y","A barrier used to close an opening, usually hinged and often hung within a supporting frame.","P",
572,146617,"DOORWAY","Y","An opening between two spaces, filled by a door.","P",
572,146618,"DOUBLE BLADED PADDLE","Y","A paddle with a blade on either end. Usually used to propel a canoe or kayak.","P",
572,146619,"DOUBLE BLOCK","Y","A single shelled block containing two sheaves revolving on the same pin, allowing two ropes of equal thickness to be worked through it.","P",
572,146620,"DOWELLED BUTT JOINT","Y","A butt joint which is fixed using dowels inserted into the ends of the planks.","P",
572,146621,"DOWNHAUL","Y","A rope used for hauling down a jib or staysail when shortening sail.","P",
572,146622,"Electric Bulkhead Lamp","N",,"N",
572,146637,"EYE BOLT","Y","A bolt with an eye in the end to which the blocks of purchases can be hooked or a line secured.","P",
572,146624,"Electric Decklight Lamp","N",,"N",
572,146614,"DIMINISHING STRAKE","Y","A plank, forming part of the hull of a wooden vessel, which is thinner at one end.","P",
572,146626,"Electric Motor","N",,"N",
572,146627,"Electric Oven","N",,"N",
572,146628,"ENGINE","Y",,"P",
572,146629,"ENGINE EXHAUST SYSTEM","Y",,"P",
572,146630,"ENGINE POWER SOURCE","N",,"P",
572,146631,"ENGINE ROOM TELEGRAPH","Y","A device by which the engine room can communicate with the bridge or other parts of the vessel.","P",
572,146632,"ENSIGN","Y","The nation flag flown on a vessel.","P",
572,146633,"ENSIGN STAFF","Y","The flagstaff on which the ensign is flown.","P",
572,146634,"ESCUTCHEON","Y","The area in the middle of the stern of a vessel where the name and port of registry are inscribed.","P",
572,146623,"Electric Deckhead Lamp","N",,"N",
572,146519,"BOW RAIL","Y","A railing running around the front of a vessel.","P",
572,146509,"BONAVENTURE TOP YARD","Y","A yard mounted on the topmast on a bonaventure mast on older sailing vessels.","P",
572,146510,"BONAVENTURE TOPGALLANT","Y","That part of a mast mounted above the topmast on a bonaventure mast in older sailing vessels.","P",
572,146511,"BONAVENTURE TOPGALLANT YARD","Y","A yard mounted on the topgallant mast on a bonaventure mast on older sailing vessels.","P",
572,146512,"BONAVENTURE UPPER TOPSAIL","Y","The upper topsail set on a bonaventure mast on older sailing vessels.","P",
572,146513,"BONAVENTURE YARD","Y","A yard  mounted on a bonventure mast. Use more specific type where known.","P",
572,146514,"BOOBY HATCH","Y","A hatch, usually with a sliding cover which allows access to a storeroom or locker, or on smaller craft to the accommodation.","P",
572,146515,"BOOM","Y","A spar used to secure, and stretch out, the bottom of a sail.","P",
572,146516,"BOTTOM PLANK","Y","A plank laid fore and aft in the bottom of a vessel to take the weight of the crew or cargo off a vessel's planking and timbers.","P",
572,146574,"CODE PENNANT","Y","A triangular flag, usually coloured or patterned, which can be used to convey messages using a standard code. Each code flag's pattern or colour is different and can be used to represent a whole message, or a single number in a message.","P",
572,146518,"BOW DOOR","Y","A door in the front, or bow, of a vessel used for loading and unloading. Often found on ferries.","P",
572,146506,"BONAVENTURE LOWER TOPSAIL","Y","The lower topsail set on a bonaventure mast on older sailing vessels.","P",
572,146520,"BOW THRUSTER UNIT","Y","A propeller situated in a transverse tunnel, passing through the hull near the bow of a vessel.","P",
572,146521,"BOWCASTLE DECK","Y","A second deck in castling at the bow of a vessel above the level of the forecastle deck.","P",
572,146522,"BOWLINE","Y","A rope, that when hauled in, keeps the weather edge of a square sail taut and steady when a vessel is close-hauled to the wind.","P",
572,146523,"BOWSPRIT","Y","A spar projecting over the bow of a vessel to provide the means for staying the fore topmast and from which the jibs are set.","P",
572,146524,"BOX KEEL","Y","A keel made from plates in the form of a box. The plates being joined by riveting to angles bars.","P",
572,146525,"BOX KEELSON","Y","A keelson made from plates in the form of a box. The plates being joined by riveting to angles bars.","P",
572,146526,"BRACE","Y","A rope or wire attached by a block to a yard arm and used to adjust the yard in a horizontal plane.","P",
572,146527,"BRACKET KNEE PLATE","Y","A flat plate, triangular in shape, used to join a frame and a beam.","P",
572,146517,"BOW DECORATION","Y","Ornamentation used to enhance the appearance of the front, or bow, of a vessel.","P",
572,146497,"BOAT DAVIT","Y","A davit used for raising and lowering boats carried on board.","P",
572,146487,"BELFRY","Y","A housing for a vessels bell. Bells were used to announce the time every half hour and as a warning signal in fog or during emergencies.","P",
572,146488,"BELL","Y","A bell used to announce the time on board a vessel, and as a warning signal in fog and during emergencies.","P",
572,146489,"BENCH","Y","A long seat usually without a back. Often used to refer to a seat athwart a small boat.","P",
572,146490,"BILGE KEEL","Y","An external fin usually made from plates and angle bars riveted to the hull and designed to reduce roll and provide additional strength to a vessel's hull.","P",
572,146491,"BILLET HEAD","Y","Carved ornamentation at the bow of a vessel which does not have a figurehead.","P",
572,146492,"BINNACLE","Y","A short stand of wood or metal in which the compass is suspended, usually in gimbals, allowing it to remain horizontal regardless of the vessel's movement.","P",
572,146493,"BITT PIN","Y","A pin fitted through a cable bitt to prevent the cable from coming off.","P",
572,146494,"Bittacle","N",,"N",
572,146508,"BONAVENTURE ROYAL","Y","A square sail set above the topgallant on a bonaventure mast on older sailing vessels.","P",
572,146496,"BLOCK","Y","A pulley, comprising a shell, sheave and pin, through which a rope passes. Blocks are used for various purposes but particularly to increase the mechanical power of ropes used in working the sails.","P",
572,146507,"BONAVENTURE MAST","Y","On older sailing vessels, the fourth mast .","P",
572,146498,"BOILER","Y","A tank in which water is heated. In sailing vessels the boiler was used for hot water and domestic purposes. In steamships a boiler was used to generate steam under pressure to provide motive power to drive the engines.","P",
572,146499,"BOLT","Y","A metal pin, often with a screw thread and used in conjunction with a nut.","P",
572,146500,"BOLT ROPE","Y","A rope sewn around the edge of a sail to prevent the canvas from fraying or tearing.","P",
572,146501,"BONAVENTURE COURSE","Y","A square sail set on the lower yard of a bonaventure mast in older sailing vessels.","P",
572,146502,"BONAVENTURE GAFF","Y","A gaff mounted on a bonaventure mast.","P",
572,146503,"BONAVENTURE GAFF COURSE","Y","A fore and aft sail set on a gaff on the bonaventure mast in older sailing vessels.","P",
572,146504,"BONAVENTURE GAFF TOPSAIL","Y","A fore and aft sail, set above the course on the bonventure mast of older sailing vessels.","P",
572,146505,"BONAVENTURE LATEEN COURSE","Y","A fore and aft sail set on the lowest yard of a bonaventure mast on older sailing vessels.","P",
572,146530,"BRICK OVEN HOUSING","Y",,"P",
572,146495,"BLINDAGE","Y","A series of screens which could be erected along the waist of a ship to protect the crew from enemy fire.","P",
572,146562,"Channel","N",,"N",
572,146528,"BREADTH RIDER","Y","A additional timber mounted across the breadth of a vessel to strengthen the structure.","P",
572,146553,"CAULKING","Y","Fibres driven into the seams of a vessel's timbers and covered with pitch or resin to make the vessel watertight.","P",
572,146554,"CEILING PLANK","Y","A plank forming part of the floor or walls of a hold.","P",
572,146555,"CENTRE LINE LIFT","Y",,"P",
572,146556,"CENTREBOARD","Y","A board which can be lowered in a shallow draught vessel to increase the vessel's lateral area and keel thus increasing the resistance to leeway.","P",
572,146557,"Chain","N",,"N",
572,146558,"CHAIN PLATE","Y","A metal bar fixed below the chain wales to which the shrouds are secured.","P",
572,146559,"CHAIN PUMP","Y","A pump consisting of an endless chain fitted with valves, operated by a roller or winch manned by several men. A chain pump could move large quantities of water in a short time.","P",
572,146551,"Cauldron Cover","N",,"N",
572,146561,"CHAIR","Y","A single seat with a back and, sometimes, arms.","P",
572,146550,"CAULDRON","Y","A large pot used for boiling.","P",
572,146563,"Channel Wale","N",,"N",
572,146564,"CHOCK","Y","A wooden wedge used to prevent any stowed article from shifting whilst the vessel is in motion.","P",
572,146565,"CLEAT","Y","A bar, made of wood or metal, attached to the insides of the gunwales to which the sheets are fastened when a vessel is under sail.","P",
572,146566,"CLENCHED BOLT","Y","A bolt, the end of which has been bent over to secure it once it has passed through the timbers. Predates the threaded bolt.","P",
572,146567,"CLENCHED NAIL","Y","A nail, the end of which has been bent over to secure it once it has passed through the timbers.","P",
572,146568,"CLENCHED SPIKE","Y","A spike, the end of which has been bent over to secure it once it has passed through the timbers.","P",
572,146569,"Clew Line","N",,"N",
572,146570,"CLINKER PLANK","Y","A plank used in the construction of a clinker built vessel where the planks overlap.","P",
572,146571,"CLOSE STOWING ANCHOR","Y","An anchor with the stock in the same plane as the arms enabling it to be stowed flat on an anchor bed.","P",
572,146560,"CHAIN WALE","Y","A broad plank, projecting horizontally from the side of a vessel, used to spread the shrouds and provide better support for the mast.","P",
572,146540,"Candle Lantern","N",,"N",
572,146648,"FIGUREHEAD","Y","An ornamental carved and painted figure erected on the bow of a vessel as a decorative emblem. Usually signifying some aspect of the vessel's name or function.","P",
572,146531,"BRIDGE","Y","An elevated platform above the upper deck of a vessel from which it is navigated and from where all activities on the vessel can be monitored and controlled by the officer of the watch.","P",
572,146532,"BRIDGE TELEGRAPH","Y","A device used by the captain or officer of the watch to communicate with the engine room or other parts of the vessel.","P",
572,146533,"BULKHEAD","Y","An upright partition separating compartments within a vessel.","P",
572,146534,"BULKHEAD LAMP","Y","A lamp fixed to the bulkhead providing internal lighting.","P",
572,146535,"BULWARK","Y","The portion of a vessel's side above the level of the deck.","P",
572,146536,"BUNK","Y","A sleeping berth.","P",
572,146537,"BUNTLINE","Y","A rope attached to the footrope of a square sail used to spill the wind out of the sail for reefing or hoist the sail to the yard for furling.","P",
572,146552,"Cauldron Lid","N",,"N",
572,146539,"CABLE","Y","Originally any large hemp or wire rope or chain but now more normally, one to which the anchor is secured.","P",
572,146529,"BREASTHOOK","Y","A curved timber bolted across the inside of a vessel's stem to strengthen the fore part of the vessel and hold the bow and sides together.","P",
572,146541,"CANT FRAME","Y","A piece of timber set at an oblique angle rather than at right angles to the keel. Cant frames are found at both ends of the vessel, those at the bows incline toward the stem post and those at the stern incline toward the sternpost.","P",
572,146542,"CAPSTAN","Y","An upright cylindrical barrel revolving around a spindle used to wind cable on board ship. The capstan was turned manually by inserting bars into the drumhead at the top.","P",
572,146543,"CARLING","Y","A short piece of timber ranging fore and aft between beams to strengthen the vessel.","P",
572,146544,"CARVEL PLANK","Y","A plank used in carvel construction, where the edges of the planks are placed edge to edge and not overlapped (as in clinker construction).","P",
572,146545,"CAST METAL OVEN HOUSING","Y",,"P",
572,146546,"CASTLING","Y","Panels erected around the fighting platforms of a vessel to provide protection.","P",
572,146547,"CAT DAVIT","Y","A davit used to hoist the anchor from the waterline to the billboard.","P",
572,146548,"CATHEAD","Y","A short beam projecting over the bow of a vessel at the side of the bowsprit. The cathead held a sheave which took the tackle used to raise the anchor.","P",
572,146549,"CATHEAD SUPPORTER","Y","A hanging knee used to support the cathead.","P",
572,146538,"BUTT JOINT","Y","A joint in which planks or plates are joined end to end.","P",
572,146779,"KORT NOZZLE","Y",,"P",
572,146769,"JEWEL BLOCK","Y","A block at the end of the main and foretop yards through which the halyard of a studdingsail is run.","P",
572,146770,"JIB","Y",,"P",
572,146771,"JIB BOOM","Y",,"P",
572,146772,"JOINT","Y",,"P",
572,146773,"KEEL","Y",,"P",
572,146774,"KEELSON","Y",,"P",
572,146775,"KILLICK","Y",,"P",
572,146776,"KNEE","Y",,"P",
572,146788,"LEEBOARD","Y",,"P",
572,146778,"KNIGHTHEAD","Y",,"P",
572,146765,"JACK","Y",,"P",
572,146780,"LADDERWAY","Y",,"P",
572,146781,"LAMP","Y",,"P",
572,146782,"LANTERN","Y",,"P",
572,146783,"LANYARD","Y",,"P",
572,146784,"LATEEN SAIL","Y",,"P",
572,146785,"LAUNCH","Y",,"P",
572,146786,"LEAD BLOCK","Y",,"P",
572,146744,"HEADS","Y",,"P",
572,146777,"KNEE OF THE HEAD","Y",,"P",
572,146755,"HYDROPLANE","Y",,"P",
572,146745,"HEEL PLATE","Y",,"P",
572,146746,"HEXAGONAL HEAD BOLT","Y",,"P",
572,146747,"HINGED DOOR","Y",,"P",
572,146748,"HINGED DOOR DOORWAY","Y",,"P",
572,146749,"HORSE","Y",,"P",
572,146750,"HOUSED JOINT","Y",,"P",
572,146751,"HULL","Y",,"P",
572,146752,"HULL PLANK","Y",,"P",
572,146768,"JEER","Y",,"P",
572,146658,"FLARE","Y","A device, which when activated, gives off a bright light. Used as a signal.","P",
572,146767,"JACOBS LADDER","Y",,"P",
572,146646,"FIDDLE BLOCK","Y","A single shelled block containing two sheaves carried on separate pins one on top of the other. The lower portion of the shell is narrower and the whole lies flatter to a mast than a DOUBLE BLOCK.","P",
572,146757,"INNER HULL PLATE","Y",,"P",
572,146758,"INNER HULL SHORT PLANK","Y",,"P",
572,146759,"INNER HULL SKIN","Y",,"P",
572,146760,"INNER JIB","Y",,"P",
572,146761,"INNER STERNPOST","Y",,"P",
572,146762,"INSPECTIONWAY","Y",,"P",
572,146763,"INSPECTIONWAY COVER","Y",,"P",
572,146789,"LEECH LINE","Y",,"P",
572,146753,"HULL PLATE","Y",,"P",
572,146822,"MAIN MAST","Y",,"P",
572,146812,"MAGNETIC COMPASS","Y",,"P",
572,146813,"MAIN COURSE","Y",,"P",
572,146814,"MAIN DECK","Y",,"P",
572,146815,"MAIN FUTTOCK SHROUD","Y",,"P",
572,146816,"MAIN GAFF","Y",,"P",
572,146817,"MAIN GAFF COURSE","Y",,"P",
572,146818,"MAIN GAFF TOPSAIL","Y",,"P",
572,146819,"MAIN JEER CAPSTAN","Y",,"P",
572,146787,"LEDGE","Y",,"P",
572,146821,"MAIN LOWER TOPSAIL","Y",,"P",
572,146809,"LOWER TOPSAIL","N",,"P",
572,146823,"MAIN RAIL","Y",,"P",
572,146824,"MAIN ROYAL","Y",,"P",
572,146825,"MAIN ROYAL MAST","Y",,"P",
572,146826,"MAIN ROYAL STAY","Y",,"P",
572,146827,"MAIN ROYAL STAYSAIL","Y",,"P",
572,146828,"MAIN ROYAL STUDDINGSAIL","Y",,"P",
572,146829,"MAIN SKYSAIL","Y",,"P",
572,146830,"MAIN SKYSAIL MAST","Y",,"P",
572,146820,"MAIN LATEEN COURSE","Y",,"P",
572,146800,"LODGING KNEE","Y",,"P",
572,146790,"LIFE SAVING EQUIPMENT","Y",,"P",
572,146791,"LIFEBOAT","Y",,"P",
572,146792,"LIFEBUOY","Y",,"P",
572,146793,"LIFEJACKET","Y",,"P",
572,146794,"LIFERAFT","Y",,"P",
572,146795,"LIFT","Y",,"P",
572,146796,"LIFTING GEAR","Y",,"P",
572,146797,"LIGHTING","Y",,"P",
572,146811,"LUGSAIL","Y",,"P",
572,146799,"LINE","Y","Cordage, formed of two or more strands of hemp, less than one inch in circumference.","P",
572,146810,"LUG","Y",,"P",
572,146801,"LONG TOPTIMBER","Y",,"P",
572,146802,"LONGBOAT","Y",,"P",
572,146803,"LONGITUDINAL SUPPORT","N","Any rigging used to give support to the masts along the length of the vessel and to hold the mast firmly in place in the fore-and-aft direction.","P",
572,146804,"LOWER APRON PIECE","Y",,"P",
572,146805,"LOWER DECK","Y",,"P",
572,146806,"LOWER RAIL","Y",,"P",
572,146807,"LOWER STEM PIECE","Y",,"P",
572,146808,"LOWER STUDDINGSAIL","Y",,"P",
572,146754,"HULL SKIN","Y",,"P",
572,146798,"LIMBER BOARD","Y",,"P",
572,146691,"FORE TOPMAST STAYSAIL","Y",,"P",
572,146701,"FOURTH FUTTOCK","Y",,"P",
572,146682,"FORE STAYSAIL","Y","A fore and aft sail hanked to the fore stay.","P",
572,146683,"FORE TOP YARD","Y","The yard mounted on the fore topmast.","P",
572,146684,"FORE TOPGALLANT","Y","A square sail set on the topgallant yard of the fore mast.","P",
572,146685,"FORE TOPGALLANT MAST","Y","The portion of the fore mast above the topmast and below the royal.","P",
572,146686,"FORE TOPGALLANT SHROUD","Y",,"P",
572,146687,"FORE TOPGALLANT STUDDINGSAIL","Y","An additional sail set on the topgallant yard of the fore mast in fair weather.","P",
572,146688,"FORE TOPGALLANT YARD","Y","The yard mounted on the topgallant of the fore mast.","P",
572,146680,"FORE SKYSAIL","Y","A light-weather sail set above the royal on the fore mast.","P",
572,146756,"INNER HULL PLANK","Y",,"P",
572,146679,"FORE ROYAL STUDDINGSAIL","Y","An additional sail set on the royal mast of the fore mast in fine weather.","P",
572,146743,"HEAD RAIL","Y",,"P",
572,146693,"FORE UPPER TOPSAIL","Y",,"P",
572,146694,"FORE YARD","Y","The yard mounted on the fore mast.","P",
572,146695,"FORECASTLE","Y","The forward part of the upper deck extending from the bow to the fore mast.","P",
572,146696,"Forecastle Deck","N",,"N",
572,146697,"FOREFOOT","Y",,"P",
572,146698,"FORESTAY","Y",,"P",
572,146699,"FORKED BEAM","Y",,"P",
572,146700,"FOUR BLADED PROPELLER","Y",,"P",
572,146689,"FORE TOPMAST","Y","The portion of the fore mast below the topgallant.","P",
572,146669,"FORE FUTTOCK SHROUD","Y",,"P",
572,146659,"FLAT HEAD SCREW","Y",,"P",
572,146660,"FLEMISH HORSE","Y",,"P",
572,146661,"FLOATING BULWARK","Y","A section of the bulwark which is hinged allowing access onto the deck.","P",
572,146662,"FLOOR RIDER","Y","An additional timber used to provide support for a floor beam.","P",
572,146663,"FLOOR TIMBER","Y","A plank forming part of a deck floor.","P",
572,146664,"FLYING JIB","Y","The foremost of the sails set on a stay extending from the foremast to the jib boom or bowsprit.","P",
572,146665,"FLYING JIB BOOM","Y","A continuation of the jib boom to the end of which the tack of the flying jib is hauled.","P",
572,146666,"FOGHORN","Y","A signalling device emitting a loud noise to warn shipping in foggy weather.","P",
572,146681,"FORE SKYSAIL MAST","Y","The uppermost portion of the fore mast on which a skysail is set in fair weather.","P",
572,146668,"FORE COURSE","Y","A square sail set on the lowest yard of the foremast.","P",
572,146692,"FORE TOPMAST STUDDINGSAIL","Y","An additional sail set on the topmast yard of the fore mast in fair weather.","P",
572,146670,"FORE GAFF","Y",,"P",
572,146671,"FORE GAFF COURSE","Y","A fore and aft sail set on a gaff on the foremast.","P",
572,146672,"FORE GAFF TOPSAIL","Y","A fore and aft sail set on a gaff mounted on the topmast of the foremast.","P",
572,146673,"FORE JEER CAPSTAN","Y",,"P",
572,146674,"FORE LATEEN COURSE","Y","A fore and aft sail set on a yard on the foremast.","P",
572,146675,"FORE LOWER TOPSAIL","Y",,"P",
572,146676,"FORE MAST","Y","The forward mast on a vessel with two or more mast.","P",
572,146677,"FORE ROYAL","Y","A square sail set on the fore mast above the topgallant.","P",
572,146678,"FORE ROYAL MAST","Y","The portion of the fore mast below the skysail.","P",
572,146667,"FORE AND AFT SAIL","N","Any sail which is rigged so that the luff of the sail abuts the mast or is attached to a stay. The sail can be extended by a boom at the foot and a gaff at the head or by a single sprit or yard.","P",
572,146734,"HATCHWAY COVER","Y",,"P",
572,146724,"HALVING JOINT","Y",,"P",
572,146725,"HALYARD","Y",,"P",
572,146726,"HAMMOCK","Y",,"P",
572,146727,"HANDHELD LAMP","Y",,"P",
572,146728,"HANGING BRACKET","Y",,"P",
572,146729,"HANGING KNEE","Y",,"P",
572,146730,"HATCH","Y",,"P",
572,146702,"FRAME","Y",,"P",
572,146723,"HAIR","Y",,"P",
572,146690,"FORE TOPMAST SHROUD","Y",,"P",
572,146731,"Hatch Coaming","N",,"N",
572,146735,"HATCHWAY GRATING","Y",,"P",
572,146736,"HATCHWAY TARPAULIN","Y",,"P",
572,146737,"HAWSE HOLE","Y",,"P",
572,146738,"HAWSE PIECE","Y",,"P",
572,146739,"HAWSE PIPE","Y",,"P",
572,146740,"HAWSEHOOK","Y",,"P",
572,146741,"HEAD LEDGE","Y",,"P",
572,146742,"HEAD PLATE","Y",,"P",
572,146732,"HATCHES AND PORTS","N","Openings in the decks and sides of a vessel, used for access, loading, light and ventilation.","P",
572,146709,"FUTTOCK","Y",,"P",
572,146733,"HATCHWAY","Y",,"P",
572,146704,"FRAME CROSS CHOCK","Y",,"P",
572,146705,"FRAMING COMPONENTS","N","Parts defining the strength and shape of the structure of a vessel  and which provide the framework for the vessel's planking or plating.","P",
572,146706,"FUNNEL","Y",,"P",
572,146708,"FURNITURE","Y",,"P",
572,146703,"FRAME BUTT CHOCK","Y",,"P",
572,146710,"FUTTOCK SHROUD","Y",,"P",
572,146711,"GAFF","Y",,"P",
572,146712,"GAFF MAINSAIL","Y",,"P",
572,146713,"GAFF SAIL","Y",,"P",
572,146715,"GALLEY","Y",,"P",
572,146716,"GAMMONING","Y",,"P",
572,146717,"GANGPLANK","Y",,"P",
572,146718,"GARBOARD STRAKE","Y",,"P",
572,146719,"GUARDRAIL","Y",,"P",
572,146720,"GUN PORT","Y",,"P",
572,146721,"GUN PORT LID","Y",,"P",
572,146714,"GAFF TOPSAIL","Y",,"P",
572,146707,"FURNACE","Y",,"P",
572,146722,"GYRO COMPASS","Y",,"P",
