THE_TE_UID,TERM,INDEX_TERM,SCOPE_NOTE,CLA_GR_UID,STATUS,IMAGE_EXISTS
151054,"RESERVOIR",Y,"A body of water or other liquid, wholly or partly artificial and sometimes covered, used to collect and store water, or other liquid for a particular function. Most often for the collection and supply of water for public and industrial use.",571,P,"-"
151055,"SEA DEFENCE",Y,"Non-military artificial structure designed to counter losses to coastal land from the erosive forces of the sea. May work directly to withstand those forces along a defined line, or they may seek to dissipate them in the inter-tidal zone.",571,P,"-"
151056,"WATERWORKS",Y,"Buildings, engineering constructions and machinery, used for the purpose of supplying a town, or region with water distributed through pipes.",571,P,"-"
151057,"DAM",Y,"A structure built to form a barrier to restrain water or other liquid (including waste), raising its level on one side, to prevent flooding or to form a reservoir.",571,P,"-"
151058,"SEA WALL",Y,"A form of sea defence, may be of hard and strong material (eg concrete) or an earthen bank constructed on the landward part of a coast to reduce the effects of strong waves.",571,P,"-"
151059,"BREAKWATER",Y,"A structure which protects a beach or harbour by breaking the force of waves. It may be constructed entirely offshore at a strategic location or with one end attached to land. Commonly associated with ports and navigable river mouths.",571,P,"-"
151060,"SEWAGE WORKS",Y,"An area in which local sewage is filtered and purified in large rectangular or circular tanks.",571,P,"-"
151061,"GROYNES",Y,"A series of structures extending into the sea for the purpose of preventing further lateral movement of washed up sand and shingle.",571,P,"-"
151062,"CITY HALL",Y,"A large building, often with directly associated and usually defined grounds, used for the transaction of the public business of a city, the holding of courts of justice, entertainments and other activities.",571,P,"-"
151063,"TOWN HALL",Y,"A large building and directly associated and usually defined grounds used for the transaction of the public business of a town, the holding of courts of justice, entertainments and other activities.",571,P,"-"
151064,"CIVIC CENTRE",Y,"A building or complex often with several buildings where municipal offices and other public buildings are situated.",571,P,"-"
151065,"SCHOOL",Y,"Primary and secondary educational establishments, buildings and directly associated and usually defined grounds, including car parking etc.",571,P,"-"
151066,"UNIVERSITY CAMPUS",Y,"Educational establishments awarding degrees and undertaking research. Includes buildings and directly associated and usually defined grounds.",571,P,"-"
151067,"COLLEGE CAMPUS",Y,"Buildings and grounds of secondary or tertiary educational establishments, below the status of universities.",571,P,"-"
151068,"HOSPITAL",Y,"Establishment (buildings and directly associated grounds) providing care to casualties and the seriously or chronically ill.",571,P,"-"
151069,"WORKHOUSE",Y,"Establishment (buildings and directly associated and usually defined grounds) where the community's poor were maintained at public expense, and provided with labour.",571,P,"-"
151070,"CEMETERY",Y,"Place, usually defined, where the dead are carefully and respectfully placed, usually via interment.",571,P,"-"
151072,"CHAPEL",Y,"Place of Christian worship; can include non-conformist (and non-parochial) churches (q.v.) and privately owned chapels. Includes immediately associated and usually physically defined land.",571,P,"-"
151073,"MOSQUE",Y,"Place (buildings and directly associated, usually defined, grounds) of Islamist or Mohammedan worship.",571,P,"-"
151074,"SYNAGOGUE",Y,"Place of worship (buildings and directly associated and usually defined grounds) for communities of Jews.",571,P,"-"
151075,"CHURCH",Y,"Place of Christian worship, usually serving a parish. includes churchyard and immediately related features.",571,P,"-"
151076,"SHOPPING STREET",Y,"Street (often with associated back yards etc) predominantly fitted with retail outlets.",571,P,"-"
151077,"SHOPPING CENTRE",Y,"Area largely devoted to retail; typically at a hub within a town or city.",571,P,"-"
151078,"RETAIL PARK",Y,"Area designed for retailing, often at the edge of an urban area convenient for private transport.",571,P,"-"
151079,"BUSINESS PARK",Y,"Area designed to accommodate several businesses, usually non-industrial, but normally not exclusively retail.",571,P,"-"
151080,"GARDEN CENTRE",Y,"A place, buildings and directly associated grounds, where gardening tools, plants, etc, are sold.",571,P,"-"
151081,"AIRFIELD",Y,"Small-scale commercial or private field used for air travel, mainly fixed-wing.",571,P,"-"
151082,"RUNWAY",Y,"Take-off and landing lane with permanent surface.",571,P,"-"
151084,"AIRPORT",Y,"Large-scale commercial base for air travel.",571,P,"-"
151085,"CONTROL COMPLEX",Y,"Buildings and associated structures and areas for safely guiding air traffic into and out of an airport.",571,P,"-"
151086,"TERMINAL BUILDING",Y,"A building within a transport terminal, often associated with the registration and clearing of incoming and outgoing passengers or freight. Also used for waiting and so often provided with commercial outlets and other facilities.",571,P,"-"
151087,"CANAL",Y,"Artificial watercourse, usually connecting existing watercourses or bodies, constructed for the purpose of inland navigation and transportation or irrigation. Nowadays also used for recreational purposes.",571,P,"-"
151088,"NAVIGABLE RIVER",Y,"Length of river sufficiently deep for regular use by water transport and traffic.",571,P,"-"
151089,"HELIPORT",Y,"Field or plot, often with hangars and other buildings, used for commercial or private helicopter travel.",571,P,"-"
151090,"INLAND WATERWAY",Y,"Natural and artificial passages for inland waterborne travel and transport.",571,P,"-"
151091,"DOCKYARD",Y,"An area of wet or dry docks, storage areas and workshops for the building, repair, fitting, loading and unloading of ships and therefore situated on a sea coast or estuary.",571,P,"-"
151092,"DRY DOCK",Y,"A stone-faced enclosure, with entrance closed by a floatable caisson or by gates, which can be pumped dry for inspection, maintenance, or repair of the hull or underwater fittings of a ship or ships.",571,P,"-"
151093,"WET DOCK",Y,"An artificial structure or group of structures enclosing an area of water which was impounded by lock gates to maintain water levels artificially, facilitating the loading, unloading, building or repair of ships.",571,P,"-"
151094,"QUARANTINE AREA",Y,"An area, often linked to a port, where a period of detention was imposed on travellers or voyagers suspected of carrying infectious diseases before they were allowed to enter a country or town.",571,P,"-"
151095,"JETTY",Y,"A pier-like structure situated at a harbour entrance or running out into the sea or a lake, whose purpose is often to control tidal flow and sedimentation but may also serve as a berthing point for boats and shipping.",571,P,"-"
151096,"QUAY",Y,"An artificial bank or landing place, largely of solid construction, built parallel to, or projecting out from, the shoreline to facilitate the loading and unloading of vessels.",571,P,"-"
151097,"WORKING PIER",Y,"A raised platform generally of iron or wood, supported on spaced pillars or props and projecting out into the sea; designed to facilitate the transfer of cargo and/or passengers on and off shipping.",571,P,"-"
151098,"SLIPWAY",Y,"A structure inclined towards the water on which a ship may be built or lowered into the water.",571,P,"-"
151099,"CONTAINER TERMINAL",Y,"An area of a port, dock or harbour where cargo vessels load and unload large storage containers. Includes associated container storage areas and rail terminals for containers transported to the terminal by rail.",571,P,"-"
151100,"FERRY TERMINAL",Y,"An area of a port, dock or harbour, often including buildings for passport control, customs and for sheltered waiting and storage, where passengers and vehicles using ferry services can embark/disembark and where supplies can be taken on board.",571,P,"-"
151101,"NAVIGATION ROUTE",Y,"Routes regularly used by vessels of any description while navigating between destinations. May be defined by usage or in some areas, formally defined by regulation.",571,P,"-"
151102,"COMMERCIAL SHIPPING ROUTE",Y,"Route regularly used by ships engaged in commerce or trade. May be defined by usage or in some areas, formally defined by regulation. Distinguished from the Navigation route Sub-character Type by the association with commerical shipping.",571,P,"-"
151103,"FERRY CROSSING",Y,"A regular commercial passenger route across an area of sea, estuary, river or lake, or an area of port, dock or harbour. Includes chain link ferry crossings.",571,P,"-"
151104,"DREDGED AREA",Y,"An area from which sediments have been removed to ensure a safe depth of water in channels and berths for navigational purposes or to mitigate risk of flooding or protect a sensitive habitat.",571,P,"-"
151105,"ANCHORAGE",Y,"An area of sea or coast where vessels anchor, often provided by sheltered conditions afforded by the topography of the nearby coast. They are often located along coastlines within bays or areas sheltered from prevailing winds and/or strong currents.",571,P,"-"
151106,"WRECK HAZARD",Y,"Relates to the area of the hazard which may include a single wreck or a cluster of several. Wrecks have greatest relevance from their roles as hazards to navigational activity, or as indicators of areas and routes of past navigational or trading activity.",571,P,"-"
151107,"SHALLOWS",Y,"An area of the sea, a lake, or a river where the water is not very deep.",571,P,"-"
151108,"LIGHTHOUSE",Y,"A tower or structure, with a powerful light or lights at the top, usually erected at an important or dangerous point on or near the sea-coast for the warning and guidance of mariners, but may also be sited inland.",571,P,"-"
151109,"BUOYAGE",Y,"Floating, fixed markers indicating to a navigator a sea area to approach or avoid. Single or arrangements of buoys, beacons and lights are often used to demarcate safely navigable entrances to estuaries and rivers, submerged hazards and foul areas.",571,P,"-"
151110,"COASTGUARD STATION",Y,"A building or group of buildings situated close to the sea used by coastguards, or a volunteer coastwatch, to enable them to monitor the coastline.",571,P,"-"
151111,"LIFEBOAT STATION",Y,"A building designed to house a lifeboat, usually with a ramp to launch the boat into the sea.",571,P,"-"
151112,"ROCKET STATION",Y,"A coastal site containing equipment that enabled a lifeline to be fired at stricken ships that were close to the coastline.",571,P,"-"
151113,"ROAD",Y,"A way suitable for wheeled transport.",571,P,"-"
151114,"RAILWAY",Y,"System of rail tracks along which passenger carriages or goods wagons are moved, usually by locomotive engines. Usually includes beds, cuttings, embankments, tunnels etc.",571,P,"-"
151115,"RAILWAY STATION",Y,"Where railway trains stop to load and unload passengers or freight. Includes buildings and directly related grounds.",571,P,"-"
151116,"RAILYARD",Y,"Complex, often attached to a railway station where engines, coaches and wagons are laid up and maintained.",571,P,"-"
151117,"MOTORWAY",Y,"Large multiple carriageway for fast-moving motor traffic, continuing for long distances without traffic intersections and subject to legally specified 'motorway regulations'.",571,P,"-"
151118,"TRUNK ROAD",Y,"Large road, often multiple carriagewayed, linking significant places.",571,P,"-"
151120,"CAR PARK",Y,"Area for parking motor vehicles; usually with permanent surfacing, sometimes in purpose-built multi-storey buildings.",571,P,"-"
151122,"LAKE",Y,"An inland body of fresh water. Lakes generally refer to larger examples, ponds to smaller, but there is no clear break along the gradation between the two.",571,P,"-"
151123,"LAGOON",Y,"A body of shallow salt, brackish or fresh water totally or partially enclosed from the sea by a sand bar, spit or reef running across the entrance.",571,P,"-"
151124,"POND",Y,"An inland body of fresh water. Ponds generally refer to smaller examples, lakes to larger, but there is no clear break along the gradation between the two. Ponds are often artificial and made for a specific purpose.",571,P,"-"
151125,"MERE",Y,"A shallow lake that is broad in relation to its depth",571,P,"-"
151126,"CREEK",Y,"A small inlet on a sea coast or estuary, its sediments often exposed at low tide. Sometimes applied to a river tributary or stream.",571,P,"-"
151128,"SUBMERGED FOREST",Y,"Tracts of submerged land retaining macrofossil evidence, often in situ, for former woodland and other woody vegetation cover.",571,P,"-"
151129,"CLIFF",Y,"A tall, steep and largely exposed face of the local geological formation, usually of rock though in some areas cliffs may form from erosion of softer materials such as boulder clay.",571,P,"-"
151131,"MOUNTAIN",Y,"A large, steep elevation in the earth's surface with a relatively small surface area on its summit.",571,P,"-"
151132,"MOORLAND",Y,"Poorly drained land, can include uplands with extensive blanket bog or low-lying damp unimproved ground. Used for rough grazing, occasionally for hay-making, and where peat was cut as a source of turf for domestic fuel.",571,P,"-"
151133,"MARSH",Y,"Low-lying land often covered by water and usually with peaty vegetation. Used seasonally for grazing. Historically, peat was sometimes cut as domestic fuel and the area also used for trapping wildfowl.",571,P,"-"
151134,"CARR",Y,"An area of fenland that has become overgrown with trees or shrubs. Normally the result of natural succession, and thus regarded as a form of ancient woodland.",571,P,"-"
151136,"NATURAL GAS FIELD",Y,"A site where natural gas produced by geological processes is extracted from deep beneath the earth's surface.",571,P,"-"
151137,"OIL FIELD",Y,"An area from which oil produced by geological processes is extracted from deep beneath the earth's surface.",571,P,"-"
151138,"SALT WORKS",Y,"A site, building or factory used for the production of salt.",571,P,"-"
151139,"NAVAL DOCKYARD",Y,"A naval base that builds, repairs, docks or converts warships and is manned by civilian engineers and workers and administered by engineer duty officers.",571,P,"-"
151140,"ORCHARD",Y,"An enclosed area of land or garden for the growing of fruit-bearing trees.",571,P,"-"
151141,"VINEYARD",Y,"An area of land and associated buildings where grapevines are cultivated.",571,P,"-"
151142,"ORNAMENTAL GARDEN",Y,"A garden that has been designed for the purpose of aesthetic pleasure, rather than the production of crops and usually an element of ornamentally designed landscapes.",571,P,"-"
151143,"FORMAL GARDEN",Y,"A garden of regular, linear or geometrical design, often associated with the traditional Italian, French and Dutch styles. Usually either adjacent to the house or within the pleasure grounds.",571,P,"-"
151144,"ARBORETUM",Y,"A botanical garden, as an element of a designed or ornamental landscape, designed specifically for the cultivation and display of, often rare, trees.",571,P,"-"
151145,"MARINA",Y,"A dock or basin on the coast, an estuary or an inland waterway, used for mooring yachts and other small pleasure craft.",571,P,"-"
151146,"PROMENADE",Y,"A designed open space within or extending from a settlement area, usually linear and specifically intended for strolling and public walks with good coastal views; they commonly form part of the planned complex of facilities of a coastal resort.",571,P,"-"
151147,"HOLIDAY PARK",Y,"Areas dominated by commercial complex(es) encompassing lightly-built holidaymaker's accommodation and associated facilities, sometimes including entertainment areas.",571,P,"-"
151148,"ZOO",Y,"An enclosed area where wild animals are bred, studied and exhibited to the public.",571,P,"-"
151149,"CARAVAN SITE",Y,"An area providing space for those with caravans or similar recreational vehicles to park. Sometimes with associated facilities such as power points, toilet blocks etc.",571,P,"-"
151150,"CAMP SITE",Y,"An area dedicated to camping, providing space for individuals to park vehicles and pitch tents often with associated facilities such as toilets and shower blocks.",571,P,"-"
151151,"GOLF COURSE",Y,"A landscaped area of ground, encompassing different types of terrain and features, such as ponds, sand-filled bunkers etc, on which the game of golf is played.",571,P,"-"
151152,"BOWLING GREEN",Y,"An area of closely mown lawn measured out and appropriately marked for use in the game of flat or crown green bowling.",571,P,"-"
151154,"CRICKET PITCH",Y,"An area of grass, marked out for use in the game of cricket.",571,P,"-"
151155,"SAFARI PARK",Y,"An area of parkland where animals are exhibited to the public but, unlike a zoo where they would occupy cages or small enclosures, are allowed to roam a large open environment.",571,P,"-"
151157,"CONFERENCE CENTRE",Y,"A purpose-built, or modified, building and directly associated grounds for organisations and associations to meet for presentations and consultation.",571,P,"-"
151158,"EXHIBITION CENTRE",Y,"A complex, including large covered areas, used for housing public displays.",571,P,"-"
151159,"COUNTRY PARK",Y,"An area of managed countryside designated for visitors to enjoy recreations, such as walking specified parks and trails, in a rural environment. Often provides public facilities such as car parking, toilets, cafes and visitor information.",571,P,"-"
151161,"STADIUM",Y,"A large, usually unroofed, sports ground surrounded by spectator seating arranged in tiers or terraces.",571,P,"-"
151163,"HANGARS",Y,"Large sheds for the housing and maintainence of aircraft, etc.",571,P,"-"
151164,"SERVICE STATION",Y,"A commercial complex, usually sited along motorways or trunk roads, providing facilities such as car parking, restaurants, shop and fuel stations.",571,P,"-"
151165,"ENGINE SHED",Y,"Long sheds, into which railway lines run, used to house railway engines.",571,P,"-"
151166,"RAILWAY SIDING",Y,"A short piece of track lying parallel to the main railway line enabling trains and trucks to either pass one another or be parked when not in use.",571,P,"-"
151168,"ROAD JUNCTION COMPLEX",Y,"A place where several roads meet, often negotiated using roundabouts.",571,P,"-"
151169,"PADDOCKS",Y,"An enclosed field for horses. Usually a modern adaptation of part of an early field system.",571,P,"-"
151170,"MEADOW",Y,"Permanent grassland, usually enclosed with stock-proof boundaries. Low-lying and damp or hard by farmstead, receiving yard dung. Ideally lush, and mown for hay. Also secure convenient grazing for young or sickly livestock. Common or individually held.",571,P,"-"
151171,"STUD FARM",Y,"A farm where racehorses are bred and stabled.",571,P,"-"
151173,"OPEN FIELD SYSTEM",Y,"System of fields in which several farmers held land in common, intermixed in narrow strips assessable via length and width, with low or no separating boundaries. Mostly medieval. Few survive. Lost to piecemeal or planned enclosure, 13th - 20th century.",571,P,"-"
151176,"CROFT",Y,"Meaning varies: In Scotland a holding of enclosed farmland, in Cornwall later medieval and post-medieval enclosure containing rough ground used for grazing and furze. In central England a strip of garden attached to a messuage in a medieval village.",571,P,"-"
151177,"PARLIAMENTARY ENCLOSURE",Y,"Field patterns usually rectilinear and regular with straight boundaries and access lanes, fixed by surveyors, resulting from Parliamentary Enclosure of large areas of common arable (open fields) and rough ground. Mainly 18th and 19th centuries.",571,P,"-"
151178,"LADDER FIELD SYSTEM",Y,"A holding's fields contained within two long, usually perfectly straight boundaries extending outwards from a farmstead; often parallel, but sometimes splayed. Divided by cross boundaries into fields. Usually post-medieval or modern.",571,P,"-"
151179,"REGULAR COAXIAL FIELD SYSTEM",Y,"Coaxial field system in which boundaries tend towards the straight (rather than the sinuous) and so form patterns dominated by quite rectangular fields.",571,P,"-"
151180,"IRREGULAR COAXIAL FIELD SYSTEM",Y,"A coaxial field system characterised by primary boundaries that are slightly sinuous.",571,P,"-"
151181,"DUAL AXIS COAXIAL FIELD SYSTEM",Y,"A coaxial field system with two perpendicular lines of axis, forming a grid-like field pattern. Often possible to establish a more dominant axis.",571,P,"-"
151182,"SQUATTER ENCLOSURE",Y,"A small, irregular enclosure taken from formerly open land, usually common land. Sometimes associated with industrial activity and/or routes of access. Normally later medieval or early post-medieval.",571,P,"-"
151184,"PRISON",Y,"An establishment (buildings and directly associated and usually defined grounds) where offenders are confined.",571,P,"-"
151186,"RAISED BOG",Y,"A bog which has developed from a lake or flat marshy area where the silt and/or peat has built up to such an extent that a shallow dome of raised peat is formed. The dome is often surrounded by strips of fen or other wetland vegetation at the edges.",571,P,"-"
151187,"MUDFLAT",Y,"Areas of relatively mobile, thick deposits of clays, silts, organic detritus and some very fine sand content, submerged at high tide and exposed at low tide, and often expressed as areas of muddy banks in sheltered areas along estuary sides.",571,P,"-"
151189,"STONE QUARRY",Y,"An excavation from which stone for building, hardcore, hedging etc is obtained by cutting, blasting, hoisting, crushing, dressing etc.",571,P,"-"
151190,"CEMENTSTONE QUARRY",Y,"A site where cementstone nodules are extracted.",571,P,"-"
151191,"GRANITE QUARRY",Y,"A place from which granite is excavated.",571,P,"-"
151192,"GYPSUM QUARRY",Y,"A place from which gypsum is excavated.",571,P,"-"
151193,"LIMESTONE QUARRY",Y,"A place from which limestone is extracted. Includes closely associated spoil, processing, and transport facilities.",571,P,"-"
151194,"MARBLE QUARRY",Y,"A site where marble is extracted from the ground.",571,P,"-"
151196,"SANDSTONE QUARRY",Y,"A place from which sandstone is excavated.",571,P,"-"
151197,"SHALE QUARRY",Y,"A place from which shale, a laminated clay or silt which has been compressed by the weight of the rocks over it, is extracted from the ground.",571,P,"-"
151198,"SLATE QUARRY",Y,"A place from which slate is quarried from the ground.",571,P,"-"
151199,"COLLIERY",Y,"A place where coal is mined. Includes closely associated spoil, processing and transport facilities.",571,P,"-"
151200,"BRICKWORKS",Y,"An industrial manufacturing complex producing bricks.",571,P,"-"
151201,"MARL PIT",Y,"A pit from which marl, a mixture of clay and carbonate of lime, is excavated. Marl is used as a fertilizer.",571,P,"-"
151202,"OPEN CAST MINE",Y,"An excavation open to the sky, caused by the extraction of coal, stone or similar. Use with product type where known.",571,P,"-"
151203,"OIL REFINERY",Y,"A works where crude oil is distilled into its fractions or cuts.",571,P,"-"
151204,"PIPELINE",Y,"A conduit or pipes, used primarily for conveying liquid or gas such as petroleum from oil wells to a refinery, or for supplying water to a town or district, etc.",571,P,"-"
151205,"CLAY PIT",Y,"A place from which clay is extracted.",571,P,"-"
151206,"BRICKEARTH PIT",Y,"A pit and its associated features used for the excavation of clay suitable for making bricks.",571,P,"-"
151207,"POWER STATION",Y,"A building or set of buildings and structures where power, especially electrical or mechanical, is generated. Use more specific type where known.",571,P,"-"
151208,"COAL FIRED POWER STATION",Y,"A coal-burning power station where domestic electricity for an area is produced, eg. Drax Power Station near the Humber Estuary.",571,P,"-"
151209,"GAS FIRED POWER STATION",Y,"A power station used to produce electricity, fired by coal gas.",571,P,"-"
151210,"HYDROELECTRIC POWER STATION",Y,"Power generation by releasing stored water through a turbine driving a generator.",571,P,"-"
151211,"NUCLEAR POWER STATION",Y,"A complex of buildings producing power derived from nuclear energy.",571,P,"-"
151212,"OIL FIRED POWER STATION",Y,"An electricity-producing power station fired by oil.",571,P,"-"
151213,"WIND POWER",Y,"Buildings, sites and structures associated with the generation of electricity by harnessing the energy of the wind.",571,P,"-"
151222,"BOATYARD",Y,"A place where smaller vessels are built, repaired and stored",571,P,"-"
151223,"SHIPYARD",Y,"A place where ships or boats are built, repaired and moored.",571,P,"-"
151224,"TIMBER YARD",Y,"An open yard or place where timber is stacked or stored.",571,P,"-"
151225,"INDUSTRIAL ESTATE",Y,"An area of land owned by a developer, whether a private entrepreneur or a public authority, and divided into plots for leasing or sale to manufacturing or commercial concerns which may share some common services.",571,P,"-"
151226,"MILL",Y,"A factory used for processing raw materials. Use more specific mill type where known.",571,P,"-"
151227,"CHEMICAL WORKS",Y,"An industrial complex involved in the production of chemicals.",571,P,"-"
151228,"SUBMARINE BASE",Y,"Coastal base for the docking, launch and maintenance of submarines.",571,P,"-"
151229,"ARTILLERY FORT",Y,"A fortified building or site with purpose-built emplacements for artillery pieces.",571,P,"-"
151230,"COASTAL BATTERY",Y,"A site including artillery pieces and associated structures directed out to sea to engage enemy shipping and defend the coastline.",571,P,"-"
151231,"CASTLE",Y,"Fortified residence, usually of a noble and usually medieval or early post-medieval in date. Castle forms developed through time although some features, such as curtain walls and gatehouses, were common throughout.",571,P,"-"
151232,"TOWN WALL",Y,"A fortified wall surrounding a town or city.",571,P,"-"
151233,"MILITARY AIRFIELD",Y,"A landing and taking-off area for military aircraft. Often includes ancilliary structures and buildings for the maintenance and storage of aircraft, defence of the site, accommodation of staff, controlling airspace etc.",571,P,"-"
151234,"PRISONER OF WAR CAMP",Y,"A prison for the containment of servicemen captured in war.",571,P,"-"
151235,"FORTIFICATION",Y,"A defensive work, usually permanent. Use specific type where known.",571,P,"-"
151236,"MINEFIELD",Y,"An area of ground or water containing explosive mines. In controlled minefields, also includes areas containing the controlling sites.",571,P,"-"
151237,"ORDNANCE DUMP",Y,"An area used by the armed forces for the storage and issuing of military stores and materials.",571,P,"-"
151238,"RIFLE RANGE",Y,"A target range used for rifle and small arms practice.",571,P,"-"
151239,"BOMBING RANGE",Y,"An area of land, with associated buildings and targets, used for practicing the dropping of bombs and other aspects of aerial warfare.",571,P,"-"
151240,"RADAR STATION",Y,"A building or site incorporating radar equipment used for detecting the presence of enemy aircraft or ships.",571,P,"-"
151241,"FUEL DEPOT",Y,"A building or site used for the storage and distribution of fuel for military purposes.",571,P,"-"
151242,"BARRACKS",Y,"Areas of buildings used to house members of the armed forces. Such areas may also include closely related buildings such as refectories, mess rooms, hospitals, schools and gymnasia.",571,P,"-"
151243,"MILITARY DEPOT",Y,"An area usually with a building or group of buildings, often enclosed by a system of fortifications, used by an armed force for the storage and distribution of military equipment.",571,P,"-"
151244,"COPPICE",Y,"Area of managed woodland, usually oak, ash, hornbeam, hazel, alder, willow or beech, periodically cut to encourage new growth providing a source of smaller timber; for rods, fuel, charcoal etc. Larger coppies often divided into cropping areas or coups.",571,P,"-"
151245,"PLANTATION",Y,"Woodland planted deliberately, either for landscaping or to produce a crop of timber. Mid 20th century plantations usually single spicies conifers often plated in rows. Earlier plantations and those of the late 20th century onwards are often more mixed.",571,P,"-"
151247,"WOOD PASTURE",Y,"Scattered trees within grassland, the trees providing shelter for forage as well as being harvested for timber and fuel. Now most often found within deer parks, but more widespread, especially on steep slopes, in the medieval period.",571,P,"-"
151250,"WETLAND",Y,"An area whose soil is saturated with moisture either permanently or on an intermittent cycle eg. fens, marshes and peat bogs. The dominant vegetation of wetlands varies enormously and the vegetation cover may be broken by areas of open water.",571,P,"-"
151251,"OSIER BEDS",Y,"An area where osiers (types of willows, producing long straight stems) are cultivated for use in basketry.",571,P,"-"
151252,"WATERCRESS BEDS",Y,"An area set aside for growing watercress. As the watercress requires large quantities of slightly alkaline water the beds are usually sited around the headwaters of chalk streams.",571,P,"-"
151253,"MARKET TOWN",Y,"A town notable for hosting on a regular basis a market, usually for agricultural products, including livestock.",571,P,"-"
151254,"TOWN",Y,"Settlement normally larger than a village, smaller than a city, usually with some administrative autonomy. Early towns often walled. Mixes of public and private buildings and spaces, and residential, civic, commercial and industrial areas.",571,P,"-"
151255,"NEW TOWN",Y,"A planned town built to disperse population following the Second World War, largely under the powers of the New Towns Act 1946. Normally not actually new, but developed around existing settlements that form historic urban cores.",571,P,"-"
151256,"GARDEN CITY",Y,"A planned town that developed from the Garden City Movement of the early 20th century, founded by Ebenezer Howard, and promoting the idea of separating residential and industrial/commercial areas with bands of parkland.",571,P,"-"
151257,"HOUSING ESTATE",Y,"A planned residential area, usually with its own self-contained street system including cul-de-sacs, sometimes with its own amenities, such as shops, a public house etc.",571,P,"-"
151258,"MARKET PLACE",Y,"An area, often consisting of widened streets or a town square used for regular or occasional markets.",571,P,"-"
151263,"GREEN",Y,"Area of often grassy ground, usually common, normally situated at the centre of a village or hamlet, sometimes within or near a town. Usually maintained by grazing.",571,P,"-"
151264,"COMMON",Y,"Unenclosed land, such as wasteland, forest or pasture, owned by an estate, but over which tenants and sometimes certain others have rights (pasture, turbary, estovers, pannage, etc).",571,P,"-"
151265,"DOWNLAND",Y,"An area of rolling upland terrain characterised by chalk escarpments separated by vales of softer earth.",571,P,"-"
151266,"DEER PARK",Y,"A large, enclosed park, often containing some woodland and divided to provide a variety of habitats for shelter, grazing etc for deer, usually fallow, for hunting and for aesthetic appreciation..",571,P,"-"
151272,"ANCIENT REPLANTED WOODLAND",Y,"Ancient woodland where original natural tree coverage has been replanted with other trees, often coniferous.",571,P,"-"
151273,"ANCIENT WOODLAND",Y,"Woodland believed to have existed since at least 1600 in England and in England defined as such by Natural England. Usually managed for timber, coppice etc and often contains dividing banks, trackways, charcoal burning platforms etc.",571,P,"-"
151274,"WOODLAND (BROADLEAVED)",Y,"Areas of woodland dominated by broadleaved trees.",571,P,"-"
151275,"WOODLAND (CONIFEROUS)",Y,"Areas of woodland dominated by coniferous trees.",571,P,"-"
151276,"WOODLAND (MIXED)",Y,"Areas of woodland consisting of both broadleaved and coniferous trees.",571,P,"-"
151279,"SHORT ROTATION COPPICE",Y,"A coppice, often of willow or poplar, that is grown as an energy crop.Usually for biomass power stations and usually harvested by machine when the trees are just two to five years old.",571,P,"-"
151280,"SECONDARY WOODLAND",Y,"Woodland that has developed, usually by natural colonization, on land formerly used for other purposes (agriculture, settlement, industry etc). If this process pre-dated 1600, secondary woodland can be classified as ancient woodland.",571,P,"-"
151281,"ALLOTMENTS",Y,"Land, often public, let out to individuals or an individual for the purposes of cultivation or other land use. Often in numerous small parcels, sometimes individually fenced.",571,P,"-"
151282,"MARKET GARDEN",Y,"An area of land used to grow vegetables, fruit and flowers to be sold at markets.",571,P,"-"
151283,"NURSERY",Y,"An area such as a commercial garden where plants and trees are grown and nurtured for the purpose of transportation or sale.",571,P,"-"
151284,"VEGETABLE GARDEN",Y,"A garden devoted to the growth of vegetables, for either domestic use or sale.",571,P,"-"
151285,"GLASSHOUSES",Y,"Buildings made chiefly of glass, in which plants and fruit are germinated, brought on and sometimes grown to maturity. Often grouped on land with a favourable aspect.",571,P,"-"
151286,"KITCHEN GARDEN",Y,"A private garden established primarily for growing vegetables and soft and bush fruit for domestic consumption.",571,P,"-"
151287,"ORNAMENTAL WATERBODY",Y,"An artificial lake or pond, often made by damming a stream, whose main function is to catch the eye and to contribute to ornamentally designed landscapes. As such a common feature of landscape parks.",571,P,"-"
151288,"CRICKET GROUND",Y,"The entire playing area and associated buildings upon which the game of cricket is played and where spectators pay to watch.",571,P,"-"
151290,"BEACH HUTS",Y,"An area, usually immediately adjacent to a beach with numerous small timber one-roomed dwellings or shelters where holiday makers could rest after a day spent sunbathing, swimming and playing on the beach.",571,P,"-"
151291,"SHOWGROUND",Y,"A large area, usually open-air, used for permanent, seasonal or regular shows, events or exhibitions.",571,P,"-"
151293,"DEER COURSE",Y,"Area in a deer park where a single deer was chased by dogs over a set distance, with bets made on the outcome. It usually includes a stand (for viewing) and can also include three distance markers, a finishing post and a ditch behind the last post.",571,P,"-"
151294,"KENNELS",Y,"Buildings and yards in which dogs and hunting hounds are kept and exercised.",571,P,"-"
151295,"NUCLEATED SETTLEMENT",Y,"Rural settlement in which  farmsteads are typically clustered together, normally as villages (and especially in the central province), but also as hamlets. Can also refer to a single nucleated settlement.",571,P,"-"
151296,"FARMSTEAD",Y,"A farmhouse and ancillary farm buildings forming the operational centre for the surrounding farmland.",571,P,""
151297,"SMALLHOLDING",Y,"Group of small fields associated with a single small-scale agricultural concern, typically c5 acres in total. Often associated with part-time famring undertaken by families of industrial workers and thus typically post-medieval and modern.",571,P,"-"
151298,"TERRACED HOUSING",Y,"Residential area dominated by lines of attached houses, usually planned and built as one unit. Often associated with industrial towns. Sometimes follow earlier patterns, such as those of the fields they overlay.",571,P,"-"
151299,"SEMI DETACHED HOUSING",Y,"Residential area dominated by houses joined to just one other to form one building.",571,P,"-"
151300,"DETACHED HOUSING",Y,"Residential area dominated by free-standing houses that are not joined to others on any side.",571,P,"-"
151301,"FLATS AND APARTMENTS",Y,"Residential area dominated by purpose-built tenement buildings, each containing several flats or apartments.",571,P,"-"
151403,"PARK AND RIDE",Y,"Car parks with connections to public transport that allow people wishing to travel into busy areas to leave their vehicles and transfer to public transport for the remainder of their trip. Usually on the outskirts of towns and cities.",571,P,"-"
151404,"HARBOUR",Y,"An area of the coast where ships can find shelter or safe anchorage. Harbours require features, natural or artificial that provide shelter and a pool area large and deep enough to accommodate vessels at anchor.",571,P,"-"
151405,"WHARVES",Y,"Large structures built alongside the water's edge where ships may lie for unloading.",571,P,"-"
151406,"TELECOMMUNICATION COMPLEX",Y,"A complex of buildings and other structures (and directly related grounds) used to transmit information via telecommunication systems.",571,P,"-"
151407,"TELECOMMUNICATION CABLE",Y,"A terrestrial or submarine insulated cable or pipe along which telecommunication data is passed.",571,P,"-"
151408,"DEFENCE RESEARCH ESTABLISHMENT",Y,"A complex of buildings and areas in which a range of weaponry and techniques are developed and trialled.",571,P,"-"
151409,"AVENUE",Y,"Approach or drive within an aornamentally designed landscape marked by carefully planted trees, sometimes also by banks or walls. Often comprises one or more straight lines with a house or other feature displayed at one end.",571,P,"-"
151410,"AQUARIUM",Y,"An area of buildings, artificial ponds and/or tanks in which aquatic plants and animals are kept for observaton and study as recreation.",571,P,"-"
151411,"COUNTRY HOUSE",Y,"Gentry house in a rural setting, normally within a landscape park, and usually accompanied by a range of attached and detached offices, yards, etc.",571,P,"-"
151412,"HUNTING LODGE",Y,"A weekend retreat for parties and others, when hunting in the deer park or forests, or as a viewing station for the chase.",571,P,"-"
151413,"MANOR FARM",Y,"The home farm of a manor.",571,P,"-"
151414,"TOR",Y,"A rock outcrop exposed and shaped by weathering, usually found at or near the summit of a hill.",571,P,"-"
151415,"SALTMARSH",Y,"An area in the upper inter tidal zone that is sometimes overflowed by the sea and whose vegetation is dominated by salt tolerant herbaceous plants. Saltmarshes are often used for pasture or for collecting water for the production of salt.",571,P,"-"
151416,"DUNES",Y,"Coastal areas containing hills or ridges of unconsolidated wind-blown sand. Surfaces of ridges and intervening slacks may be stabilised by surface vegetation. Used for rough grazing.",571,P,"-"
151417,"RECLAIMED LAND",Y,"Coastal or other low-lying ground taken in for agriculture, usually by dyking and draining. Some medieval (usually smaller more irregular patterns), but mainly post-medieval and modern (larger, rectilinear, and more regular).",571,P,"-"
151418,"TIDAL POWER",Y,"Buildings, sites and structures associated with the generation of electricity by utilising the power of the tide.",571,P,"-"
151419,"AGGREGATES QUARRY",Y,"Areas of excavation from which sand and gravel are obtained for use principally in construction and civil engineering. Includes directly associated facilities for aggregates processing.",571,P,"-"
151420,"PALACE",Y,"A grand residence, royal, aristocratic or ecclesiastical, rural or urban, with immediately associated yards and offices.",571,P,"-"
151421,"RURAL ROW",Y,"Linear arrangement of farmsteads and dwellings, usually built along a road.",571,P,"-"
151422,"MINE",Y,"An excavation made in the earth for the purpose of digging out metallic ores, coal, salt, or precious stones etc. Use specific type where known.",571,P,"-"
151423,"COBALT MINE",Y,"A site where cobalt is mined. Includes closely associated spoil, processing and transport facilities.",571,P,"-"
151424,"COPPER MINE",Y,"A site where copper is mined. Includes closely associated spoil, processing and transport facilities. Also use MINE plus other relevant ore name as appropriate.",571,P,"-"
151425,"IRONSTONE MINE",Y,"A place from which iron ore is mined. Includes closely associated spoil, processing, and transport facilities.",571,P,"-"
151426,"LEAD MINE",Y,"A place from which lead ore is mined. Includes closely associated spoil, processing, and transport facilities. Also use MINE and other ores extracted where relevant, eg. SILVER MINE.",571,P,"-"
151427,"MANGANESE MINE",Y,"A place from which manganese ore is extracted. Includes closely associated spoil, processing, and transport facilities. Use with other ores extracted and MINE where relevant.",571,P,"-"
151429,"NICKEL MINE",Y,"A place where nickel ore is extracted. Also use with other metal ores extracted and MINE where relevant.",571,P,"-"
151430,"SILVER MINE",Y,"A place where silver is extracted. Use with other minerals extracted and MINE where relevant, eg. LEAD MINE.",571,P,"-"
151431,"GOLD MINE",Y,"A place from which gold is extracted. Includes closely associated spoil, processing, and transport facilities.",571,P,"-"
151432,"TIN MINE",Y,"A mine used for the extraction of tin bearing ore.",571,P,"-"
151433,"TUNGSTEN MINE",Y,"A mine used for the extraction of tungsten-bearing ore. Use with other mineral ores extracted and MINE, eg. TIN MINE.",571,P,"-"
151435,"ZINC MINE",Y,"A mine used for the extraction of zinc-bearing ore. Use with other metal ores extracted and MINE where necessary, eg. LEAD MINE.",571,P,"-"
151436,"SPOIL HEAP",Y,"A conical, ramped or flat-topped tip of waste discarded from a mine, quarry, clayworks or similar site.",571,P,"-"
151437,"OIL RIG",Y,"A supporting structure for drilling machinery used in the extraction of, or prospecting for, mineral oils.",571,P,"-"
151442,"SANDFLATS",Y,"Areas of relatively mobile, thick sand deposits, submerged at high tide and exposed at low tide, and often expressed as areas of sandbanks detached from the shore by tidal channels.",571,P,"-"
151443,"COASTAL AND INTERTIDAL",Y,"The topography at the interface of sea and land, subject to the constant changes in form and perception associated with the tides, the erosive forces of sea and issuing rivers.",571,P,"-"
151444,"FRESHWATER BODY",Y,"An area of freshwater found inland.",571,P,"-"
151445,"URBAN SETTLEMENT",N,"-",571,P,"-"
151446,"RURAL SETTLEMENT",N,"-",571,P,"-"
151447,"MILITARY",N,"-",571,P,"-"
151448,"WOODLAND",N,"In HLC used for woodland that has not been classified as ancient, plantation or secondary.",571,P,"-"
151449,"COMMUNICATIONS AND MOVEMENT",N,"-",571,P,"-"
151450,"RECREATION AND LEISURE",N,"-",571,P,"-"
151451,"ORCHARDS AND HORTICULTURE",N,"-",571,P,"-"
151452,"ORNAMENTATION",N,"-",571,P,"-"
151453,"ENCLOSURE",N,"Patterns of fields that took in farmland (either cultivated or improved grassland) from other land uses.",571,P,"-"
151456,"CULTURAL TOPOGRAPHY",N,"-",571,P,"-"
151457,"INDUSTRY",N,"-",571,P,"-"
151458,"COMMERCE",N,"-",571,P,"-"
151459,"CIVIC PROVISION",N,"-",571,P,"-"
151460,"CIVIC AMENITIES",N,"-",571,P,"-"
151461,"EXTRACTIVE INDUSTRY",Y,"-",571,P,"-"
151462,"QUARRY",Y,"An excavation on land from which stone or aggregates are extracted for use primarily building and civil engineering.",571,P,"-"
151569,"CLAY EXTRACTION SITE",Y,"Buildings, sites and structures associated with the extraction of clay.",571,P,"-"
151571,"CLAYWORKS",Y,"A site where clay is extracted from the surface of the ground.",571,P,"-"
151572,"ELECTRICITY GENERATION",Y,"Buildings, sites and structures associated with the generation of electricity.",571,P,"-"
151573,"RENEWABLE ENERGY INSTALLATION",Y,"Structures where electrical energy is generated by conversion from continually replenished energy flows in the natural environment, such as sunlight, wind, rain, tides, waves, etc.",571,P,"-"
151575,"TEXTILE MILL",Y,"A factory used for the manufacture of textiles.",571,P,"-"
151576,"AIR TRANSPORT",Y,"Features associated with control, accommodation, servicing and testing of aircraft.",571,P,"-"
151577,"CITY",Y,"Large urban settlement, including residential, industrial, civic, commercial and business areas. Usually having a cathedral within its bounds. Often a central place within a region, with subsidiary towns etc.",571,P,"-"
151581,"URBAN EXTENSION",Y,"Extension of town or city beyond the Historic Urban Core, usually as defined by extents shown on early epoch OS mapping.",571,P,"-"
151582,"SUBURB",Y,"A largely residential area within a town or city usually situated away from its centre, often in medieval towns outwith any town walls. Modern suburbs often develop through urban growthâ€™s absorption of a pre-existing smaller town or village.",571,P,"-"
151583,"INFILL",Y,"Land within a generally built-up area, previously either open or used differently, that has been used for further construction.",571,P,"-"
151584,"ANCIENT WOODLAND (BROADLEAVED)",Y,"Ancient woodland that predominantly consists of broadleaved trees, often the progeny of ancient trees.",571,P,"-"
151585,"ANCIENT WOODLAND (CONIFEROUS)",Y,"Ancient woodland that predominantly consists of coniferous trees, often the products of modern replanting.",571,P,"-"
151586,"ANCIENT WOODLAND (MIXED)",Y,"Ancient woodland that consists of broadleaved and coniferous trees, often the product of modern replanting.",571,P,"-"
151587,"SECONDARY WOODLAND (BROADLEAVED)",Y,"Secondary woodland whose species are largely broadleaved.",571,P,"-"
151588,"SECONDARY WOODLAND (CONIFEROUS)",Y,"Secondary woodland whose species are largely conifers.",571,P,"-"
151589,"SECONDARY WOODLAND (MIXED)",Y,"Secondary woodland whose species are a mix of broadleaved and coniferous trees.",571,P,"-"
151590,"PLANTATION (BROADLEAVED)",Y,"Plantations dominated by broadleaved trees, including areas of planting, ground ripping, immature or mature stands, felled areas.",571,P,"-"
151591,"PLANTATION (CONIFEROUS)",Y,"Plantations dominated by coniferous trees, including areas of planting, ground ripping, immature or mature stands, felled areas.",571,P,"-"
151592,"PLANTATION (MIXED)",Y,"Plantations containing both broadleaved and coniferous trees, including areas of planting, ground ripping, immature or mature stands, felled areas.",571,P,"-"
151594,"REPLANTED WOODLAND",Y,"A woodland that has had its original tree coverage felled and replaced with new trees, often coniferous.",571,P,"-"
151596,"VILLAGE",Y,"Collection of farmsteads, dwellings, yards, gardens etc. Larger than hamlet, smaller than town. Often includes church, inn, shops, workshops, manor house. Main rural settlement form in central province; rarer elsewhere. Also industrial villages.",571,P,"-"
151597,"HAMLET",Y,"Small settlement with no ecclesiastical or lay administrative function and usually with no other amenities.",571,P,"-"
151598,"SHELTERBELT",Y,"A plantation of trees or shrubs usually linear in plan placed to provide shelter from the wind for parks and gardens.",571,P,"-"
151599,"ORNAMENTAL PLANTATION",Y,"A group of planted trees or shrubs, designed to enhance the landscape, often by obscuring eyescores or by framing preferred views. A common feature of landscape parks.",571,P,"-"
151600,"LANDSCAPE PARK",Y,"Extensive grounds, usually associated with a country house, laid out (with tree plantations, shrubs and often adjusted with earth movement) so as to produce a perception of broad unmanaged and often unpeopled vistas.",571,P,"-"
151601,"WILDERNESS",Y,"Part of a landscape garden or park planted to give an uncultivated appearance, often using exotic or unusual trees and shrubs. Usually provided with networks of pathways, often more formally arranged than the term might suggest.",571,P,"-"
151604,"SPA",Y,"A medicinal or mineral spring often with an associated building and directly associated grounds. Often found closely grouped, around which settlements and spa towns have developed.",571,P,"-"
151607,"DUCK DECOY POND",Y,"A pond or pool with arms covered with nets into which wild birds, are allured and then caught or shot.",571,P,"-"
151609,"HEATHLAND",Y,"Unimproved, but grazed area of low-growing woody shrubby vegetation, including heathers and gorses, sometimes in a mosaic with grassland and damp areas.",571,P,"-"
151610,"HOTEL",Y,"A building and its directly associated grounds, used for the accommodation of paying travellers and guests.",571,P,"-"
151611,"BOG",Y,"A wetland type that accumulates acidic peat. Sometimes named 'moss'.",571,P,"-"
151612,"BLANKET BOG",Y,"A bog which has developed as the result of consistent high rainfall providing conditions for the development of bog vegetation over large tracts of land, blanketing even hilltops and slopes.",571,P,"-"
151614,"FORESHORE",Y,"The foreshore is broadly equated with land sloping down through the inter-tidal zone from the landward coastal margin; Its extent is defined by perception of the inter-tidal rather than by detailed tidal level definitions.",571,P,"-"
151615,"FORESHORE (ROCKY)",Y,"An area of foreshore where the predominant cover is exposed bedrock.",571,P,"-"
151616,"FORESHORE (SANDY)",Y,"An area of foreshore where the predominant cover is exposed fine rock sediments of a grain size generally perceived as 'sand'.",571,P,"-"
151617,"SPIT",Y,"A deposition landform that develops by the process of longshore drift forming a narrow strip of land that juts out into the sea.",571,P,"-"
151619,"FISH MARKET",Y,"A market where fish is sold. Includes closely and functionally associated open areas, built structures, wharves, quays and distribution facilities.",571,P,"-"
151620,"FISHING GROUND",Y,"An area regularly exploited for commercial fish and/or shellfish extraction; within which the locations of actual fishing activity may vary at any given time, seasonally, according to the species concerned and regulations govening their exploitation.",571,P,"-"
151622,"FISH FARMING",Y,"Areas characterised by the commercial cultivation of fish populations under controlled conditions. These areas may be sited in inland or be coastally located artificial ponds, or in rivers, estuaries and the open sea and enclosed in tanks, cages or nets.",571,P,"-"
151626,"ICE WORKS",Y,"A factory or plant for the manufacture of ice using mechanised refrigeration techniques.",571,P,"-"
151627,"ARTILLERY FIRING RANGE",Y,"A piece of ground, or a building, on which artillery may be fired at targets during training or exercises..",571,P,"-"
151628,"ANTI TANK DEFENCE",Y,"Defensive structures, obstacles like concrete cubes, cylinders or pimples against invading tanks that were erected in the defence of Britain during the Second World War.",571,P,"-"
151629,"ANTI LANDING OBSTACLE",Y,"Obstacles placed in open spaces and alongside roads designed to prevent the successful landing of enemy airborne forces; usually of Second World War date.",571,P,"-"
151630,"COASTAL DEFENCES",Y,"An area of defensive installations on the coast designed for use against emeny attacks or invasion on the coast by sea or air.",571,P,"-"
151631,"DEFENCE",Y,"Areas, sites and linked systems of such involved in the passive or active defence of the country against hostile forces on land, sea and in the air.",571,P,"-"
151632,"NAVAL FIRING RANGE",Y,"An area of sea across which naval ships fire artillery at target sites or areas. In some cases accompanied by land-based observation facilities housing equipment to record accuracy and damage.",571,P,"-"
151634,"MILITARY PRACTICE AREA",Y,"Areas used by armed forces on land or at sea for training and military exercises.",571,P,"-"
151636,"MILITARY SIGNALLING",Y,"Buildings and structures used for sending and receiving signals.",571,P,"-"
151637,"SUBMARINE TRAINING AREA",Y,"A designated area of water in which the performance of submarines can be evaluated and where crews can practice.",571,P,"-"
151642,"MILITARY TRANSPORT",Y,"Complexes for transport, storage and deployment of military vehicles, vessels, aircraft etc and their associated armaments. Can also, as in the case of airfields, cover complexes actively employed in defence and aggression.",571,P,"-"
151643,"MILITARY BASE",Y,"A building or group of buildings, often surrounded by a system of fortifications, used as a residential and training site by members of an armed force.",571,P,"-"
151644,"MILITARY RESIDENCE",Y,"A residence for military personnel.",571,P,"-"
151646,"AIRCRAFT STORAGE FACILITY",Y,"A building or place where aircraft can be stored and maintained.",571,P,"-"
151647,"AIR TERMINAL",Y,"Buildings and their directly associated grounds at an airport from where passengers await,  embark and disembark from an aircraft.",571,P,"-"
151648,"WATER TRANSPORT",Y,"Areas associated with movement of people or goods on or in water.",571,P,"-"
151650,"RAILWAY TRANSPORT",Y,"Buildings and structures associated with railway transport.",571,P,"-"
151651,"ROAD TRANSPORT",Y,"Buildings and structures associated with road transport.",571,P,"-"
151652,"SEA TERMINAL",Y,"A port, dock or harbour where ferries, hovercraft, ocean liners and cargo vessels can load and unload. May include road and/or rail terminals for transportation to the port.",571,P,"-"
151654,"RAILWAY TUNNEL",Y,"A tunnel through which a railway line runs.",571,P,"-"
151655,"CANAL TUNNEL",Y,"A tunnel through which a canal runs.",571,P,"-"
151656,"TELECOMMUNICATION",Y,"Communication of information by wire, radio, electrical and digital means.",571,P,"-"
151657,"ROAD BRIDGE",Y,"A bridge carrying a road.",571,P,"-"
151658,"RAILWAY BRIDGE",Y,"A bridge carrying a railway track.",571,P,"-"
151666,"FISHERIES AND AQUACULTURE",N,"-",571,P,"-"
151667,"PORT AND DOCK INSTALLATION",Y,"Buildings, sites and structures associated with ports and docks together with their harbours.",571,P,"-"
151678,"NAVIGATION",Y,"Areas relating to safe passage and route-finding for travel or transport on or in the water, whether inland, coastal or marine.",571,P,"-"
151679,"LANDMARK TOWER",Y,"A prominent structure situated on land specifically as a guide to navigation or warning to sailors.",571,P,"-"
151681,"NAVIGATION HAZARD",Y,"Areas that contain serious risks to vessels which could lead to their damage or complete loss. Such risks may be directly related to sea floor features and aspects, such as wrecks and other seafloor debris and obstructions.",571,P,"-"
151683,"FISHING",Y,"Activities concerned with the capture or gathering of wild fish and shellfish stocks by various methods such as trawling, netting, trapping, potting, dredging and collection by hand.",571,P,"-"
151687,"PELAGIC TRAWLING",Y,"Commercial fishing that involves trawling midwater levels of the water column targeting the pelagic fish species using large funnel shaped nets, held open at the mouth by floats and weights which are towed by one or two (pair trawling) vessels.",571,P,"-"
151688,"DRIFT NETTING",Y,"Areas characterised by commercial fishing using large nets that drift in the water, moved by currents and lacking any fixtures to keep them in place. They are rigged in a straight line and are generally used to catch pelagic or migratory species.",571,P,"-"
151690,"POTTING AREA",Y,"Areas characterised by commercial fishing using pots or creels which are small portable traps set on the sea floor in coastal waters to catch a variety of crustacea and molluscs. Potting grounds, rarely more than a mile offshore usually on a rocky bottom.",571,P,"-"
151691,"BAIT DIGGING",Y,"Areas whose character is dominated by regular digging to acquire bait for fishing by various methods. Generally found in estuaries, sandy and rocky foreshores.",571,P,"-"
151692,"SHELLFISH DREDGING",Y,"Areas characterised by the regular commercial collection of naturally occurring shellfish stocks for food, bait or other products using a dredge towed behind a fishing vessel. In UK waters the target is usually scallops.",571,P,"-"
151695,"BOTTOM TRAWLING",Y,"Commercial fishing that involves trawling the lowest levels of the water column and/or the surface of the sea floor. These methods often result in disturbance to the sea floor itself.",571,P,"-"
151696,"CIVIL",N,"Institutions of government that support civil behaviour or habits of personal living which then cement viable relations between individuals and wider society.",571,P,"-"
151697,"EDUCATION",Y,"Provision of teaching and related material intended to have a formative, and often also a normative effect on the mind, character and abilities of an individual.",571,P,"-"
151698,"HEALTH",Y,"Helping individuals maintain a satisfactory condition of mind and body, and freedom from sickness, injury and pain.",571,P,"-"
151700,"GOVERNMENT OFFICE",Y,"The offices and directly associated grounds of a Government Department responsible for the administration of the country or a part of it.",571,P,"-"
151701,"NATIONAL GOVERNMENT OFFICE",Y,"A building which houses administrative functions relating to central government and its agencies. Includes directly associated and usually defined grounds.",571,P,"-"
151702,"LOCAL GOVERNMENT OFFICE",Y,"A building which houses administrative functions relating to local government. Includes directly associated and usually defined grounds.",571,P,"-"
151703,"LIBRARY COMPLEX",Y,"A building, room or suite of rooms where books, or other materials, are classified by subject and stored for use by the library's members. Includes directly associated and usually defined grounds.",571,P,"-"
151704,"MUSEUM COMPLEX",Y,"A building, group of buildings or space within a building, where objects of value such as works of art, antiquities, scientific specimens, or other artefacts are housed, conserved and displayed. Includes directly associated and usually defined grounds.",571,P,"-"
151705,"GALLERY COMPLEX",Y,"A building in which works of art are displayed, permanently or temporarily.",571,P,"-"
151707,"PLACE OF WORSHIP",Y,"A place (buildings and directly associated and usually defined grounds) where appropriate acts, rites and ceremonies are performed to honour or revere a supernatural being, power or holy entity. Use specific type where known.",571,P,"-"
151708,"CATHEDRAL",Y,"The principal church of a diocese in which the cathedra or bishop's throne is to be found. Includes precinct and immediately related features.",571,P,"-"
151709,"FRIENDS MEETING HOUSE",Y,"A place of worship, building and directly associated, often defined, grounds for members of the Society of Friends, a denomination founded by George Fox in c.1650 who believed in pacifist principles and a rejection of the sacrament.",571,P,"-"
151710,"WAREHOUSING",Y,"A building or part of a building and directly associated grounds, used for the storage of goods or merchandise.",571,P,"-"
151711,"MOTOR VEHICLE STORAGE",Y,"An area where motor vehicles are stored, often associated with commerce.",571,P,"-"
151713,"FREIGHT HANDLING",Y,"Sites and structures associated with the handling of commercial cargo.",571,P,"-"
151715,"WATER STORAGE AND SUPPLY",Y,"Sites and structures associated with the storage and distribution of water.",571,P,"-"
151717,"WASTE DISPOSAL",Y,"Buildings, sites and structures associated with the disposal of domestic and industrial waste.",571,P,"-"
151718,"LANDFILL",Y,"A site for the disposal of waste materials by burial.",571,P,"-"
151719,"RECYCLING",Y,"A central point for the deposit, collection and recycling of waste materials.",571,P,"-"
151720,"INCINERATION PLANT",Y,"A site for burning refuse to ashes using an incinerator.",571,P,"-"
151727,"FIELD SYSTEM",Y,"A group or complex of fields which appear to form a coherent whole, usually on the basis of another system, normally that of tenure. Includes rearrangements of earlier systems.",571,P,"-"
151728,"COAXIAL FIELD SYSTEM",Y,"Field system with prevailing orientation.Most boundaries are straight or nearly so and closely align with main axis or run perpendicular to it. Usually prehistoric or early medieval. Suggestive of early planned land allotment.",571,P,"-"
151730,"ANCIENT ENCLOSURE",Y,"Fields that can be demonstrated by to be either prehistoric or early medieval in origin by virtue of either form or direct association with early farming settlement.",571,P,"-"
151731,"IRREGULAR ANCIENT ENCLOSURE",Y,"Area of ancient fields whose boundaries are either curving or sinuous and whose shapes do not conform to a regular pattern. Often seen to have developed by sequential accretion of individual enclosures and by ad hoc subdivision.",571,P,"-"
151732,"PLANNED ENCLOSURE",Y,"Field patterns with perfectly straight stock-proof boundaries, usually rectilinear and regular. Normally produced by planned enclosure by several landholders of formerly open or common land. Usually post medieval or modern.",571,P,"-"
151733,"PRAIRIE FIELDS",Y,"Patterns of very large fields, some with boundaries over 1km long. Usually resulting from post WW2 combination of holdings & the removal of earlier boundaries creating land units convenient for highly mechanised arable, or for extensive livestock raising",571,P,"-"
151734,"SALT PRODUCTION",Y,"Sites, buildings or structures associated with the entire process of salt production by various means.",571,P,"-"
151735,"FLASH",Y,"A water filled hollow caused by subsidence resulting from subterranean industrial extraction, for example coal mining and salt extraction.",571,P,"-"
151736,"SALT MINE",Y,"A mine yielding rock salt extracted either as rock salt or pumped out as brine.",571,P,"-"
151737,"OIL WORKS",Y,"Buildings, sites and structures associated with the retrieval, refining, processing and storage of petroleum oil.",571,P,"-"
151738,"NATURAL GAS PRODUCTION",Y,"Buildings, sites and structures associated with the retrieval, refining, processing and storage of natural gas.",571,P,"-"
151739,"NATURAL GAS RIG",Y,"A supporting structure for drilling machinery used in the extraction of, or prospecting for, natural gas.",571,P,"-"
151740,"NATURAL GAS REFINERY",Y,"A plant used to purify the raw natural gas produced from underground gas fields to deliver pipeline-quality natural gas that can be used as a domestic and/or industrial fuel.",571,P,"-"
151743,"EXTRACTIVE PIT",Y,"Surface workings including shallow shafts, lode workings, open-pit methods and quarrying including some mines of stone, clays, compounds, etc.",571,P,"-"
151744,"SHAFTHEAD COMPLEX",Y,"Buildings found at the site of a mine at the point where underground workings meet the surface.",571,P,"-"
151745,"FLOODED PIT",Y,"Abandoned and/or derelict surface workings such as shallow shafts, lode workings, open-pit methods and quarrying that have subsequently become flooded with water.",571,P,"-"
151746,"ELECTRICITY DISTRIBUTION",Y,"Buildings, sites and structures associated with the distribution of electricity.",571,P,"-"
151749,"TIMBER PROCESSING",Y,"Buildings, sites and structures associated with the processing of timber.",571,P,"-"
151751,"GARDEN",Y,"An enclosed piece of ground devoted to the cultivation of flowers, fruit or vegetables for domestic use.",571,P,"-"
151753,"FLOWER FARM",Y,"A farm concerned with the cultivation of flowering and ornamental plants for gardens and for floristry.",571,P,"-"
151754,"HOP GARDEN",Y,"A piece of land used for the cultivation of hops.",571,P,"-"
151755,"GARDEN (RECREATIONAL)",Y,"An enclosed piece of ground devoted to recreational purposes.",571,P,"-"
151756,"PARK",Y,"An enclosed piece of land, generally large in area, usually either surrounding a country house or castle, or conveniently adjacent to it. Used for hunting, the cultivation of trees, pasture and visual enjoyment.",571,P,"-"
151757,"TREE AVENUE",Y,"A straight road lined with trees along either side, also straight lines of trees found in parkland usually leading to a landscape feature.",571,P,"-"
151762,"HISTORIC URBAN CORE",Y,"The long-established historic centre of a town or city, typically delineated in historic characterisation as extent shown on an early epoch of OS mapping.",571,P,"-"
151763,"DWELLING",Y,"Places of permanent or temporary residence.",571,P,"-"
151764,"LINEAR URBAN DEVELOPMENT",Y,"Urban extension, usually along a major thoroughfare (canal, road or railway).",571,P,"-"
151765,"BURGAGE PLOT",Y,"A plot of land longer than it is wide, usually running perpendicularly from street with dwelling on street front. The holding of a burgess, and thus typical of medieval towns.",571,P,"-"
151766,"MARKET",Y,"An open space or covered building(s) to which livestock, goods, etc, are brought and displayed for sale.",571,P,"-"
151767,"COMMON EDGE VILLAGE",Y,"Agricultural village with farmsteads and cottages wholly or mainly arranged along the edge of a common.",571,P,"-"
151770,"PLANNED VILLAGE",Y,"Village whose regularity of spacing and shape of plots, and also often of form of dwellings, suggests a degree of external planning, usually by a landlord.",571,P,"-"
151771,"INDUSTRIAL VILLAGE",Y,"Village for accommodation of industrial workers, usually close to either extractive industry or milling.",571,P,"-"
151773,"AGRICULTURAL HAMLET",Y,"A small settlement containing two or more farmsteads, but few amenities. Typical rural settlement form away from central province.",571,P,"-"
151774,"INDUSTRIAL HAMLET",Y,"Hamlet for accommodation of industrial workers, usually close to either extractive industry or milling.",571,P,"-"
151775,"HOUSE",Y,"A dwelling with its immediately associated enclosures (yards, etc).",571,P,"-"
151779,"INTERRUPTED ROW",Y,"A row settlement (linear arrangement of dwellings along a road) with numerous substantial gaps between buildings.",571,P,"-"
151780,"PIECEMEAL ENCLOSURE",Y,"Field systems derived from gradual enclosure of open fields, usually from 13C to 17 & 18C when Parliamentary Enclosure dominated. Individual strips or groups enclosed by landholders, leaving elements of the former open field pattern visible.",571,P,"-"
151781,"FURLONG",Y,"Block of land within an open field system containing a number of individual strips and usually managed as a single cropping or farming unit. In places such blocks were associated with fixed lengths, hence also name for a customary length of 220 yards.",571,P,"-"
151785,"REORGANISED FIELD SYSTEM",Y,"Field pattern of any type or date that has been subject to revision, through either insertion or removal of boundaries, but where the original form is still legible.",571,P,"-"
151786,"RESTORED FIELDS",Y,"Fields created on the surface of restored land, such as that landscaped from the former dumps of coal mines. Modern and often regular.",571,P,"-"
151787,"AMALGAMATED FIELDS",Y,"Enlarged fields, created by the amalgamation by boundary removal of smaller fields, mainly since the 19th century and usually since the Second World War. Usually to ease mechanised working and increase productivity.",571,P,"-"
151789,"LIDO",Y,"A public recreational complex centred around an open-air swimming pool.",571,P,"-"
151792,"CINEMA",Y,"A building where people pay to see films and 'moving pictures'.",571,P,"-"
151793,"HUNTING SITE",Y,"An area, building, site or structure associated with the hunting of animals.",571,P,"-"
151794,"GROUSE MOOR",Y,"Heathland used for the shooting of Red Grouse. Managed, by the controlled burning of areas of heather, to create a habitat that is favourable to grouse. Lines of butts used by the shooters are a common feature.",571,P,"-"
151795,"ROYAL FOREST",Y,"Land including hunting areas for a monarch or (by invitation) the aristocracy; they usually included large areas of heath, grassland and wetland, that is habitats that supported deer and other game, but also farmland.",571,P,"-"
151797,"MOTOR SPORTS TRACK",Y,"A purpose-built facility for racing motor cars and/or motor cycles which may also include grandstands or concourses.",571,P,"-"
151852,"TANK RANGE",Y,"An area of ground used for the testing of, and practicing with armoured tanks.",571,P,"-"
151900,"MANAGED HERITAGE ASSET",N,"Large archaeological site presented to the public.",571,P,"-"
151928,"HILLFORT",Y,"A hilltop enclosure bounded by one or more substantial banks, ramparts and ditches. Now forming a feature within other landscape character types such as recreation, rough ground or enclosed land.",571,P,"-"
151975,"ROWING LAKE",Y,"A lake, sometimes purpose built, for use in the sport of rowing.",571,P,"-"
152298,"EQUESTRIAN CENTRE",Y,"A complex including buildings providing accomadation and activity areas for those involved in equestrian sports/activities and their horses.",571,P,"-"
152299,"STABLES",Y,"Building complex with yards etc, where horses are bred, raised and securely kept.",571,P,"-"
152301,"SPORTS GROUND",Y,"An area of prepared ground on which a sport is played and where paying spectators watch. Use more specific type where known.",571,P,"-"
152302,"FOOTBALL GROUND",Y,"A site including a pitch, stands and other ancillary buildings and areas associated with playing and paying to watch the game of football.",571,P,"-"
152303,"LEISURE CENTRE",Y,"A purpose built building and associated grounds, usually owned and operated by a local authority, where people go to keep fit or relax through using the facilities.",571,P,"-"
152305,"GALLOPS",Y,"A track or area where horses are exercised at a gallop.",571,P,"-"
152309,"WATER SPORTS",Y,"Buildings, sites and structures associated with water sporting activities. Use more specific type where known.",571,P,"-"
152311,"AMUSEMENTS",Y,"An area or place for recreation, typically with electronic game machines and gambling machines.",571,P,"-"
152312,"RECREATIONAL DIVE AREA",Y,"An area used by recreational divers, sometimes concentrated on wreck sites and other areas of semi-natural or historic environment interest.",571,P,"-"
152314,"LEISURE SAILING AREA",Y,"Area used for recreational sailing, yachting, and other small craft pursuits.",571,P,"-"
152316,"VALLEY BOG",Y,"A bog that develops in gently sloping valleys upon a peat layer. Valley bogs may develop in relatively dry and warm climates, but because they rely on ground or surface water, they only occur on acidic substrates.",571,P,"-"
152317,"COASTAL WETLAND",Y,"Coastally situated or inter-tidal areas of permanently saturated land such as saltmarsh whose vegetation and extents of open water may be dominated by its slope and elevation relative to the tidal cycle.",571,P,"-"
152320,"UPLAND",Y,"An area of elevated ground. As it is a relative term, the altitude of uplands can vary greatly.",571,P,"-"
152322,"SCREE",Y,"An accumulation of broken rock debris found on the slopes and at the base of crags, mountain cliffs, or valley shoulders.",571,P,"-"
152324,"RIVER",Y,"A significant watercourse largely following the natural drainage pattern and flowing towards another river, a lake or the sea.",571,P,"-"
152326,"UNIMPROVED LAND",N,"-",571,P,"-"
152327,"SCRUB",Y,"Uncultivated land characterised by vegetation dominated by shrubs or bushes of woody plants, sometimes including small trees.",571,P,"-"
152329,"DROVE COMMON",Y,"A common used for the resting and grazing of herds cattle being 'driven' to and from market.",571,P,"-"
152330,"ROUGH GROUND",Y,"Area dominated by rough vegetation, with no visible evidence of recent agricultural improvement. Used primarily for grazing and, historically, fuel gathering, often in common.",571,P,"-"
152331,"OPEN ROUGH GROUND",Y,"-",571,P,"-"
152332,"COASTAL ROUGH GROUND",Y,"Coastal area with rough vegetation created and maintained by grazing, often seasonal, and by fuel collection. Much is now neglected and reverting to scrub.",571,P,"-"
152333,"UPLAND ROUGH GROUND",Y,"Upland area with rough vegetation created and maintained by grazing, often seasonal, and historically by fuel collection.",571,P,"-"
152334,"VALLEY SIDE ROUGH GROUND",Y,"Valley side area with rough vegetation created and maintained by grazing, often seasonal, and historically by fuel collection.",571,P,"-"
152335,"CLIFF TOP ROUGH GROUND",Y,"Coastal rough ground on the flatter land on cliff tops; grazed by cattle as well as sheep and goats.",571,P,"-"
152336,"CLIFF SLOPE ROUGH GROUND",Y,"Coastal rough ground on steep slopes; only able to be grazed by sheep, goats etc.",571,P,"-"
152337,"SECONDARY ROUGH GROUND",Y,"Rough ground that has developed recently, usually as a result of the suspension of other land uses and management . Not normally subjected to grazing, fuel collection etc.",571,P,"-"
152379,"GRASSLAND",Y,"Unimproved farmland, used primarily for grazing, where the vegetation is dominated by grasses and other herbaceous plants.",571,P,"-"
152380,"CHALK GRASSLAND",Y,"Spieces-rich grazed land on chalk geology.",571,P,"-"
152382,"PEATLAND",Y,"Land with peat soil, such as an active or former bog, the peat often cut for domestic fuel, the land often seasonally grazed. Often known as a 'moss'.",571,P,""
152394,"VALLEY FLOOR AND WETLAND EXPLOITATION",N,"-",571,P,"-"
152403,"HORSE RACING",Y,"Areas relating to the sport that involves breeding and training thoroughbred horses and racing them against each other on large courses.",571,P,"-"
152508,"FORESHORE (SHINGLE)",Y,"An area of foreshore where the predominant cover is exposed coarse rock sediments of a grain size generally perceived as 'shingle' or 'pebbles'.",571,P,"-"
152521,"AGGREGATE DREDGING",Y,"Areas characterised by the extraction of sand and gravel by dredging from the sea floor, for use principally in construction and civil engineering. Also includes associated onshore facilities such as wharves, and aggregates processing areas.",571,P,"-"
152523,"DAYMARK",Y,"An unlit, highly visible and distinctive feature on the coast that can be used by mariners for navigation during daylight only.",571,P,"-"
152529,"DRYING HAZARD",Y,"Areas variously submerged but also subject to exposure above the sea surface at various states of the tide, known as 'drying areas' and forming a hazard to the safe passage of shipping.",571,P,"-"
152530,"MARITIME DEBRIS",Y,"An area deemed hazardous due to a predominance of recorded obstructions and fouls not known to be associated with a wreck.",571,P,"-"
152531,"ROCK OUTCROPS",Y,"An area dominated by rocks rising from the general level of the seabed and breaking the sea surface at some or all states of the tide, posing a risk for navigation.",571,P,"-"
152532,"WATER TURBULENCE",Y,"Areas of the water column and/or sea surface characterised by heavy swell, strong currents and tidal races which pose a risk for navigation.",571,P,"-"
152533,"HAZARDOUS WATER",Y,"Areas of the water column and/or sea surface above sea floor hazards and in a buffered zone around them.",571,P,"-"
152534,"SHOALS AND FLATS",Y,"Shallow areas of sand banks, shoals, bars and spits, highly subject to change and extent of low tide exposure due to mobility of sediments.",571,P,"-"
152535,"SUBMERGED ROCKS",Y,"Areas dominated by rocks rising from the general level of the seabed but not breaking the surface of the water at any state of the tide, posing a risk for navigation.",571,P,"-"
152539,"MARITIME SAFETY",Y,"Features or structures sited at important position-finding or dangerous points on the coast, or on inland waters, for the guidance and warning of mariners.",571,P,"-"
152540,"SAFETY AREA",Y,"An area of sea with advised or designated restrictions on navigation, or exclusion from permitted navigation altogether. These areas may respond to a variety of dangers.",571,P,"-"
152543,"WAVE POWER",Y,"Buildings, sites and structures associated with the harnessing the energy of wave power for electrical power generation.",571,P,"-"
152544,"LONGLINING",Y,"Areas characterised by commercial fishing using long line methods; this involves setting out a fishing line, often several kilometers long, from which shorter lines (snoods) are spaced at intervals with baited hooks.",571,P,"-"
152545,"SEINE NETTING",Y,"Areas characterised by commercial fishing using seine nets; which is a long net that hangs in the water column with floats along the upper edge and weights along the bottom. The ends of the net can be drawn together to encircle and herd a school of fish.",571,P,"-"
152548,"FISH WAREHOUSE",Y,"Buildings & grounds used specifically for storage of fish or fish products. Such storage may relate to several aspects of the fishing industry, for example the storage of fish after landing & before auction or sale, or the cold storage of fish after sale.",571,P,"-"
152549,"AQUACULTURE",Y,"The commercial cultivation of fish and shellfish populations under controlled conditions, often enclosed from wild stocks. It includes the raising of saltwater and/or freshwater species and may occur both inland or in fully marine situations.",571,P,"-"
152550,"SHELLFISH FARMING",Y,"Areas chacterised by the commercial cultivation of shellfish populations under controlled conditions, sometimes enclosed from wild stocks. Shellfish farming includes oyster, mussel and cockle beds which are seeded and managed over several seasons.",571,P,"-"
152551,"FISH TRAPPING",Y,"Areas characterised by the use of semi permanent/permanent fish traps for the capture of naturally occurring fish stocks. Does not include temporary portable pots and creels which are covered by POTTING AREA.",571,P,"-"
152552,"SHELLFISH COLLECTION",Y,"Areas characterised by the regular commercial collection by hand or hand held tools, of naturally occurring shellfish stocks for food. If collected for bait use BAIT DIGGING AREA and for commercial farming from artificial structures use SHELLFISH FARMING.",571,P,"-"
152553,"FIXED NETTING",Y,"Areas characterised by commercial fishing using fixed netting or set netting as it is sometimes known. It refers to netting held vertically and stationery in the water column, rather than being towed by a vessel or allowed to drift in the current.",571,P,"-"
152555,"HAND NETTING",Y,"Areas characterised by commercial fishing using hand nets worked by an individual fisherman. This consists of a rectangular frame from which a net is suspended. Regional variations include haaf netting, lave netting and dip netting.",571,P,"-"
152560,"FLOOD DEFENCE",Y,"Artificial constructions used to prevent water flooding the surrounding area. Often taking the form of a bank or wall but may be more elaborate (eg the Thames Barrier) and include run-off drains and reservoirs.",571,P,"-"
152561,"FLOOD AND EROSION DEFENCE",Y,"Provision of structures to remove, reduce or mitigate the risk of coastal, riverine and/or estuarine flooding from the sea, rivers or unchannelled rainfall run-off or to counter losses to coastal land from maritime erosive forces.",571,P,"-"
152562,"TRAMWAY",Y,"A light railway. Early usage tended to be in industrial contexts with animal drawn stock; later usage tended to be for the conveyance of passengers, often in urban areas, with vehicles run along sunken rails.",571,P,"-"
152563,"LANDING POINT",Y,"A place where vessels can land passengers and goods",571,P,"-"
152564,"PORT",Y,"A settlement area that combines a harbour and terminal facilities at the interface between land and water transportation systems.",571,P,"-"
152565,"NAVAL BATTLEFIELD",Y,"Recorded areas of former naval battles, where they form the dominant character of those areas. They may be associated with enhanced material imprints still extant in the form of wrecks and debris.",571,P,"-"
152570,"MILITARY INSTALLATION",Y,"A site and associated buildings used by the military for various purposes, usually defensive.",571,P,"-"
152571,"BATTLEFIELD",Y,"Recorded areas of former battles, where they form the dominant character of, or are the chief historical association attached to those areas.",571,P,"-"
152577,"ANTI INVASION DEFENCE",Y,"Sites, buildings and structures associated with the defence of the British Isles against invasion from seaborne or airborne forces.",571,P,"-"
152583,"NAVIGATION CHANNEL",Y,"Sea and river channels, charted or otherwise, used for shipping traffic. Use more specific type were known.",571,P,"-"
152584,"ACTIVE NAVIGATION CHANNEL",Y,"Sea or river channels, charted or otherwise, recorded as in active use by present shipping traffic, whatever the channels' date of origin.",571,P,"-"
152585,"DISUSED NAVIGATION CHANNEL",Y,"Sea and river channels no longer charted or recorded as in active navigational use for present shipping traffic, whatever the channel's broad date of origin.",571,P,"-"
152586,"BURIED NAVIGATION CHANNEL",Y,"Sea or river channels no longer charted or recorded as in active navigational use for present shipping traffic and with evidence that the channel is also now a buried feature (if extant at all).",571,P,"-"
152587,"HARBOUR POOL",Y,"An area of water adjacent to a port or harbour, falling under the jurisdiction of a port/harbour authority. Includes associated traffic areas and restricted navigation areas.",571,P,"-"
152591,"PALAEOLANDSCAPE COMPONENT",Y,"Relates to surviving areas of ancient topographic features of former exposed land with evidence or strong potential for associated palaeo-environmental deposits and/or old land surfaces.",571,P,"-"
152592,"PALAEOCHANNEL",Y,"The course or channel of a river or stream preserved as a geological or geomorphological feature. Use for areas containing individual examples or an individual system. For areas of inter-fluvial ridges & other features, use 'Palaeolandscape component'.",571,P,"-"
152593,"PEAT DEPOSIT",Y,"Peat deposits comprise unconsolidated semi-carbonised plant remains formed in freshwater-saturated environments. The type referred to here are those formed in earlier periods and may be exposed by erosion on the land, inter-tidal or sea-floor surface.",571,P,"-"
152594,"WATERCOURSE",Y,"A channel used for or formed by the conveyance of water.",571,P,"-"
152595,"MARINE",Y,"Of the sea, at any or all of its layers: surface, water column, floor and sub-floor.",571,P,"-"
152596,"COARSE SEDIMENT PLAIN",Y,"Extensive areas of seafloor whose surface sediments predominantly comprise different grades of pebbles, rocks, boulders etc with lower sand and very low silt and clay contents.",571,P,"-"
152597,"FINE SEDIMENT PLAIN",Y,"Large areas of seafloor whose surface sediments predominantly comprise different grades of sand and very low silt and clay content.",571,P,"-"
152598,"MUD PLAIN",Y,"Extensive areas of seafloor whose surface sediments predominantly comprise fine sediment grades with high silt and clay contents.",571,P,"-"
152599,"MIXED SEDIMENT PLAIN",Y,"Large areas of seafloor whose surface sediments predominantly comprise heterogeneous sediment grades, from pebbles and gravels to sands, silts and clays. The overall composition can be highly variable, as can the form of their grades' mixing.",571,P,"-"
152600,"SANDBANKS WITH SANDWAVES",Y,"An area of sand banks containing extensive wavelike structures and megaripples formed by rapidly moving currents of water on the sandbanks' surface. May occur around the margins of sandflats or they may occur in deeper water.",571,P,"-"
152601,"EXPOSED BEDROCK",Y,"Areas whose surface predominantly comprises bedrock exposures. On the sea-floor can be associated with rocks and boulders but little finer sediment deposition.",571,P,"-"
152602,"RECLAMATION FROM SEA",Y,"Land reclaimed directly from the sea by enclosure and drainage.",571,P,"-"
152603,"RECLAMATION FROM TIDAL MARSH",Y,"Land reclaimed directly from tidal marsh, usually salt marsh, by enclosure and drainage.",571,P,"-"
152604,"RECLAMATION FROM WETLAND",Y,"Land reclaimed directly from wetland.",571,P,"-"
152605,"ENERGY INDUSTRY",Y,"-",571,P,"-"
152607,"FIRING RANGE",Y,"A piece of ground over which small arms or large artillery may be fired at targets during training or exercises. Firing ranges regularly form components of much larger military practice areas.",571,P,"-"
152608,"ROUGH GRASSLAND",Y,"Area of rough ground dominated by unintensively managed grassland often the result of long traditions of rough grazing or a conservation measure to prevent land reverting to scrub.",571,P,"-"
152611,"PLEASURE PIER",Y,"A raised platform, generally of iron and/or wood, supported on spaced pillars or props and projecting out into the sea and designed to provide primarily recreational access over the sea from the shore to an adjacent position near or below MLW.",571,P,"-"
152612,"LEISURE BEACH",Y,"Largely inter-tidal areas, predominantly of sand, used mostly for leisure and relaxation by coastal visitors. May be managed actively, eg by periodic scraping or beach replenishment, or passively, eg by groynes, to retain the sand cover.",571,P,"-"
152614,"BATHING/SWIMMING AREA",Y,"An outdoor area, commonly on the coast, used by people predominantly for bathing and/or swimming.",571,P,"-"
152615,"SPORTS FACILITY",Y,"Areas whose dominant character is provision for sporting activity, whether or not commercially provided, and whether or not in areas of purpose-built structures.",571,P,"-"
152620,"OVERHEAD POWER CABLE",Y,"Raised cable supported on pylons or other structures and used to transmit electricity over long distances.",571,P,"-"
152621,"SUBMARINE POWER CABLE",Y,"Cable laid on or beneath the sea floor and used to transmit electricity from the mainland to islands or to offshore installations, or to link offshore electricity generators to the onshore national electricity grid.",571,P,"-"
152622,"LIME PRODUCTION",Y,"Areas associated primarily with the transport and production of burnt lime from limestone, largely for agricultural use but also for lime mortar.",571,P,"-"
152623,"SPOIL AND WASTE DUMPING",Y,"Areas used for the disposal of domestic and/or industrial waste. Material deposited may include dredging spoil, drilling waste, treated sewage, domestic refuse and other land waste.",571,P,"-"
152624,"PROCESSING INDUSTRY",Y,"Covers industries applying various processes to primary materials to prepare them for use either directly or in manufacturing industry. Use specific type where known.",571,P,"-"
152625,"NUCLEAR REPROCESSING",Y,"Industrial area for the decommissioning of structures associated with the nuclear industry, reprocessing of nuclear materials, nuclear waste management and/or nuclear fuel manufacturing activities take place.",571,P,"-"
152626,"IRON WORKS",Y,"An industrial complex for large-scale production of iron.",571,P,"-"
152627,"STEEL WORKS",Y,"An industrial complex for large-scale production of steel in the 19th and 20th centuries.",571,P,"-"
152628,"HYDROCARBON PIPELINE",Y,"A pipeline involved in the transmission of oil or natural gas between facilities involved in their extraction, processing, storage or distribution.",571,P,"-"
152633,"SUBMARINE TELECOMMUNICATION CABLE",Y,"Cables laid beneath the sea to carry telecommunications including telephone and internet communications, also historic telegraph systems. The most frequent function of submarine cabling, especially that covering long distances.",571,P,"-"
152638,"SHIPPING INDUSTRY",N,"Areas dominated by activity relating directly to the building, use, maintenance, storage and administration of shipping and boats..",571,P,"-"
160128,"CREMATORIUM COMPLEX",Y,"Place (building and grounds) where the dead are respectfully incinerated and remembered.",571,P,"-"
160129,"FUNERARY",Y,"Related to respectful disposal of the bodies of the dead.",571,P,"-"
160130,"RELIGION",N,"Organised public system, often involving agreed symbols and behaviours, relating humanity to particular beliefs and values. Often links explanatory schemes (for example of the origin and meaning of life) to morality and ethics.",571,P,"-"
160131,"RELIGIOUS COMMUNITY",Y,"Buildings and grounds where a group of devotees to a religion live and worship. Subdivide by form of religion, sect, etc.",571,P,"-"
160132,"BUSINESS",Y,"Being in a state of busily undertaking commercially viable work; being a body undertaking such business.",571,P,"-"
160133,"STORAGE AND HANDLING",Y,"Facilities (buildings and directly associated grounds) for the storage of goods.",571,P,"-"
160134,"ROAD TUNNEL",Y,"A tunnel through which a road runs.",571,P,"-"
160153,"MOORLAND (DIVIDED)",Y,"Moorland divided by stock-proof boundaries.",571,P,"-"
160154,"MOORLAND (UNDIVIDED)",Y,"Moorland left open, not divided by stock-proof boundaries.",571,P,"-"
160155,"ANCIENTLY ENCLOSED LAND",Y,"Early farmland, whose predominant character developed by the later medieval or earlier. Usually broad-brush characterisation that includes farming settlement and various other land use.",571,P,"-"
160156,"ASSART",Y,"Land enclosed from woodland. Required licence in medieval period. Term applied more generally in landscape history. Can include planned and regular enclosures and piecemeal irregular ones. Often still with numerous trees on boundaries.",571,P,"-"
160157,"BARTON DEMESNE FIELDS",Y,"Field patterns established by lord of an estate, usually as closes (bounded individual fields), in distinction to the open common fields of tenants. They tend to be relatively large fields.",571,P,"-"
160158,"BRICK SHAPED FIELDS",Y,"Patterns of early fields, often prehistoric in origin, that are roughly rectilinear with sinuous sides and that share a common general orientation without having the dominant lines of coaxial fields. Sometimes called Celtic Fields.",571,P,"-"
160159,"ENCLOSURE OF PARKLAND",Y,"Fields established within former parkland, either medieval deer park or post-medieval landscaped park. Tend to be large and regular fields and land often retains some parkland features, notably standard trees.",571,P,"-"
160160,"GRANGE FIELDS",Y,"Medieval fields, often large and regular, established on the food producing estates of monasteries.",571,P,"-"
160161,"INFIELDS",Y,"The more closely assessed and more intensively worked fields of an infield-outfield system, usually of open field type.",571,P,"-"
160162,"INTAKE FROM ROUGH GROUND",Y,"Fields established on former rough ground. Mostly post-medieval.",571,P,"-"
160163,"MODERN ENCLOSED LAND",Y,"Farmland, whose predominant character developed since World War 2. Usually broad-brush characterisation that includes farming settlement and various land use.",571,P,"-"
160164,"OUTFIELDS",Y,"Marginal fields, often part of open field systems, beyond the more closely assessed and more intensively worked infields. In places left uncultivated for many decades. Often worked in common and divided into strips.",571,P,"-"
160165,"PLANNED FIELD SYSTEM",Y,"Field system, usually with perfectly straight boundaries, usually rectilinear and regular, developed by reorganisation by several landowners of an earlier system. Term often used for post-medieval non-Parliamentary Enclosure of open fields.",571,P,"-"
160166,"RECENTLY ENCLOSED LAND",Y,"Farmland, whose predominant character developed between the medieval period and WW2. Usually broad-brush characterisation that includes farming settlement and various land use.",571,P,"-"
160167,"STRIP FIELDS",Y,"Long narrow plots of land within an open field. Also used for those plots once enclosed and held in severalty, the form in which most now survive.",571,P,"-"
160168,"CHINA CLAY WORKS",Y,"A place where china-clay (kaolin) is extracted and purified.",571,P,"-"
160169,"HYDROCARBON EXTRACTION",Y,"The removal of oil, oil derivatives or natural gas from naturally occurring reserves.",571,P,"-"
160170,"MANUFACTURING INDUSTRY",Y,"Production of secondary materials through various processes; distinguished from PROCESSING INDUSTRYÂ¿s preparation of primary materials.",571,P,"-"
160171,"METAL WORKS",Y,"A place where metal ores are dressed, smelted and transformed into utilitarian material.",571,P,"-"
160188,"SHIPBUILDING AND REPAIR",Y,"Buildings, sites and structures associated with the construction and repair of ships and boats.",571,P,"-"
160194,"ROMAN FORT",Y,"A Roman period, permanently fortified military base incorporating a range of barracks, victualling and command structures. Often built to standardised plans which developed through time.",571,P,"-"
160197,"PLEASURE GROUNDS",Y,"An area within an ornamentally designed landscape where owners and guests walked about for pleasure. Typically complex mixes of plantings, ornamental gardens and play areas (bowling, croquet, etc).",571,P,"-"
160212,"CLIFF GARDENS",Y,"Ornamental gardens, usually open to the public, that take advantage of the peculiar topography and climate found on cliffs.",571,P,"-"
160213,"COASTAL RECREATION",Y,"Taking pleasure from the particular qualities and facilities afforded by or established at the sea and coast.",571,P,"-"
160214,"COUNTRY SPORT",Y,"Land primarily devoted to the persuit, trapping, shooting and hunting of wild or purposefully raised animals.",571,P,"-"
160215,"EVENTS",Y,"Complex designed to accomodate major gatherings.",571,P,"-"
160216,"FISHING AREA",Y,"Areas dominated by use for recreational fishing and angling.",571,P,"-"
160252,"INDOOR RECREATION",Y,"Facilities provided for indoor recreation, often with external grounds associated (car parks etc).",571,P,"-"
160264,"MUNICIPAL PARK",Y,"Land, often in urban areas, dedicated to outdoor public recreation. Usually with ornamental planting of trees and shrubs, with some formal gardens, ornamental ponds etc. Generally more robust than in landscaped parks with public conveniences & playgrounds",571,P,"-"
160274,"OPEN AIR MUSEUM",Y,"A building, group of buildings or space within a building, where objects of value such as works of art, antiquities, scientific specimens, or other artefacts are housed and displayed.",571,P,"-"
160275,"RACE COURSE",Y,"A purpose-built facility for the racing of horses; may also include grandstands or concourses.",571,P,"-"
160285,"RECREATION",Y,"Activities undertaken in leisure (or discretionary) time for the purposes of enjoyment, amusement or pleasure.",571,P,"-"
160288,"RECREATIONAL ACCOMMODATION",Y,"Provision for occasional accommodation for those who have travelled from home for enjoyment, amusement or pleasure.",571,P,"-"
160292,"RECREATION GROUND",Y,"Area of open ground with permanent or semi-permanent facilities established to enable people to enjoy, amuse or please themselves.",571,P,"-"
160294,"OPEN SPACE",Y,"Public outdoor areas often with facilities for games and other activities.",571,P,"-"
160297,"SAILING AREA",Y,"Area used for recreational sailing, yachting and other small craft persuits.",571,P,"-"
160382,"SPORTS FIELD",Y,"An area of ground, often publically owned, where outdoor sports are played, usually with the necessary marking out and structures (goal posts etc). Distinguished from sports grounds where spectators pay to watch.",571,P,"-"
160383,"SWIMMING POOL",Y,"Indoor pool for sports such as swimming and diving. Includes any directly associated grounds.",571,P,"-"
160424,"COUNCIL HOUSING",Y,"Set of local authority provided dwellings for rent. Usually of uniform design, with gardens, and often located either at the edges of villages or at the roadside in open country.",571,P,"-"
160425,"GREEN EDGE VILLAGE",Y,"Agricultural village with farmsteads and cottages wholly or mainly arranged around the edges of a green.",571,P,"-"
160426,"ISOLATED DWELLING",Y,"Rural residence with no immediate neighbours.",571,P,"-"
160427,"ISOLATED FARM",Y,"Farmstead with no near neighbours, usually an element of a dispersed settlement pattern.",571,P,"-"
160472,"CHALK GRASSLAND (DIVIDED)",Y,"Chalk grassland, divided by stock-proof boundaries.",571,P,"-"
160473,"CHALK GRASSLAND (UNDIVIDED)",Y,"Chalk grassland left open, undivided by stock-proof boundaries.",571,P,"-"
160474,"COASTAL ROUGH GROUND (DIVIDED)",Y,"Coastal rough ground divided by stock-proof boundaries.",571,P,"-"
160475,"COASTAL ROUGH GROUND (UNDIVIDED)",Y,"Coastal rough ground left open, undivided by stock-proof boundaries.",571,P,"-"
160476,"FURZE",Y,"Unimproved land dominated by furze (gorse), used for rough grazing and harvested as domestic fuel.",571,P,"-"
160477,"FURZE (DIVIDED)",Y,"Areas of furze divided by stock-proof boundaries.",571,P,"-"
160478,"FURZE (UNDIVIDED)",Y,"Areas of furze left open, not divided by stock-proof boundaries.",571,P,"-"
160479,"HEATHLAND (DIVIDED)",Y,"Heathland divided by stock-proof boundaries.",571,P,"-"
160480,"HEATHLAND (UNDIVIDED)",Y,"Heathland left open, not divided by stock-proof boundaries.",571,P,"-"
160481,"MARSH (DIVIDED)",Y,"Marshland divided by stock-proof boundaries.",571,P,"-"
160482,"MARSH (UNDIVIDED)",Y,"Marshland left open, not divided by stock-proof boundaries.",571,P,"-"
160483,"PEATLAND (DIVIDED)",Y,"Peatland divided by stock-proof boundaries.",571,P,"-"
160484,"PEATLAND (UNDIVIDED)",Y,"Peatland left open, not divided by stock-proof boundaries.",571,P,"-"
160485,"ROUGH GRASSLAND (DIVIDED)",Y,"Rough Grassland divided by stock-proof boundaries.",571,P,"-"
160486,"ROUGH GRASSLAND (UNDIVIDED)",Y,"Rough grassland left open, not divided by stock-proof boundaries.",571,P,"-"
160487,"SCRUB (DIVIDED)",Y,"Scrub divided by stock-proof boundaries.",571,P,"-"
160488,"SCRUB (UNDIVIDED)",Y,"Scrub left open, not divided by stock-proof boundaries.",571,P,"-"
160489,"UPLAND ROUGH GROUND (DIVIDED)",Y,"Upland rough ground divided by stock-proof boundaries.",571,P,"-"
160490,"UPLAND ROUGH GROUND (UNDIVIDED)",Y,"Upland rough ground left open, not divided by stock-proof boundaries.",571,P,"-"
160491,"VALLEY SIDE ROUGH GROUND (DIVIDED)",Y,"Valley side rough ground divided by stock-proof boundaries.",571,P,"-"
160492,"VALLEY SIDE ROUGH GROUND (UNDIVIDED)",Y,"Valley side rough ground left open, not divided by stock-proof boundaries.",571,P,"-"
163214,"RESIDENTIAL AREA",Y,"Urban area dominated by housing.",571,P,"-"
164065,"MILL WATER SYSTEM",Y,"Water management system typically with weir, leat, mill pool, mill and its associated structures, spaces and tailrace.",571,P,"-"
164066,"VALLEY BOTTOM MEADOW",Y,"Permanent grassland on poorly drained valley floors, exploited for the lush grass it supports. Often enclosed, sometimes held in common and used for hay-making and best summer pasture.",571,P,"-"
164067,"WATER MEADOW",Y,"Controlled irrigation to draw nutrient-rich silts and material onto valley-bottom grassland to increase hay yields and enable earlier mowing. Early modern agricultural improvement; normally now no longer operated though earthworks may survive.",571,P,"-"
164068,"WATER MEADOW (REGULAR PATTERN)",Y,"Water meadow with relatively rigid patterns of drains, usually perfectly straight and with large numbers parallel with each other.",571,P,"-"
164069,"WATER MEADOW (IRREGULAR PATTERN)",Y,"Water meadow with a relatively irregular pattern of drains, usually more sinuous and with fewer being parallel with each other.",571,P,"-"
164070,"WILLOW GARDENS",Y,"Areas, often enclosed by stock-proof boundaries, where willows are cultivated for various purposes, including basketry, but also for fuel.",571,P,"-"
164071,"ANCIENT WOODLAND (REPLANTED)",Y,"Ancient woodland where original natural tree coverage has been clear-felled (often during the 20th century world wars) and the area replanted with other trees, often coniferous.",571,P,"-"
171101,"LEISURE FISHING AREA",Y,"An area used for recreational fishing and angling.",571,P,"-"
