"CLA_GR_UID","THE_TE_UID","TERM","INDEX_TERM","SCOPE_NOTE","STATUS","IMAGE_EXISTS"
73,99959,"QUARTZITE","Y","Medium grained, hard, white/grey coloured stone consisting of quartz and often silica, produced by the metamorphosis of sandstone","P",
73,144480,"FELT","Y",,"P",
73,143453,"SCHIST","Y","Medium to coarse grained metamorphic rock, colour being determined by its dominant mineral. Often used for floor and wall claddin","P",
73,141974,"TAMARAC","Y","North American wood, the name being applied either to the American Larch; or to the Black or Ridge-pole Pine of inland areas; and the Scrub Pine of maritime regions.","P",
73,144473,"BEECH","Y","A deciduous tree in the family Fagaceae, native to temperate Europe, Asia, and North America.","P",
73,144479,"TEXTILE","Y",,"P",
73,141340,"PINE","Y","A straight-grained, durable and often resinous timber obtained from trees of the genus Pinus.","P",
73,142974,"CERAMIC","Y","A hard material formed by firing clay. For pottery, use POTTERY.","P",
73,143005,"LEAD ALLOY","Y","Metal alloy with lead as the principal component.","P",
73,141284,"ELM","Y","A hard, durable wood obtained from trees of the genus Ulmus.","P",
73,143865,"ANTIMONY","Y","A metallic element often used in alloys and historically used in pottery and glass-making, paints, enamelling, and in cosmetics and medicine. Often derived from its sulphite ore, stibnite.","P",
73,146351,"JADE","Y","An ornamental green stone of the mineral nephrite.","P",
73,142973,"DOLERITE","Y","Coarse basaltic rock.","P",
73,146359,"ONYX","Y","Onyx is a cryptocrystalline form of quartz. It is a semi-precious stone that is usually cut as a cabochon, or into beads, and is also used for intaglios and cameos.","P",
73,141973,"SPRUCE","Y","A light, soft, moderately-strong wood obtained from trees of the genus Picea.","P",
73,140448,"FIR","Y","The wood of the evergreen coniferous tree characterized by single needle-like leaves and errect cones.","P",
73,142972,"GRAPHITE","Y","Crystalline allotropic form of carbon used in pencils, as a lubricant etc.","P",
73,143960,"ZINC","Y","Blue-white metal, obtained from ore, and used commercially for roofing, galvanizing iron, or in alloys. Also used in the 19th century as sheathing for ship's hulls.","P",
73,146408,"ALABASTER","Y","Alabaster is a name applied to varieties of two distinct minerals: gypsum and calcite. The finer kinds of alabaster are employed as an ornamental stone, especially for internal decoration as it's softness allows it to be carved into elaborate forms.","P",
73,164111,"HERTFORDSHIRE PUDDINGSTONE","Y","A conglomerate rock comprising well rounded flint pebbles in a very hard matrix of fine pale coloured sand, bound together by hard natural silica cement. The pebbles are usually coloured ochre or red and have black rims.","P",
73,160192,"CHALK","Y","Soft, white, porous sedimentary rock, a form of limestone composed of the mineral calcite.","P",
73,166990,"Utahlite","N",,"N",
73,152383,"TEAK","Y","A strong durable wood originating in India and south-east Asia.","P",
73,166989,"VARISCITE","Y","A brownish-red mineral commonly used as a semi-precious gemstone. A variety of the silica mineral chalcedony coloured by impurities of iron oxide.","P",
73,166988,"PLASTER","Y","A building material used for coating walls and ceilings. Plaster can refer to gypsum plaster (also known as plaster of Paris), lime plaster, or cement plaster.","P",
73,160444,"EBONY","Y","Dark and dense hardwood timber which may be sourced from various species of true ebony from southern Asia and Africa, but the name may also be given to dark hardwoods from elsewhere, e.g. the Americas.","P",
73,159154,"ALUMINIUM","Y","A white ductile metal used, for example, in alloys, for instruments, and in aircraft construction.","P",
73,164394,"LARCH","Y","A deciduous conifer native to Britain and Europe supplying durable and waterproof timber suitable for shipbuilding features such as masts.","P",
73,166987,"Cornelian","N",,"N",
73,164110,"PUDDINGSTONE","Y","Conglomerate consisting of rounded flint pebbles held together in a natural silica and sand cement.","P",
73,164107,"HAZEL","Y","A commonly coppiced wood from the genus Corylus.","P",
73,163222,"COAL","Y","Use for objects made from coal or for stray finds of coal where the association with a wreck site is not proven and thus cannot be stated as either cargo or bunkers.","P",
73,151858,"FIBREGLASS","Y","A material made from extremely fine fibres of glass and is used as a reinforcing agent for many polymer products.","P",
73,151859,"Glass Fibre","N",,"N",
73,151860,"Fiberglass","N",,"N",
73,147357,"BIRCH","Y","The timber from genus Betula, found in Europe and North America, particularly in northern regions.","P",
73,166986,"CARNELIAN","Y","A brownish-red mineral commonly used as a semi-precious gemstone. A variety of the silica mineral chalcedony coloured by impurities of iron oxide.","P",
73,166991,"AMETHYST","Y","A purple or violet variety of quartz often used in jewelry. Amethyst is a semi-precious stone which owes its violet colour to irridation, iron impurities, and the presence of  trace elements, which result in complex crystal lattice substitutions.","P",
73,166992,"GARNET","Y","A silicate mineral used since the Bronze Age as gemstones and abrasives. Found in many colours including red, orange, yellow, green, purple, brown, blue, black, pink and colourless.","P",
73,166993,"EMERALD","Y","A green coloured gemstone. A variety of the mineral beryl coloured green by trace amounts of chromium and sometimes vanadium.","P",
73,170068,"AMPHIBOLITE","Y","A coarse grained metamorphic rock that is composed maily of green, brown or black amphibole minerals and plagioclase feldspar. Amphiboles are usually members of the hornblende group.","P",
73,170069,"SILTSTONE","Y","A sedimentary rock primarily composed of silt sized particles.","P",
73,169986,"BAKELITE","Y","An early plastic formed from a condensation reaction of phenol with formaldehyde which was developed by Leo Baekeland in 1907.","P",
73,170070,"MUDSTONE","Y","A sedimantary rock composed of fine grained clay particles. Flaky mudstone is called shale.","P",
73,170108,"PAPER","Y","A thin, flexible material made from the pulp of wood or other fibrous matter which is then pressed and dried to form sheets.","P",
73,170109,"CHARCOAL","Y","The black, lightweight and porous residue of partly burnt wood.","P",
73,169900,"RUBBER","Y","Elastic polymeric substance made from the latex of a tropical plant or synthetically.","P",
73,170732,"Aluminum","N",,"N",
73,75395,"QUARTZ","Y","Hard, transparent, often coloured mineral. Can be found on its own as crystals and veins but also as a major constituent of rocks such as granite. Often used decoratively.","P",
73,75380,"METAL","Y","Class of elements and alloys that are characteristically lustrous,ductile, fusible and malleable. These are extracted from ore minerals originally existing in nature and processed before becoming a recognisable metal.","P",
73,75381,"MINERAL","Y","Natural inorganic substance possessing a definite chemical composition in a crystalline form.","P",
73,75384,"OAK","Y","A native hardwood of the Beech family with hard and durable characteristics which traditionally made it appropriate for structural work.","P",
73,75385,"OBJECT MATERIAL","N","Materials used in the manufacture of objects.","P",
73,75386,"OBSIDIAN","Y","A form of volcanic glass with similar properties to FLINT and often used in the manufacture of sharp-edged tools.","P",
73,75390,"PEWTER","Y","An alloy which is composed predominantly of tin (c.85-99 percent).","P",
73,75394,"POTTERY","Y","A ceramic made from clay and fired in a kiln or oven. This term has been used interchangeably with EARTHENWARE and with TERRACOTTA","P",
73,75379,"MARBLE","Y","Collective name for, in a true geological sense, a metamorphosed limestone, eg. Carrara marble, and, in the British sense any decorative stone that will take a polish, eg. Purbeck marble. In the latter's case index with specific stone type where given","P",
73,75396,"SANDSTONE","Y","Geologically sandstone consists of particles of quartz naturally cemented together by either silica, calcium or iron. It is this geological composition that accounts for the varying colours and grain sizes found in the many building sandstones.","P",
73,75398,"SHALE","Y","Soft, very fine grained, dark coloured, sedimentary rock which splits easily.","P",
73,75399,"SHELL","Y","Hard, protective covering made largely of calcium salts secreted by soft bodied invertebrate animals.","P",
73,75401,"SILVER","Y","A precious metal of lustrous white colour with great malleability and ductility.","P",
73,75403,"SLATE","Y","Collective term for a hard, fine grained, dark coloured metamorphic rock, which splits easily; hence its common use as a roofing and flooring material, and a functional description for any rectangular, sheet, roofing material.","P",
73,75404,"STEEL","Y","A strong, durable alloy of iron and carbon.","P",
73,75405,"STONE","Y","Rock of definite form and size, usually artificially shaped.","P",
73,75408,"TERRACOTTA","Y","Hard, unglazed, brown, versatile earthenware which can be used as a tile or moulded into statuary.","P",
73,75410,"TIN","Y","A soft, lustrous low-melting crystalline metallic element that is malleable and ductile at ordinary temperatures and that is used as a protective coating, in tinfoil, and in soft solders and alloys.","P",
73,75377,"LIMESTONE","Y","Sedimentary rock consisting mainly of calcium carbonate. Varying in grain size, colour and hardness, quarried and used throughout the country.","P",
73,75414,"WOOD","Y","A hard, compact, unprocessed, fibrous cellulose substance. The roots, trunks and branches of trees and shrubs consist of this tissue.","P",
73,75364,"GREENSTONE","Y","Geologist's term for any dark coloured, slightly metamorphosed igneous rock. Index with specific stone type where given.","P",
73,75411,"TOOTH","Y","A hard, bone-like material obtained from animal teeth.","P",
73,75358,"FAIENCE","Y","A glass-like compound first made in ancient Egypt. It involves coating a core material of powdered quartz with a vitreous alkaline glaze. Also the name given to a tin-glazed earthenware.","P",
73,75335,"ALLOY","Y","A metallic substance made by combining two or more elements at least one of which is a metal. Use more specific terms where known.","P",
73,75337,"AMBER","Y","A semi-precious, fossilised resin usually used for ornamentation and jewellery.","P",
73,75338,"ANIMAL","Y","Material derived or formed from the corporeal parts of a member of the animal kingdom.","P",
73,75339,"ANTLER","Y","A form of bone, which grows on the heads of members of the deer family and is shed annually. Antler can be used by man for a variety of purposes.","P",
73,75342,"BONE","Y","Any of the pieces of hard tissue consisting largely of calcium phosphate that make up the skeleton of a vertebrate animal.","P",
73,75343,"BRASS","Y","Easily formed metal alloy composed of copper and zinc.","P",
73,75345,"CEMENT","Y","Originally obtained by burning limestone to produce quicklime. Now a fine grey powder made from a mixture of limestone and clay used with water and sand to make mortar or with water, sand and aggregate to make concrete.","P",
73,75348,"CLAY","Y","A fine grained earth which becomes more plastic when water is added and can be moulded and dried to make bricks, tile, pottery, etc.","P",
73,75349,"CONCRETE","Y","Composed of sand, stones or other aggregate and cement mixed with water which sets in a hard mass. The material is usually associated with modern building but was developed by Romans where cement was obtained from quicklime.","P",
73,75350,"COPPER","Y","Metal used primarily for roofing and ornamental purposes, being lighter and stronger than lead.","P",
73,75351,"COPPER ALLOY","Y","An alloy where the predominant component metal is copper.","P",
73,75369,"IRON","Y","A malleable, ductile ferromagnetic metal widely used for structural and decorative purposes.","P",
73,75357,"ENAMEL","Y","A coloured, glass-like substance (opaque or partially opaque) that is fused to the surface of metal or glass or pottery for decorative or protective purposes.","P",
73,75376,"LEATHER","Y","Animal skin that has been hardened or treated by a tanning process.","P",
73,75359,"FLINT","Y","Hard, durable, dark grey stone, the purest native form of silica, which can either be used decoratively or as a main material. Predominantly found in East Anglia and the South East.","P",
73,75361,"GLASS","Y","Transparent, hard substance made by fusing soda-silica which solidifies from a molten state.","P",
73,75362,"GOLD","Y","A malleable, ductile ferromagnetic metal widely used for structural and decorative purposes.","P",
73,75363,"GRANITE","Y","A hard, coarse grained, durable igneous rock. Can be used decoratively or as a main material. Found throughout the country.","P",
73,75346,"CHERT","Y","A hard silica rich rock, black or brown coloured, commonly found in nodular form.","P",
73,75368,"HORN","Y","Horn is a hollow, bone-like projection consisting mainly of keratin, found on certain animals (sheep, cows, goats etc.)","P",
73,75370,"IVORY","Y","A hard, white, fine-grained substance forming the main part of the tusks of elephants, walruses, hippos and narwhals.","P",
73,75371,"JADEITE","Y","A hard, translucent variety of jade which is rarer than the other varieties of nephrite as a result considered to be the best and very desirable.","P",
73,75372,"JET","Y","A hard, black form of lignite that takes a brilliant polish. It is used in jewellery and for ornamentation.","P",
73,75373,"LAVA","Y","A hard, igneous rock formed from the cooling of molten volcanic magma.","P",
73,75374,"LEAD","Y","Metal used primarily for roof coverings and window fittings. It is easy to work, can be worked cold and does not rust which makes it suitable for holding or repelling water.","P",
73,75353,"EARTHENWARE","Y","A clay-based ceramic fired at low kiln temperatures (c.800-1200 degrees). Essentially, earthenwares are porous and require glazing for most applications. This term has been used interchangeably with TERRACOTTA and with POTTERY","P",
73,75344,"BRONZE","Y","Hard, corrosive alloy of copper and tin.","P",
