"CLA_GR_UID","THE_TE_UID","TERM","INDEX_TERM","SCOPE_NOTE","STATUS","IMAGE_EXISTS"
596.00,152693.00,"UNCONTROLLED ANIMALS","Y","Domestic animals that have either been left to roam uncontrolled by their owners or are allowed to cause distress to other members of the public whilst with their owner.","P",
596.00,152715.00,"UNAUTHORIZED GAME PLAYING","Y","The playing of games in a location where they are not permitted.","P",
596.00,152680.00,"FLY TIPPING","Y","The illegal deposit of any waste onto land that is not  licensed to accept waste.","P",
596.00,152681.00,"LITTERING","Y","The action of throwing or dropping litter onto the ground rather than disposing of it properly.","P",
596.00,152682.00,"FLY POSTING","Y","The illegal placing of posters or flyers on private property without the consent of the property owner.","P",
596.00,152683.00,"ILLEGAL PARKING","Y","The act of leaving a vehicle in a place where parking prohibited or at a time when parking is restricted.","P",
596.00,152684.00,"ABANDONED VEHICLE","Y","The act of disposing of a vehicle in a place where it is illegal to leave it.","P",
596.00,152685.00,"NATURAL ENVIRONMENT","N","Illegal actions that impact directly upon the natural environment.","P",
596.00,152686.00,"UNAUTHORIZED ACTS","Y","Any works that take place to a heritage asset that have not been authorized. Use more specific type where known.","P",
596.00,152687.00,"UNAUTHORIZED METAL DETECTING","Y","The use of a metal detector at a heritage asset. Use more specific type where known.","P",
596.00,152688.00,"UNLICENSED EXCAVATION","Y","The act of causing damage to and/or the destruction of archaeological deposits at a heritage assest by means of unauthorized excavation work.","P",
596.00,152689.00,"BEGGING","Y","The act of attempting to secure material benefits from others in a public place.","P",
596.00,152690.00,"DRUG DEALING","Y","The illegal distribution and sale of substances which are subject to drug prohibition laws.","P",
596.00,152678.00,"DRUG MISUSE","Y","The improper use of legal and/or illegal drugs with the intention to achieve intoxicating effects.","P",
596.00,152692.00,"PUBLIC URINATION","Y","The passing of urine from the body in a public place.","P",
596.00,152677.00,"ALCOHOL MISUSE","Y","The use of alcoholic beverages to achieve intoxication.","P",
596.00,152694.00,"NOISE","Y","A loud, harsh, disturbing, disagreeable or intrusive sound.","P",
596.00,152695.00,"FIREARM MISUSE","Y","The improper use of a firearm in a public place and/or the use of a firearm to threaten or inflict violence or harm.","P",
596.00,152696.00,"AIRGUN MISUSE","Y","The improper use of a airgun in a public place and/or the use of a firearm to threaten or inflict violence or harm.","P",
596.00,152697.00,"FIREWORK MISUSE","Y","The irresponsible use of a firework and/or the use of fireworks as weapons ro harass and injure other individuals.","P",
596.00,152698.00,"STREET DRINKING","Y","The consumption of alcohol in public places.","P",
596.00,152700.00,"UNLICENSED RAVE","Y","A party free"" from the restrictions of the legal club scene where the people present create and enforce the rules. As a result drugs may be readily available and noise levels may be illegally high.""","P",
596.00,152702.00,"BAT DISTURBANCE","Y","To intentionally or recklessly disturb a bat in its roost or deliberately disturb a group of bats without a licence.","P",
596.00,152704.00,"WILDLIFE DISTURBANCE","Y","The act of causing damage to, or the destruction of, the nests or homes of animals.","P",
596.00,152705.00,"WILDLIFE SHOOTING","Y","The illegal or unlicensed shooting of animals with firearms or bow weapons.","P",
596.00,152706.00,"WILDLIFE TRAPPING","Y","The illegal or unlicensed use of a device, such as a snare, foothold, cage trap or funnel trap etc, to remotely catch an animal.","P",
596.00,152707.00,"WILDLIFE POISONING","Y","The illegal or unlicensed poisoning of animals or birds.","P",
596.00,152709.00,"BIRD EGG REMOVAL","Y","The act of illegally removing the eggs of protected species of birds from their nests.","P",
596.00,152701.00,"FLORA REMOVAL","Y","The deliberate and illegal removal of plants and flowers from a site; this can include unauthorized turf removal and the removal of plant life from wall caps.","P",
596.00,152691.00,"UNAUTHORIZED ACCESS","Y","The act of causing damage to a standing heritage asset by climbing upon its structure.","P",
596.00,152663.00,"PUBLIC SEX ENVIRONMENT","N","Sexual acts that take place in public or semi-public places.","P",
596.00,152640.00,"DAMAGE","N","Activities that can result in physical damage to a heritage asset.","P",
596.00,152641.00,"CRIMINAL DAMAGE","Y","The willful damage of a heritage asset.","P",
596.00,152650.00,"GRAFFITI","Y","Casual scribbles or pictographs on walls, stones or other surfaces. In more recent times applied to humorous, satiric or obscene writings or drawings executed anonymously in public places.","P",
596.00,152651.00,"REMOVAL OF OBJECTS","N","The illegal removal of cultural objects from a heritage asset.","P",
596.00,152652.00,"THEFT","Y","The illegal taking of another person's property without that person's freely-given consent. Theft covers the illegal removal of artefacts from archaeological sites and the removal of lead and other architectural fittings from standing heritage assets.","P",
596.00,152653.00,"ARCHITECTURAL THEFT","Y","The illegal removal of architectural features from heritage assets.","P",
596.00,152654.00,"CULTURAL THEFT","Y","The illegal removal of fittings and internal furnishings from heritage assets.","P",
596.00,152655.00,"METAL THEFT","Y","The illegal removal of structural metal fittings, such as a lead roof or cast iron drainpipes, from heritage assets.","P",
596.00,152656.00,"INAPPROPRIATE USE OF VEHICLES","N","The anti-social use of a vehicle and nuisance caused by behaviour associated with vehicle usage.","P",
596.00,152657.00,"Arson","N",,"N",
596.00,152658.00,"OFF ROADING","Y","The illicit driving of a vehicle over natural terrain or archaeologically sensitive areas where such activity is not permitted.","P",
596.00,152660.00,"NUISANCE BEHAVIOUR","N","Behaviour that is either irritating, irksome and/or harmful or offensive to the public for which there is a legal remedy.","P",
596.00,152679.00,"ENVIRONMENTAL CRIME","N","Illegal acts which directly harm the environment.","P",
596.00,152662.00,"ASSAULT","Y","A crime of violence against another person. Use more specific type where known.","P",
596.00,152716.00,"ROWDINESS","Y","Disorderly and noisy behaviour.","P",
596.00,152664.00,"ASSAULT (VISITOR)","Y","A crime of violence against a visitor to a heritage site. Double index with the type and severity of the assault if known).","P",
596.00,152665.00,"ASSAULT (VOLUNTEER)","Y","A crime of violence against a volunteer at a heritage site. Double index with the type and severity of the assault if known).","P",
596.00,152666.00,"SEX GROUPS","Y","Groups of people who meet to perform group sex. Such activity can occur amongst people of all sexual orientations and genders. Group sex may take place in public for example, at nude beaches, secluded heritage assets or outdoor events or nightclubs.","P",
596.00,152667.00,"SEX WORKING","Y","The provision of sex services by sex workers who are paid to engage in sexually explicit behavior with clients; for example prostitutes or escorts.","P",
596.00,152668.00,"PROSTITUTION","Y","The act of prostituting a person or oneself for sexual activity in return for payment.","P",
596.00,152669.00,"INDECENT EXPOSURE","Y","Unseemly behaviour involving the public exposure of one's body in an indecent manner.","P",
596.00,152670.00,"FIRE SETTING","Y","The deliberate, malicious starting of fires.","P",
596.00,152671.00,"VEHICLE NOISE","Y","Sound energy emanating from motor vehicles which is is constituted chiefly of engine, tire, aerodynamic and braking elements.","P",
596.00,152672.00,"Car Noise","N",,"N",
596.00,152673.00,"Motorbike Noise","N",,"N",
596.00,152674.00,"OFF ROAD CAR USE","Y","The illicit driving of a car over natural terrain or archaeologically sensitive areas where such activity is not permitted.","P",
596.00,152675.00,"OFF ROAD MOTORCYCLE USE","Y","The illicit riding of a motorcycle over natural terrain or archaeologically sensitive areas where such activity is not permitted.","P",
596.00,152676.00,"OFF ROAD BICYCLE USE","Y","The illicit riding of a bicycle over natural terrain or archaeologically sensitive areas where such activity is not permitted.","P",
596.00,152661.00,"SUBSTANCE MISUSE","N","The improper use of legal and/or illegal substances with the intention to achieve intoxicating effects.","P",
596.00,159401.00,"NON COMPLIANCE WITH ENFORCEMENT NOTICE","Y",,"P",
596.00,159377.00,"NON REMOVAL OF ARTEFACTS","Y","The use of a metal detector at a heritage asset which had yet to result in the location and removal of artefacts without consent.","P",
596.00,159378.00,"NIGHTHAWKING","Y","The illicit use of metal detectors on archaeological sites, or sites of archaeological significance. An activity usually undertaken at night with the intention of stealing artifacts from the ground which are then often sold for personal profit.","P",
596.00,159379.00,"Metal Detecting (Removal Of Artefacts)","N",,"N",
596.00,159380.00,"Metal Detecting (Non Removal Of Artefacts)","N",,"N",
596.00,159381.00,"EQUIPPED TO COMMIT CRIME","Y","Being apprehended in a public place whilst in possession of the equipment required to commit a particular type of crime.","P",
596.00,159392.00,"UNAUTHORIZED SALVAGING","Y","The act of removing cultural artefacts from a wreck site that has been designated, under either the Protection of Wrecks Act 1973 or the Protection of Military Remains Act 1986, without a license.","P",
596.00,159393.00,"Wrecking","N",,"N",
596.00,159394.00,"ILLEGAL SPORTS","N","Any sport that has been deemed illegal due to it either involving abuse against people or animals or becuase the sport is violent and/or dangerous in nature.","P",
596.00,159395.00,"Grievous Bodily Harm","N",,"N",
596.00,159396.00,"DRUG PARAPHANALIA","Y","The littering of sites with items used for and relating to the taking of illegal drugs such as syringes, cigarette rolling papers, crack pipes etc.","P",
596.00,159397.00,"SEXUAL PARAPHANALIA","Y","The littering of sites with items used for and relating to sexual acts, such as condoms and/or the advertisment of sexual services, such as calling cards etc.","P",
596.00,159398.00,"BREACH OF CONDITION","Y","The act of breaching the conditions set when scheduled monument consent/listed building consent was granted.","P",
596.00,152710.00,"INTIMIDATION","Y","The action of causing a person to fear injury or harm.","P",
596.00,159400.00,"FALSE CERTIFICATE ON APPLICATION FOR CONSENT","Y",,"P",
596.00,159374.00,"CRIME","N",,"P",
596.00,159402.00,"CONTRAVENTION OF DISCONTINUANCE OF USE","Y",,"P",
596.00,163255.00,"RIFLE MISUSE","Y","The improper use of a rifle to threaten or inflict violence or harm.","P",
596.00,163254.00,"SHOTGUN MISUSE","Y","The improper use of a shotgun to threaten or inflict violence or harm.","P",
596.00,163253.00,"ANTI SOCIAL BEHAVIOR (ENVIRONMENTAL)","Y",,"P",
596.00,163252.00,"ANTI SOCIAL BEHAVIOR (NUISANCE)","Y",,"P",
596.00,163251.00,"ANTI SOCIAL BEHAVIOR (PERSONAL)","Y",,"P",
596.00,163250.00,"ANTI SOCIAL BEHAVIOR","N",,"P",
596.00,163237.00,"Artefact Theft","N",,"N",
596.00,163236.00,"LEAD THEFT","Y","The illegal removal of lead external fittings or artefacts from heritage assets.","P",
596.00,163235.00,"Ferrous Theft","N",,"N",
596.00,163234.00,"IRON THEFT","Y","The illegal removal of iron external fittings or artefacts from heritage assets.","P",
596.00,163233.00,"COPPER THEFT","Y","The illegal removal of copper external fittings or artefacts from heritage assets.","P",
596.00,163232.00,"BRASS THEFT","Y","The illegal removal of brass external fittings or artefacts from heritage assets.","P",
596.00,159399.00,"CONTRAVENTION OF STOP NOTICE","Y","The act of continuing on site works to either a scheduled monument or a listed building after notice has been given to cease all on site works.","P",
596.00,159361.00,"MINOR ASSAULT","Y","The unlawful threat of violence or touching of another persion with intent to inflict bodily harm.","P",
596.00,159122.00,"ILLEGAL ARTEFACT DEALING","Y","The act of trading in cultural property which has been stolen, illegally excavated or illegally imported.","P",
596.00,159123.00,"PUBLIC DEFECATION","Y","The passing of solid waste from the body in a public place.","P",
596.00,159151.00,"Panhandling","N",,"N",
596.00,159155.00,"Fireraising","N",,"N",
596.00,159349.00,"Vandalism","N",,"N",
596.00,159350.00,"Unlicensed Party","N",,"N",
596.00,159351.00,"RITUAL ACTIVITY","Y","The practice of alternative religous activities.","P",
596.00,159354.00,"Plant Removal","N",,"N",
596.00,159355.00,"URBAN EXPLORATION","Y","The exploration of the normally unseen or off-limits parts of heritage sites without the permission of the owner.","P",
596.00,159356.00,"Threatening Behaviour","N",,"N",
596.00,159357.00,"Harrassment","N",,"N",
596.00,159358.00,"VERBAL INTIMIDATION","Y","The action of causing a person to fear injury or harm by using verbal abuse.","P",
596.00,159376.00,"REMOVAL OF ARTEFACTS","Y","The use of a metal detector at a heritage asset which has resulted in the location and removal of artefacts without consent.","P",
596.00,159360.00,"ASSAULT (CUSTODIAN)","Y","A crime of violence against the custodian of a heritage site. Double index with the type and severity of the assault if known).","P",
596.00,159367.00,"Dogging","N",,"N",
596.00,163231.00,"BRONZE THEFT","Y","The illegal removal of bronze external fittings or artefacts from heritage assets.","P",
596.00,159373.00,"BADGER BAITING","Y","An illegal blood sport in which badgers are forced to fight a sucession of dogs.","P",
596.00,159372.00,"BADGER DISTURBANCE","Y","The act disturbing a Badger sett without a licence.","P",
596.00,159371.00,"BESTIALITY","Y",,"P",
596.00,159370.00,"Peeping Tom","N",,"N",
596.00,159359.00,"PHYSICAL INTIMIDATION","Y","The action of causing a person to fear injury or harm by threatening them with physical violence.","P",
596.00,159368.00,"KERB CRAWLING","Y","The practice of driving slowly by the side of a road with the intention of either harassing or soliciting prostitutes for sex.","P",
596.00,159375.00,"UNAUTHORIZED DIVING","Y","The act of diving a wreck site that has been designated, under either the Protection of Wrecks Act 1973 or the Protection of Military Remains Act 1986, without a license.","P",
596.00,159366.00,"Flashing","N",,"N",
596.00,159365.00,"Rape","N",,"N",
596.00,159364.00,"SEXUAL ASSAULT","Y","The intentional touching of another in a sexual manner where the perpetrator does not believe that the other party consents to their actions. Created by section 3 of the Sexual Offences Act 2003.","P",
596.00,159363.00,"FATAL ASSAULT","Y","A crime of violence against another person that results in the death of the person being assaulted.","P",
596.00,159362.00,"SERIOUS ASSAULT","Y","The unlawful infliction of bodily harm upon another person.","P",
596.00,159369.00,"VOYEURISM","Y","The act of obtaining sexual stimulation from the covert observation of the sexual organs or actions of others.","P",
