"TH_T_U_UID","TERM","CLA_GR_UID","BROAD_TERM_U_UID","TOP_TERM_U_UID"
197536,"DAMAGE",596,202921,202921
197546,"GRAFFITI",596,197536,202921
197547,"REMOVAL OF OBJECTS",596,197536,202921
197548,"THEFT",596,197547,202921
197552,"INAPPROPRIATE USE OF VEHICLES",596,197536,202921
197554,"OFF ROADING",596,197552,202921
197556,"NUISANCE BEHAVIOUR",596,202921,202921
197557,"SUBSTANCE MISUSE",596,202921,202921
197558,"ASSAULT",596,202921,202921
197559,"PUBLIC SEX ENVIRONMENT",596,202921,202921
197560,"ASSAULT (VISITOR)",596,197558,202921
197562,"SEX GROUPS",596,197559,202921
197563,"SEX WORKING",596,197559,202921
197564,"PROSTITUTION",596,197563,202921
197565,"INDECENT EXPOSURE",596,197559,202921
197566,"FIRE SETTING",596,197536,202921
197567,"INAPPROPRIATE USE OF VEHICLES",596,202921,202921
197568,"VEHICLE NOISE",596,197567,202921
197569,"OFF ROAD CAR USE",596,197554,202921
197570,"OFF ROAD MOTORCYCLE USE",596,197554,202921
197571,"OFF ROAD BICYCLE USE",596,197554,202921
197572,"ALCOHOL MISUSE",596,197557,202921
197573,"DRUG MISUSE",596,197557,202921
197574,"ENVIRONMENTAL CRIME",596,202921,202921
197575,"FLY TIPPING",596,197574,202921
197576,"LITTERING",596,197574,202921
197577,"FLY POSTING",596,197574,202921
197578,"ILLEGAL PARKING",596,197567,202921
197579,"ABANDONED VEHICLE",596,197567,202921
197580,"NATURAL ENVIRONMENT",596,202921,202921
197584,"BEGGING",596,197556,202921
197585,"ALCOHOL MISUSE",596,197556,202921
197586,"DRUG MISUSE",596,197556,202921
197587,"DRUG DEALING",596,197556,202921
197589,"PUBLIC URINATION",596,197556,202921
197590,"UNCONTROLLED ANIMALS",596,197556,202921
197591,"NOISE",596,197556,202921
197592,"VEHICLE NOISE",596,197591,202921
197593,"FIREARM MISUSE",596,197556,202921
197594,"AIRGUN MISUSE",596,197593,202921
197595,"FIREWORK MISUSE",596,197556,202921
197596,"STREET DRINKING",596,197585,202921
197600,"FLORA REMOVAL",596,197580,202921
197603,"FLORA REMOVAL",596,197547,202921
197605,"WILDLIFE SHOOTING",596,197580,202921
197606,"WILDLIFE TRAPPING",596,197580,202921
197607,"WILDLIFE POISONING",596,197580,202921
197609,"WILDLIFE DISTURBANCE",596,197580,202921
197610,"BAT DISTURBANCE",596,197609,202921
197611,"BIRD EGG REMOVAL",596,197580,202921
197612,"INTIMIDATION",596,202921,202921
197614,"UNAUTHORIZED GAME PLAYING",596,197556,202921
197615,"ROWDINESS",596,197556,202921
202646,"ILLEGAL ARTEFACT DEALING",596,202921,202921
202898,"CRIMINAL DAMAGE",596,197536,202921
202900,"UNLICENSED RAVE",596,197556,202921
202901,"RITUAL ACTIVITY",596,197556,202921
202902,"PUBLIC DEFECATION",596,197556,202921
202903,"ARCHITECTURAL THEFT",596,197548,202921
202904,"CULTURAL THEFT",596,197548,202921
202905,"METAL THEFT",596,197548,202921
202906,"UNAUTHORIZED ACCESS",596,202921,202921
202907,"URBAN EXPLORATION",596,202906,202921
202908,"VERBAL INTIMIDATION",596,197612,202921
202909,"PHYSICAL INTIMIDATION",596,197612,202921
202910,"ASSAULT (VOLUNTEER)",596,197558,202921
202911,"MINOR ASSAULT",596,197558,202921
202912,"SERIOUS ASSAULT",596,197558,202921
202913,"FATAL ASSAULT",596,197558,202921
202914,"SEXUAL ASSAULT",596,197558,202921
202915,"SEXUAL ASSAULT",596,197559,202921
202916,"KERB CRAWLING",596,197563,202921
202918,"BESTIALITY",596,197559,202921
202919,"BADGER DISTURBANCE",596,197609,202921
202920,"BADGER BAITING",596,202919,202921
202921,"CRIME",596,,202921
202922,"UNAUTHORIZED DIVING",596,202906,202921
202923,"UNAUTHORIZED ACTS",596,197536,202921
202925,"UNAUTHORIZED METAL DETECTING",596,202923,202921
202927,"REMOVAL OF ARTEFACTS",596,202925,202921
202928,"NON REMOVAL OF ARTEFACTS",596,202925,202921
202929,"NIGHTHAWKING",596,197547,202921
202930,"EQUIPPED TO COMMIT CRIME",596,202921,202921
202931,"UNAUTHORIZED SALVAGING",596,197547,202921
202932,"NIGHTHAWKING",596,202925,202921
202934,"VOYEURISM",596,197559,202921
202935,"ILLEGAL SPORTS",596,197556,202921
202936,"BADGER BAITING",596,202935,202921
202937,"BADGER BAITING",596,197580,202921
202938,"WILDLIFE SHOOTING",596,202935,202921
202942,"DRUG PARAPHANALIA",596,197576,202921
202943,"SEXUAL PARAPHANALIA",596,197576,202921
202944,"SEXUAL PARAPHANALIA",596,197559,202921
202948,"BREACH OF CONDITION",596,202923,202921
202949,"CONTRAVENTION OF STOP NOTICE",596,202923,202921
202950,"FALSE CERTIFICATE ON APPLICATION FOR CONSENT",596,202923,202921
202951,"NON COMPLIANCE WITH ENFORCEMENT NOTICE",596,202923,202921
202952,"CONTRAVENTION OF DISCONTINUANCE OF USE",596,202923,202921
203687,"UNLICENSED EXCAVATION",596,202923,202921
205842,"BRONZE THEFT",596,202905,202921
205843,"BRASS THEFT",596,202905,202921
205844,"COPPER THEFT",596,202905,202921
205845,"IRON THEFT",596,202905,202921
205846,"LEAD THEFT",596,202905,202921
205853,"ANTI SOCIAL BEHAVIOR",596,202921,202921
205854,"ANTI SOCIAL BEHAVIOR (PERSONAL)",596,205853,202921
205855,"ANTI SOCIAL BEHAVIOR (NUISANCE)",596,205853,202921
205856,"ANTI SOCIAL BEHAVIOR (ENVIRONMENTAL)",596,205853,202921
205858,"INTIMIDATION",596,205854,202921
205859,"PHYSICAL INTIMIDATION",596,205858,202921
205860,"VERBAL INTIMIDATION",596,205858,202921
205861,"FLY POSTING",596,205856,202921
205862,"FLY TIPPING",596,205856,202921
205863,"LITTERING",596,205856,202921
205864,"DRUG PARAPHANALIA",596,205863,202921
205865,"SEXUAL PARAPHANALIA",596,205863,202921
205866,"BIRD EGG REMOVAL",596,205856,202921
205867,"FLORA REMOVAL",596,205856,202921
205868,"WILDLIFE POISONING",596,205856,202921
205869,"WILDLIFE SHOOTING",596,205856,202921
205870,"WILDLIFE TRAPPING",596,205856,202921
205871,"WILDLIFE DISTURBANCE",596,205856,202921
205872,"BADGER DISTURBANCE",596,205871,202921
205873,"BAT DISTURBANCE",596,205871,202921
205874,"BADGER BAITING",596,205872,202921
205875,"ABANDONED VEHICLE",596,205856,202921
205876,"ILLEGAL PARKING",596,205856,202921
205877,"VEHICLE NOISE",596,205897,202921
205878,"OFF ROADING",596,205856,202921
205879,"OFF ROAD BICYCLE USE",596,205878,202921
205880,"OFF ROAD CAR USE",596,205878,202921
205882,"OFF ROAD MOTORCYCLE USE",596,205878,202921
205883,"ALCOHOL MISUSE",596,205855,202921
205884,"BEGGING",596,205855,202921
205885,"DRUG DEALING",596,205855,202921
205886,"DRUG MISUSE",596,205855,202921
205887,"FIREARM MISUSE",596,205855,202921
205888,"AIRGUN MISUSE",596,205887,202921
205889,"SHOTGUN MISUSE",596,197593,202921
205890,"SHOTGUN MISUSE",596,205887,202921
205891,"RIFLE MISUSE",596,197593,202921
205892,"RIFLE MISUSE",596,205887,202921
205893,"FIREWORK MISUSE",596,205855,202921
205894,"RITUAL ACTIVITY",596,205855,202921
205895,"ROWDINESS",596,205855,202921
205896,"UNAUTHORIZED GAME PLAYING",596,205855,202921
205897,"NOISE",596,205856,202921
205898,"STREET DRINKING",596,205883,202921
205899,"PUBLIC DEFECATION",596,205856,202921
205900,"PUBLIC URINATION",596,205856,202921
205901,"UNCONTROLLED ANIMALS",596,205856,202921
205902,"UNLICENSED RAVE",596,205856,202921
214820,"ASSAULT (CUSTODIAN)",596,197558,202921
