"TH_T_U_UID","TERM","CLA_GR_UID","BROAD_TERM_U_UID","TOP_TERM_U_UID"
184833,"ROAD",365,183398,167189
184834,"BRIDGE",365,183398,167189
167183,"ANTI INVASION DEFENCE SITE",365,167300,167189
167184,"AIR DEFENCE SITE",365,167300,167189
167185,"ACTIVE AIR DEFENCE SITE",365,167184,167189
167186,"PASSIVE AIR DEFENCE SITE",365,167184,167189
167187,"ANTI AIRCRAFT DEFENCE SITE",365,167185,167189
167188,"CIVIL DEFENCE SITE",365,167300,167189
167189,"MILITARY DEFENCE AND FORTIFICATION",365,,167189
167190,"COASTAL DEFENCE SITE",365,167300,167189
167191,"AIRFIELD DEFENCE SITE",365,167300,167189
167192,"ANTI AIRCRAFT GUN POST",365,167244,167189
167193,"ANTI BOAT LANDING OBSTACLE",365,167183,167189
167194,"ANTI BOAT LANDING OBSTACLE",365,167190,167189
167195,"ANTI LANDING OBSTACLE",365,167191,167189
167196,"ANTI TANK OBSTACLE",365,167183,167189
167197,"CUBE",365,167198,167189
167198,"ANTI TANK BLOCK",365,167196,167189
167199,"EARLY WARNING SITE",365,167300,167189
167200,"BUOY",365,167198,167189
167201,"PIMPLE",365,167198,167189
167202,"COFFIN",365,167198,167189
167203,"CONE",365,167198,167189
167204,"CYLINDER",365,167198,167189
167205,"ANTI TANK HAIRPIN",365,167196,167189
167206,"BEACH SCAFFOLDING",365,167193,167189
167207,"ANTI TANK VERTICAL RAIL",365,167196,167189
167208,"ANTI TANK SCAFFOLDING",365,167196,167189
167209,"ANTI TANK GIRDER",365,167196,167189
167210,"ANTI TANK WALL",365,167196,167189
167211,"ANTI TANK DITCH",365,167196,167189
167212,"BATTLE HEADQUARTERS (3329/41)",365,167216,167189
167213,"BATTLE HEADQUARTERS (11008/41)",365,167216,167189
167214,"PICKETT HAMILTON FORT",365,167191,167189
167215,"TETRAHEDRON",365,167198,167189
167216,"BATTLE HEADQUARTERS",365,167191,167189
167217,"PILLBOX",365,167183,167189
167218,"PILLBOX (TYPE FW3/22)",365,167217,167189
167219,"PILLBOX (TYPE 391)",365,167217,167189
167220,"PILLBOX (TYPE CE124/41)",365,167217,167189
167221,"PILLBOX (TYPE CE2717)",365,167217,167189
167222,"PILLBOX (TYPE CE2843)",365,167217,167189
167223,"PILLBOX (TYPE FW3/23)",365,167217,167189
167224,"PILLBOX (TYPE CE390)",365,167217,167189
167225,"PILLBOX (TYPE CP/6/40/111)",365,167217,167189
167226,"PILLBOX (TYPE CRE TL62)",365,167217,167189
167227,"PILLBOX (TYPE CRE1094)",365,167217,167189
167228,"PILLBOX (TYPE CRE1116)",365,167217,167189
167229,"PILLBOX (TYPE FW3/24)",365,167217,167189
167230,"PILLBOX (TYPE FW3/25)",365,167217,167189
167231,"PILLBOX (TYPE FW3/26)",365,167217,167189
167232,"PILLBOX (TYPE FW3/27)",365,167217,167189
167233,"PILLBOX (TYPE FW3/28)",365,167217,167189
167234,"PILLBOX (TYPE FW3/28A)",365,167217,167189
167235,"PILLBOX (TYPE FW3/45)",365,167217,167189
167236,"PILLBOX (TYPE FW3/46)",365,167217,167189
167237,"BARBED WIRE ENTANGLEMENT",365,167183,167189
167238,"COAST ARTILLERY BATTERY",365,167260,167189
167239,"PETROLEUM WARFARE SITE",365,167183,167189
167240,"DEMOLITION CHARGE SITE",365,167183,167189
167241,"PICKETT HAMILTON FORT",365,167217,167189
167242,"ANTI AIRCRAFT BATTERY",365,167187,167189
167243,"HEAVY ANTI AIRCRAFT BATTERY",365,167242,167189
167244,"LIGHT ANTI AIRCRAFT BATTERY",365,167242,167189
167245,"Z BATTERY",365,167242,167189
167246,"COMMAND POST",365,167378,167189
167247,"AIR RAID SHELTER",365,167188,167189
167248,"ANDERSON SHELTER",365,167247,167189
167249,"CIVIL DEFENCE BUILDING",365,167188,167189
167250,"EMERGENCY PLANNING CENTRE",365,167249,167189
167251,"REGIONAL GOVERNMENT HEADQUARTERS",365,167249,167189
167252,"REGIONAL SEAT OF GOVERNMENT",365,167249,167189
167253,"WAR ROOM",365,167249,167189
167254,"NUCLEAR BUNKER",365,167188,167189
167255,"BUFFER DEPOT",365,167188,167189
167256,"ANTI AIRCRAFT OPERATIONS ROOM",365,167187,167189
167257,"SEARCHLIGHT BATTERY",365,167187,167189
167258,"BEACH DEFENCE BATTERY",365,167260,167189
167259,"COAST ARTILLERY SEARCHLIGHT",365,167190,167189
167260,"COASTAL BATTERY",365,167190,167189
167261,"EXTENDED DEFENCE OFFICERS POST",365,167190,167189
167262,"TORPEDO STATION",365,167190,167189
167263,"SUBMARINE MINE ESTABLISHMENT",365,167190,167189
167264,"SOUND MIRROR",365,167199,167189
167265,"EARLY WARNING STATION",365,167199,167189
167266,"RADAR STATION",365,167265,167189
167267,"RADIO TELEGRAPHY STATION",365,167265,167189
167268,"ANTENNA ARRAY",365,167199,167189
167269,"ROYAL OBSERVER CORPS SITE",365,167199,167189
167270,"GROUP HEADQUARTERS",365,167269,167189
167271,"ORLIT POST",365,167269,167189
167272,"UNDERGROUND MONITORING POST",365,167283,167189
167273,"CANADIAN PIPE MINE",365,167240,167189
167274,"DEMOLITION CHAMBER",365,167240,167189
167275,"BARREL FLAME TRAP",365,167239,167189
167276,"DEFENDED BUILDING",365,167389,167189
167277,"AIR RAID PRECAUTIONS SITE",365,167188,167189
167278,"AIR RAID WARDENS POST",365,167277,167189
167279,"AIR RAID WARNING SIREN",365,167277,167189
167280,"AIR RAID PRECAUTIONS STORE",365,167277,167189
167281,"AIR RAID PRECAUTIONS CENTRE",365,167277,167189
167282,"SPIGOT MORTAR EMPLACEMENT",365,167183,167189
167283,"ROYAL OBSERVER CORPS SITE",365,167188,167189
167284,"SOUND MIRROR",365,167186,167189
167285,"RADAR STATION",365,167186,167189
167286,"RADIO TELEGRAPHY STATION",365,167186,167189
167287,"ROYAL OBSERVER CORPS SITE",365,167186,167189
167288,"ORLIT POST",365,167287,167189
167289,"GROUP HEADQUARTERS",365,167287,167189
167290,"ANTENNA ARRAY",365,167186,167189
167291,"TETT TURRET",365,167217,167189
167292,"FORTIFIED HOUSE",365,167276,167189
167293,"LOOPHOLED WALL",365,167276,167189
167294,"CHAIN HOME STATION",365,167266,167189
167295,"CHAIN HOME LOW STATION",365,167294,167189
167296,"CHAIN HOME EXTRA LOW STATION",365,167294,167189
167297,"COAST DEFENCE CHAIN HOME LOW STATION",365,167294,167189
167298,"BARRAGE BALLOON SITE",365,167187,167189
167299,"BARRAGE BALLOON CENTRE",365,167298,167189
167300,"DEFENCE SITE",365,167189,167189
167301,"GUN EMPLACEMENT (TYPE 55415)",365,167405,167189
167302,"GUN EMPLACEMENT (TYPE 55414)",365,167405,167189
167303,"GUN EMPLACEMENT (TYPE 55422)",365,167405,167189
167304,"GUN EMPLACEMENT (TYPE 55483)",365,167405,167189
167305,"GUN EMPLACEMENT (TYPE 55491)",365,167405,167189
167306,"GUN EMPLACEMENT (TYPE 55503)",365,167405,167189
167308,"GUN LAYING RADAR PLATFORM",365,167243,167189
167309,"HOLDFAST",365,167405,167189
167310,"GUN STORE",365,167243,167189
167311,"MAGAZINE",365,167243,167189
167312,"BLOODHOUND MISSILE LAUNCH SITE",365,167185,167189
167313,"FIGHTER COMMAND STATION",365,167185,167189
167314,"THOR MISSILE LAUNCH SITE",365,167185,167189
167315,"SUB REGIONAL SEAT OF GOVERNMENT",365,167252,167189
167316,"FOUGASSE",365,167239,167189
167317,"BEACH DEFENCE LIGHT",365,167190,167189
167318,"BOMBING DECOY SITE",365,167185,167189
167319,"K SITE",365,167318,167189
167320,"Q SITE",365,167318,167189
167321,"SOUND MIRROR (20 FEET)",365,167284,167189
167322,"SOUND MIRROR (20 FEET)",365,167264,167189
167323,"SOUND MIRROR (30 FEET)",365,167284,167189
167324,"SOUND MIRROR (30 FEET)",365,167264,167189
167325,"SOUND MIRROR (200 FEET)",365,167284,167189
167326,"SOUND MIRROR (200 FEET)",365,167264,167189
167329,"QF SITE",365,167318,167189
167330,"QL SITE",365,167318,167189
167331,"BISON MOBILE PILLBOX",365,167217,167189
167332,"BISON MOBILE PILLBOX",365,167191,167189
167333,"Q SITE SHELTER (3395/40)",365,167320,167189
167334,"Q SITE SHELTER (367/41)",365,167320,167189
167335,"POLE",365,167195,167189
167336,"CABLE",365,167195,167189
167337,"PILLBOX (SHELLPROOF)",365,167217,167189
167338,"ANTI LANDING TRENCH",365,167195,167189
167339,"PILLBOX (VARIANT)",365,167217,167189
167340,"ANTI TANK DITCH (ARTIFICIAL)",365,167211,167189
167343,"BEACH SCAFFOLDING",365,167194,167189
167344,"DANNERT WIRE",365,167237,167189
167345,"COUNTER BOMBARDMENT BATTERY",365,167238,167189
167346,"CLOSE DEFENCE BATTERY",365,167238,167189
167347,"ANTI MOTOR TORPEDO BOAT BATTERY",365,167238,167189
167348,"EMERGENCY COAST DEFENCE BATTERY",365,167238,167189
167349,"STOP LINE",365,167183,167189
167350,"PILLBOX (TYPE FW3/27)",365,167244,167189
167351,"ANTI LANDING OBSTACLE",365,167183,167189
167352,"ANTI LANDING TRENCH",365,167351,167189
167353,"CABLE",365,167351,167189
167354,"POLE",365,167351,167189
167355,"PILLBOX (TYPE FW3/23)",365,167244,167189
167356,"FIELDWORK",365,167183,167189
167357,"RUCK MACHINE GUN POST",365,167217,167189
167358,"FIRE TRENCH",365,167362,167189
167359,"AUXILIARY UNIT OPERATIONAL BASE",365,173450,167189
167360,"SLIT TRENCH",365,167362,167189
167361,"MINED BRIDGE",365,167240,167189
167362,"TRENCH",365,167356,167189
167363,"MINED ROAD",365,167240,167189
167364,"COMMUNICATION TRENCH",365,167362,167189
167365,"INFANTRY POST",365,167356,167189
167366,"WEAPONS PIT",365,167356,167189
167367,"LYON LIGHT EMPLACEMENT",365,167183,167189
167368,"ANTI TANK GUN EMPLACEMENT",365,167405,167189
167369,"PILLBOX (TYPE FW3/28)",365,167368,167189
167370,"MINEFIELD",365,167190,167189
167371,"RAILBLOCK",365,167183,167189
167372,"PILLBOX (TYPE FW3/28A)",365,167368,167189
167373,"ROADBLOCK",365,167183,167189
167375,"BUNKER",365,167183,167189
167376,"DEFENCE WORK",365,167300,167189
167377,"RIFLE PIT",365,167356,167189
167378,"ANCILLARY BUILDING",365,167300,167189
167379,"FIREWATCHERS POST",365,167277,167189
167380,"BARRACK BLOCK",365,167378,167189
167381,"QUARTERMASTERS STORE",365,167378,167189
167382,"REGIMENTAL HEADQUARTERS",365,167378,167189
167383,"DRILL HALL",365,167382,167189
167384,"MESS",365,167378,167189
167385,"SERGEANTS MESS",365,167384,167189
167386,"OFFICERS MESS",365,167384,167189
167387,"RECREATION HUT",365,167378,167189
167389,"DEFENDED LOCALITY",365,167183,167189
167390,"ABLUTIONS BLOCK",365,167378,167189
167391,"SPIDER BILLET",365,167380,167189
167392,"ANTI TANK DITCH (NATURAL IMPROVED)",365,167211,167189
167393,"ALLAN WILLIAMS TURRET",365,167217,167189
167394,"PILLBOX (MODIFIED)",365,167217,167189
167395,"CONSOL SHELTER",365,167247,167189
167396,"RAIDSAFE SHELTER",365,167247,167189
167397,"PEDESTAL",365,167282,167189
167398,"ANTI SEAPLANE OBSTACLE",365,167195,167189
167399,"ANTI SEAPLANE OBSTACLE",365,167351,167189
167400,"PILLBOX (CANTILEVERED)",365,167217,167189
167401,"PIMPLE",365,167193,167189
167402,"PIMPLE",365,167194,167189
167403,"COASTAL OBSERVATION POST",365,167190,167189
167404,"MINEWATCHERS POST",365,167403,167189
167405,"GUN EMPLACEMENT",365,167183,167189
167406,"VICKERS MACHINE GUN EMPLACEMENT",365,169384,167189
167407,"HOME GUARD HEADQUARTERS",365,167378,167189
167408,"HOME GUARD SHELTER",365,167378,167189
167409,"BATTERY OBSERVATION POST",365,167260,167189
167411,"MORRISON SHELTER",365,167247,167189
167423,"PILLBOX (PREFABRICATED)",365,167217,167189
169383,"FIRE SERVICE HEADQUARTERS",365,167249,167189
169384,"MACHINE GUN EMPLACEMENT",365,167405,167189
169387,"ROYAL NAVY SHORE ESTABLISHMENT",365,167189,167189
169403,"ARMY CAMP",365,182910,167189
169404,"ACCOMMODATION HUT",365,167378,167189
172563,"TECHNICAL AND INSTRUCTIONAL SITE",365,173383,167189
172564,"DOMESTIC SITE",365,167189,167189
172583,"FIRE TENDER HOUSE (12563/40)",365,182993,167189
172584,"FIRE TENDER HOUSE (5342/42)",365,182993,167189
172585,"PYROTECHNIC STORE (2647/37)",365,172606,167189
172586,"PARACHUTE STORE (10825/42)",365,172603,167189
172587,"PARACHUTE STORE (2355/25)",365,172603,167189
172588,"PARACHUTE STORE (3633/35)",365,172603,167189
172589,"PARACHUTE STORE (6351/37)",365,172603,167189
172590,"PARACHUTE STORE (175/36)",365,172603,167189
172591,"PARACHUTE STORE (17865/39)",365,172603,167189
172592,"PARACHUTE STORE (11137/41)",365,172603,167189
172593,"DRYING TOWER (9290/42)",365,172563,167189
172594,"DRYING TOWER (9294/42)",365,172563,167189
172595,"DRYING TOWER (11595/42)",365,172563,167189
172603,"STORAGE FACILITY",365,173383,167189
172604,"DINGHY SHED (2900/43)",365,172603,167189
172605,"DINGHY SHED (2901/43)",365,172603,167189
172606,"EXPLOSIVES STORAGE FACILITY",365,172603,167189
172623,"STAND BY SET HOUSE (974/35)",365,173387,167189
172624,"STAND BY SET HOUSE (607/36)",365,173387,167189
172625,"STAND BY SET HOUSE (13244/41)",365,173387,167189
172626,"AIRSHIP STATION",365,167189,167189
172643,"WATER STORAGE FACILITY",365,172603,167189
172663,"WATER TOWER (9526/41)",365,182989,167189
172664,"WATER TOWER (20/40)",365,182989,167189
172665,"WATER TOWER (1178/25)",365,182989,167189
173383,"AIRFIELD SITE",365,183398,167189
173384,"POWER GENERATION SITE",365,173383,167189
173385,"STAND BY SET HOUSE (8760/42)",365,173387,167189
173386,"STAND BY SET HOUSE (16302/41)",365,173387,167189
173387,"STAND BY SET HOUSE",365,173384,167189
173388,"POWER HOUSE",365,173384,167189
173389,"POWER HOUSE (207/17)",365,173388,167189
173390,"POWER HOUSE (476/18)",365,173388,167189
173391,"POWER HOUSE (1380/24)",365,173388,167189
173392,"STAND BY SET HOUSE (4238/44)",365,173387,167189
173393,"STAND BY SET HOUSE (3527/43)",365,173387,167189
173394,"STAND BY SET HOUSE (1039/41)",365,173387,167189
173403,"WATCH OFFICE",365,178281,167189
173404,"WATCH OFFICE (207/36)",365,173403,167189
173406,"WATCH OFFICE (1959/34)",365,173403,167189
173407,"WATCH OFFICE (1960/34)",365,173403,167189
173443,"COAST BATTERY GUN SITE",365,167260,167189
173448,"KEEP",365,167389,167189
173450,"AUXILIARY UNIT SITE",365,167183,167189
173451,"AUXILIARY UNIT CONTROL STATION",365,167359,167189
173452,"AUXILIARY UNIT BOMB STORE",365,167359,167189
173453,"AUXILIARY UNIT OBSERVATION POST",365,167359,167189
173463,"HOME GUARD HEADQUARTERS",365,167389,167189
173465,"HOME GUARD SHELTER",365,167389,167189
173467,"HOME GUARD STORE",365,167389,167189
173469,"HOME GUARD STORE",365,167378,167189
173470,"PILLBOX (ASSAULT TRAINING)",365,177257,167189
173471,"PILLBOX (AIR MINISTRY PATTERN)",365,167217,167189
173472,"PILLBOX (AIR MINISTRY PATTERN)",365,167191,167189
173473,"WORKSHOP",365,167378,167189
173474,"SEAGULL TRENCH",365,167191,167189
173475,"BOOM DEFENCE",365,167190,167189
173476,"STARFISH SITE",365,167318,167189
173477,"PRISONER OF WAR CAMP",365,167189,167189
173483,"AIRCRAFT STORAGE FACILITY",365,173383,167189
173484,"AIRCRAFT HANGAR (TYPE J)",365,178495,167189
173485,"DISPERSAL PEN",365,173383,167189
173486,"WEAPON TESTING FACILITY",365,167300,167189
173487,"ARTILLERY FIRING RANGE",365,173486,167189
173503,"GUARDHOUSE",365,167378,167189
173603,"GENERATOR HOUSE",365,167378,167189
173604,"HOME GUARD OBSERVATION POST",365,167389,167189
173606,"HOME GUARD OBSERVATION POST",365,167378,167189
173607,"CHECKPOINT",365,167183,167189
173608,"CALTROP",365,167198,167189
175663,"WATCH OFFICE (343/43)",365,173403,167189
175743,"SECTION POST",365,167276,167189
175883,"ENGINE HOUSE",365,167378,167189
175884,"BATTERY ENGINE HOUSE",365,175883,167189
175885,"AIRCRAFT CRASH SITE",365,167189,167189
175886,"MACHINE GUN POST",365,169384,167189
175888,"BATTERY OBSERVATION POST",365,167242,167189
175889,"BATTERY OBSERVATION POST",365,167257,167189
175890,"COASTAL BATTERY COMMAND POST",365,167260,167189
175891,"COASTAL BATTERY COMMAND POST",365,167246,167189
175892,"ANTI AIRCRAFT BATTERY COMMAND POST",365,167246,167189
175893,"ANTI AIRCRAFT BATTERY COMMAND POST",365,167242,167189
176283,"ANTI TANK WALL (ASSAULT TRAINING)",365,177257,167189
177254,"VULNERABLE DEFILE",365,167183,167189
177255,"ANTI TANK ISLAND",365,167183,167189
177256,"CENTRE OF RESISTANCE",365,167183,167189
177257,"TRAINING SITE",365,167189,167189
177323,"ANTI TANK BLOCK",365,177255,167189
177324,"ANTI TANK DITCH",365,177255,167189
177325,"ANTI TANK DITCH (ARTIFICIAL)",365,177324,167189
177326,"ANTI TANK DITCH (NATURAL IMPROVED)",365,177324,167189
177327,"ANTI TANK GIRDER",365,177255,167189
177328,"ANTI TANK HAIRPIN",365,177255,167189
177329,"ANTI TANK SCAFFOLDING",365,177255,167189
177330,"ANTI TANK VERTICAL RAIL",365,177255,167189
177331,"ANTI TANK WALL",365,177255,167189
177332,"ROADBLOCK",365,177255,167189
177333,"RAILBLOCK",365,177255,167189
177334,"BUOY",365,177323,167189
177335,"CALTROP",365,177323,167189
177336,"COFFIN",365,177323,167189
177337,"CONE",365,177323,167189
177338,"CUBE",365,177323,167189
177339,"CYLINDER",365,177323,167189
177340,"PIMPLE",365,177323,167189
178258,"STRONGPOINT",365,167389,167189
178261,"NODAL POINT",365,167389,167189
178262,"ARMY HEADQUARTERS",365,182975,167189
178264,"OBSERVATION POST",365,167378,167189
178265,"AUXILIARY UNIT OBSERVATION POST",365,178264,167189
178266,"COASTAL OBSERVATION POST",365,178264,167189
178267,"BATTERY OBSERVATION POST",365,178264,167189
178268,"HOME GUARD OBSERVATION POST",365,178264,167189
178269,"AUXILIARY UNIT SPECIAL DUTIES BASE",365,173450,167189
178271,"AUXILIARY UNIT SPECIAL DUTIES CONTROL STATION",365,178269,167189
178273,"AUXILIARY UNIT SPECIAL DUTIES ZERO STATION",365,178269,167189
178277,"WATCH OFFICE (4698/43)",365,173403,167189
178278,"WATCH OFFICE (1597/27)",365,173403,167189
178279,"WATCH OFFICE (1072/26)",365,173403,167189
178280,"DUTY PILOTS OFFICE (2072/26)",365,178281,167189
178281,"CONTROL TOWER",365,173383,167189
178282,"CHIEF INSTRUCTORS BLOCK (5740/36)",365,178281,167189
178289,"WATCH OFFICE WITH OPERATIONS ROOM",365,178281,167189
178292,"BOMBER SATELLITE STATION WATCH OFFICE",365,178281,167189
178293,"WATCH OFFICE (13726/41)",365,178292,167189
178298,"FIGHTER SATELLITE STATION WATCH OFFICE",365,178281,167189
178299,"WATCH OFFICE (14383/40)",365,178298,167189
178300,"WATCH OFFICE (17658/40)",365,178298,167189
178302,"WATCH OFFICE (18441/40)",365,178298,167189
178303,"WATCH OFFICE (3156/41)",365,178298,167189
178304,"NIGHT FIGHTER STATION WATCH OFFICE",365,178281,167189
178305,"WATCH OFFICE (15684/41)",365,178304,167189
178306,"TRAINING SCHOOL WATCH OFFICE",365,178281,167189
178307,"WATCH OFFICE (12779/41)",365,173403,167189
178308,"ROYAL NAVAL AIR STATION CONTROL TOWER",365,178281,167189
178309,"CONTROL TOWER (3860/42)",365,178308,167189
178310,"CONTROL TOWER (566/42)",365,178308,167189
178311,"LINK TRAINER",365,172563,167189
178313,"LINK TRAINER (1762/39)",365,178311,167189
178314,"LINK TRAINER (7790/40)",365,178311,167189
178315,"LINK TRAINER (10040/41)",365,178311,167189
178316,"LINK TRAINER (4188/42)",365,178311,167189
178495,"AIRCRAFT HANGAR",365,173483,167189
178496,"SEAPLANE SHED",365,173483,167189
178497,"SEAPLANE SHED (TYPE G)",365,178496,167189
178498,"SEAPLANE SHED (TYPE F)",365,178496,167189
178500,"AIRCRAFT HANGAR (TYPE A)",365,178495,167189
178501,"AIRCRAFT HANGAR (TYPE B)",365,178495,167189
178502,"AIRCRAFT HANGAR (TYPE C)",365,178495,167189
178503,"AIRCRAFT HANGAR (TYPE D)",365,178495,167189
178504,"AIRCRAFT HANGAR (TYPE E)",365,178495,167189
178505,"AIRCRAFT HANGAR (TYPE L)",365,178495,167189
178506,"AIRCRAFT HANGAR (TYPE K)",365,178495,167189
178507,"AIRCRAFT HANGAR (TRANSPORTABLE)",365,178495,167189
178508,"AIRCRAFT HANGAR (TYPE T)",365,178507,167189
178509,"AIRCRAFT HANGAR (TYPE T1)",365,178508,167189
178510,"AIRCRAFT HANGAR (TYPE T2)",365,178508,167189
178511,"AIRCRAFT HANGAR (TYPE T3)",365,178508,167189
178512,"BELLMAN HANGAR",365,178507,167189
178513,"CALLENDER HANGAR",365,178507,167189
178514,"MAIN HANGAR",365,178507,167189
178515,"PENTAD HANGAR",365,178507,167189
178516,"BLISTER HANGAR",365,178507,167189
178517,"FROMSON HANGAR",365,178507,167189
178518,"ROBINS (TYPE B)",365,178495,167189
178519,"SUPER ROBINS",365,178495,167189
178520,"SUPER ROBINS (TYPE A)",365,178495,167189
178521,"AIRCRAFT HANGAR (TYPE B1)",365,178495,167189
178522,"AIRCRAFT HANGAR (TYPE B2)",365,178495,167189
178523,"AIRCRAFT HANGAR (TYPE A1)",365,178495,167189
178524,"AIRCRAFT HANGAR (TYPE A2)",365,178495,167189
178525,"BUTLER COMBAT HANGAR",365,178495,167189
178526,"AIRCRAFT HANGAR (TYPE VR1)",365,178495,167189
178527,"AIRCRAFT HANGAR (TYPE VR2)",365,178495,167189
178528,"LAMELLA HANGAR",365,178495,167189
178529,"HINAIDI AIRCRAFT SHED",365,178495,167189
178530,"BESSONNEAU HANGAR (TYPE H)",365,178507,167189
178532,"ORLIT POST",365,167283,167189
178533,"UNDERGROUND MONITORING POST",365,167287,167189
178534,"UNDERGROUND MONITORING POST",365,167269,167189
178535,"GROUP HEADQUARTERS",365,167283,167189
178536,"RIFLE RANGE",365,173486,167189
182889,"AIR RAID PRECAUTIONS HEADQUARTERS",365,167277,167189
182890,"AMBULANCE STATION",365,167378,167189
182891,"AIR FORCE HEADQUARTERS",365,182975,167189
182892,"AIRFIELD",365,173383,167189
182893,"BARRACKS",365,167378,167189
182894,"BILLET",365,167378,167189
182895,"ROYAL AIR FORCE CAMP",365,182910,167189
182896,"ROYAL OBSERVER CORPS COMMAND CENTRE",365,167287,167189
182897,"ROYAL OBSERVER CORPS COMMAND CENTRE",365,167283,167189
182898,"ROYAL OBSERVER CORPS COMMAND CENTRE",365,167269,167189
182899,"ROYAL OBSERVER CORPS MONITORING POST",365,167287,167189
182900,"ROYAL OBSERVER CORPS MONITORING POST",365,167283,167189
182901,"ROYAL OBSERVER CORPS MONITORING POST",365,167269,167189
182902,"AIR RAID PRECAUTIONS LANTERN",365,167277,167189
182903,"AIR RAID PRECAUTIONS OBSERVATION POST",365,167277,167189
182904,"AIR RAID PRECAUTIONS REPORT CENTRE",365,167277,167189
182905,"AIR RAID PRECAUTIONS TRAINING CENTRE",365,167277,167189
182906,"AIR RAID PRECAUTIONS TRAINING CENTRE",365,177257,167189
182907,"ADMIRALTY SIGNAL STATION",365,167189,167189
182908,"ADMIRALTY SIGNAL ESTABLISHMENT",365,167189,167189
182909,"MILITARY BASE",365,167189,167189
182910,"MILITARY CAMP",365,167189,167189
182911,"MILITARY HOSPITAL",365,167189,167189
182912,"TRAINING CENTRE",365,177257,167189
182913,"TRAINING AREA",365,177257,167189
182914,"STORAGE BUILDING",365,172603,167189
182915,"STORAGE DEPOT",365,182958,167189
182916,"MILITARY OFFICE",365,167378,167189
182917,"ANTI AIRCRAFT GUN EMPLACEMENT",365,167242,167189
182918,"ANTI AIRCRAFT GUN EMPLACEMENT",365,167405,167189
182920,"TRAINING CAMP",365,177257,167189
182921,"TRAINING CAMP",365,182910,167189
182922,"BARRAGE BALLOON MOORING",365,167298,167189
182923,"BARRAGE BALLOON HANGAR",365,167298,167189
182924,"BARRAGE BALLOON HANGAR",365,178495,167189
182925,"BARRAGE BALLOON GAS DEPOT",365,167298,167189
182926,"AUXILIARY HOSPITAL",365,167189,167189
182927,"AUXILIARY FIRE STATION",365,167189,167189
182928,"BARRAGE BALLOON SHELTER",365,167298,167189
182929,"BOMB CRATER",365,167189,167189
182930,"CIVIL DEFENCE HEADQUARTERS",365,167249,167189
182931,"CIVIL DEFENCE GARAGE",365,167249,167189
182932,"CIVIL DEFENCE TRAINING CENTRE",365,167249,167189
182933,"CIVIL DEFENCE TRAINING CENTRE",365,182912,167189
182934,"DECOY AIRFIELD",365,167318,167189
182935,"DECOY DOCKS",365,167318,167189
182936,"FIRING RANGE",365,182913,167189
182937,"FIRING RANGE BLOCKHOUSE",365,182936,167189
182938,"FIRING RANGE",365,173486,167189
182939,"GRENADE RANGE",365,173486,167189
182940,"GRENADE RANGE",365,182913,167189
182941,"AIR RAID PRECAUTIONS SIGNAL BOX",365,167277,167189
182942,"NAAFI BUILDING",365,167378,167189
182943,"SEARCHLIGHT EMPLACEMENT",365,167257,167189
182944,"AIR SEA RESCUE STATION",365,182909,167189
182945,"AIR RAID PRECAUTIONS SIGN",365,167277,167189
182946,"AIR TRAINING CORPS HEADQUARTERS",365,182891,167189
182947,"OFFICERS QUARTERS",365,167378,167189
182948,"AIRMENS QUARTERS",365,167378,167189
182949,"AIRFIELD BUILDING",365,167378,167189
182950,"AMMUNITION STORE",365,167378,167189
182951,"BLAST SHELTER",365,167247,167189
182952,"ARMOURY",365,167378,167189
182953,"BLAST WALL",365,167378,167189
182954,"BOMB STORE",365,182950,167189
182955,"CINEMA",365,172564,167189
182956,"NISSEN HUT",365,167378,167189
182957,"RADIO STATION",365,183051,167189
182958,"DEPOT",365,172603,167189
182960,"ROYAL NAVAL DEPOT",365,182958,167189
182961,"BUFFER DEPOT",365,182958,167189
182962,"BARRAGE BALLOON GAS DEPOT",365,182958,167189
182963,"DECOY SITE SHELTER",365,167318,167189
182964,"DECOY RAILWAY SITE",365,167318,167189
182965,"DECOY DOMESTIC SITE",365,167318,167189
182966,"EMBARKATION HARD",365,182967,167189
182967,"EMBARKATION POINT",365,167189,167189
182968,"EMBARKATION BEACH",365,182967,167189
182969,"FIRE STATION",365,167378,167189
182970,"FUEL DEPOT",365,182958,167189
182971,"FOOD DEPOT",365,182958,167189
182972,"FUEL STORE",365,172603,167189
182973,"FUEL TANK",365,182972,167189
182974,"MILITARY BUILDING",365,167189,167189
182975,"MILITARY HEADQUARTERS",365,167378,167189
182976,"MILITARY SITE",365,167189,167189
182977,"SUPPLY DEPOT",365,182958,167189
182978,"ORDNANCE DEPOT",365,182958,167189
182979,"ROYAL AIR FORCE BASE",365,182909,167189
182980,"ROYAL NAVAL AIR STATION",365,182976,167189
182981,"ROYAL NAVAL BASE",365,182909,167189
182982,"ROYAL OBSERVER CORPS HEADQUARTERS",365,167287,167189
182983,"ROYAL OBSERVER CORPS HEADQUARTERS",365,167283,167189
182984,"ROYAL OBSERVER CORPS HEADQUARTERS",365,167269,167189
182985,"NAVAL HEADQUARTERS",365,182975,167189
182986,"VEHICLE DEPOT",365,182958,167189
182987,"WAR PRODUCTION FACTORY",365,167378,167189
182988,"WATER TANK",365,172643,167189
182989,"WATER TOWER",365,172643,167189
182991,"AIRCRAFT LEVEL CROSSING",365,173383,167189
182992,"BOMBING TEACHER BUILDING",365,172563,167189
182993,"FIRE TENDER HOUSE",365,172563,167189
182994,"GYMNASIUM",365,172564,167189
182995,"MOTOR TRANSPORT BUILDING",365,172563,167189
182996,"AMMUNITION DEPOT",365,182958,167189
182997,"OPERATIONS ROOM",365,172563,167189
182998,"AEROPLANE REPAIR SECTION SHED",365,172563,167189
182999,"SQUASH RACQUETS COURT",365,172564,167189
183000,"AMPHIBIOUS BASE",365,182909,167189
183001,"VEHICLE SHED",365,182995,167189
183002,"ROYAL ORDNANCE FACTORY",365,167189,167189
183003,"SEAPLANE STATION",365,182976,167189
183004,"BOMBING RANGE",365,173486,167189
183005,"GARAGE",365,182995,167189
183006,"OPERATIONS BLOCK",365,172563,167189
183007,"PARADE GROUND",365,172564,167189
183008,"DECONTAMINATION BUILDING",365,172564,167189
183009,"SICK QUARTERS",365,172564,167189
183010,"ANTI AIRCRAFT GUN TOWER",365,167187,167189
183011,"BOMBING RANGE MARKER",365,167189,167189
183012,"BOMBING RANGE TOWER",365,183004,167189
183013,"BOMBING RANGE OBSERVATION POST",365,178264,167189
183014,"BOMBING RANGE TARGET",365,183004,167189
183015,"COASTAL FORT",365,167190,167189
183016,"WOMENS AUXILIARY AIR FORCE CAMP",365,182910,167189
183017,"RADIO TELEGRAPHY MAST",365,167286,167189
183018,"RADIO TELEGRAPHY MAST",365,167267,167189
183019,"WOMENS LAND ARMY HOSTEL",365,172564,167189
183020,"WOMENS LAND ARMY CAMP",365,172564,167189
183021,"HEADQUARTERS",365,167189,167189
183022,"BRITISH RESTAURANT",365,172564,167189
183023,"SQUADRON OFFICE",365,182916,167189
183024,"TURRET TRAINER",365,172563,167189
183025,"TENNIS COURT",365,172564,167189
183026,"TECHNICAL SITE",365,172563,167189
183027,"INSTRUCTIONAL SITE",365,172563,167189
183028,"DISPERSED SITE",365,173383,167189
183029,"ANTI TANK GUNNERY RANGE",365,173487,167189
183030,"ANTI SUBMARINE DEFENCE",365,167183,167189
183031,"VEHICLE PARK",365,172603,167189
183038,"TERRITORIAL ARMY HEADQUARTERS",365,182975,167189
183039,"TANK PARK",365,183031,167189
183040,"TRAINING BASE",365,177257,167189
183041,"TRAINING BASE",365,182909,167189
183042,"NAVAL GUNNERY RANGE",365,182936,167189
183043,"NAVAL GUNNERY RANGE",365,182938,167189
183045,"TORPEDO RANGE",365,182936,167189
183046,"TORPEDO RANGE",365,182938,167189
183047,"FIRING RANGE BLOCKHOUSE",365,182938,167189
183048,"TORPEDO RANGE CONTROL BUILDING",365,183045,167189
183049,"TORPEDO RANGE CONTROL BUILDING",365,183046,167189
183050,"RADIO MAST",365,182957,167189
183051,"COMMUNICATIONS BUILDING",365,167378,167189
183056,"DEFENCE LINE",365,167300,167189
183057,"TARGET RANGE",365,182936,167189
183058,"TARGET RANGE",365,182938,167189
183059,"AMBULANCE PARK",365,183031,167189
183060,"MEDICAL BLOCK",365,172564,167189
183061,"SIGNAL SQUARE",365,172564,167189
183062,"QUADRANT TOWER",365,182949,167189
183063,"ART STORAGE FACILITY",365,172603,167189
183064,"VEHICLE REPAIR CENTRE",365,183026,167189
183065,"CHEMICAL WEAPONS STORE",365,172603,167189
183067,"EMERGENCY STORE",365,172603,167189
183068,"EMERGENCY WAR HEADQUARTERS",365,183021,167189
183069,"EMERGENCY LANDING GROUND",365,182892,167189
183070,"FOOD AND REST CENTRE",365,172564,167189
183071,"EVACUEE CENTRE",365,172564,167189
183072,"ACCESS HOLE",365,172564,167189
183074,"MOBILE SOUND LOCATOR",365,167285,167189
183075,"MOBILE SOUND LOCATOR",365,167266,167189
183076,"NUCLEAR COMMAND CENTRE",365,183021,167189
183077,"PHOTO INTERPRETATION CENTRE",365,182949,167189
183078,"PLUTO SITE",365,167189,167189
183079,"RADAR MAST",365,167285,167189
183080,"RADAR MAST",365,167266,167189
183082,"RADAR STATION SET HOUSE",365,167285,167189
183083,"RADAR STATION SET HOUSE",365,167266,167189
183084,"TRANSFORMER BUILDING",365,183026,167189
183085,"CONTROL BUILDING",365,183026,167189
183086,"REQUISITIONED BUILDING",365,167378,167189
183087,"REGIONAL GOVERNMENT SHELTER",365,167247,167189
183088,"RECEPTION CENTRE",365,167378,167189
183089,"GROUP FILTER ROOM",365,183051,167189
183090,"SONAR STATION",365,167199,167189
183091,"SOUND MIRROR BUILDING",365,167199,167189
183092,"SPECIAL OPERATIONS EXECUTIVE BASE",365,182909,167189
183093,"VEHICLE WASHDOWN STATION",365,183026,167189
183094,"TARGET RAILWAY",365,183057,167189
183095,"TARGET RAILWAY",365,183058,167189
183398,"TRANSPORT SITE",365,167189,167189
183399,"CAMOUFLAGE",365,182976,167189
184179,"AIRCRAFT HANGAR (TYPE S)",365,178495,167189
184181,"PILLBOX (TYPE PD541)",365,167217,167189
184205,"AUXILIARY UNIT SPECIAL DUTIES OUTSTATION",365,178269,167189
185242,"AIRCRAFT MAINTENANCE UNIT",365,172563,167189
185243,"SIGNALS GATHERING STATION",365,183051,167189
185349,"SEAPLANE SHED (TYPE J)",365,178496,167189
185354,"FROMSON MASSILLON HANGAR",365,178517,167189
185359,"CALLENDER HAMILTON HANGAR",365,178513,167189
185382,"WATCH OFFICE WITH MET SECTION (2328/39)",365,185383,167189
185383,"WATCH OFFICE WITH MET SECTION",365,173403,167189
185384,"WATCH OFFICE WITH MET SECTION (5845/39)",365,185383,167189
185385,"WATCH OFFICE WITH MET SECTION (8936/40)",365,185383,167189
185386,"WATCH OFFICE WITH MET SECTION (2423/39)",365,185383,167189
185387,"WATCH OFFICE WITH MET SECTION (518/40)",365,185383,167189
185388,"WATCH OFFICE WITH OPS ROOM (13079/41)",365,178289,167189
185389,"WATCH OFFICE WITH OPS ROOM (7345/41)",365,178289,167189
185393,"Q SITE SHELTER (3395/40)",365,182963,167189
185394,"Q SITE SHELTER (367/41)",365,182963,167189
185782,"BOMBER STATION CONTROL TOWER (294/45)",365,178281,167189
191820,"TETRAHEDRON",365,177323,167189
191822,"MINEWATCHERS POST",365,178266,167189
191823,"CHAIN HOME STATION",365,167285,167189
191824,"CHAIN HOME LOW STATION",365,191823,167189
191825,"CHAIN HOME EXTRA LOW STATION",365,191823,167189
191826,"COAST DEFENCE CHAIN HOME LOW STATION",365,191823,167189
192927,"AIRCRAFT COMPASS PLATFORM",365,173383,167189
195796,"PARACHUTE AND CABLE LAUNCHER",365,167185,167189
195855,"CIVIL DEFENCE TRAINING GROUND",365,167188,167189
202847,"REMOUNT DEPOT",365,182958,167189
202874,"QUONSET HUT",365,167378,167189
202875,"ROMNEY HUT",365,167378,167189
