"CLA_GR_UID","THE_TE_UID","TERM","INDEX_TERM","SCOPE_NOTE","STATUS","IMAGE_EXISTS"
365,131153,"WATCH OFFICE (207/36)","Y","A two-storey watch office similar in design to drawing number 1959/34 but constructed completely from concrete. A large, almost square, ground plan with a central observation tower.","P",
365,131236,"AUXILIARY UNIT CONTROL STATION","Y","An underground hideout containing radio equipment to be used by the Auxiliary Units to relay information gained from the various out-stations back to headquarters.","P",
365,131235,"AUXILIARY UNIT BOMB STORE","Y","A structure, usually well concealed, used to store explosives intended for use by the Auxiliary Units (or British Resistance Organization) in the event of an invasion.","P",
365,131234,"AUXILIARY UNIT OBSERVATION POST","Y","An observation post, usually well concealed, intended for use by the Auxiliary Units (or British Resistance Organisation), in the event of an invasion, to watch enemy movements without being seen.","P",
365,131233,"KEEP","Y","An existing building which has been designated as the last point of defence in a defended locality, nodal point or centre of resistance. If all else failed the keep would be used as a last ditch defences.","P",
365,131213,"COAST BATTERY GUN SITE","Y","A gun emplacement associated with a coastal battery.","P",
365,131173,"WATCH OFFICE","Y","A building, originally used as a shelter for the duty pilot or officer on watch on an airfield, and later used to direct air traffic. Use more specific type where known.","P",
365,131156,"WATCH OFFICE (1960/34)","Y","A two-storey watch office, built to Air Ministry drawing number 1959/34 but with slight design modifications as detailed in drawing number 1960/34.","P",
365,131138,"POWER HOUSE","Y","A building housing the permanent electricity generator supply for an airfield. Unlike stand by set houses, power houses had to cope with both essential and non-essential loads.","P",
365,131154,"WATCH OFFICE (343/43)","Y","A modification of WATCH OFFICE (12779/41) where the original large windows were removed and smaller frames fitted, the gap being filled with straight-joint brickwork.","P",
365,131254,"PILLBOX (ASSAULT TRAINING)","Y","A pillbox constructed for use in training exercises forming part of a simulated defensive position.","P",
365,131145,"STAND BY SET HOUSE (1039/41)","Y","A stand by set house built to Air Ministry drawing number 1039/41.","P",
365,131144,"Portable Stand By Set House","N",,"N",
365,131143,"STAND BY SET HOUSE (3527/43)","Y","A portable stand by set house built to Air Ministry drawing number 3527/43.","P",
365,131142,"STAND BY SET HOUSE (4238/44)","Y","A stand by set house built to Air Ministry drawing number 4238/44.","P",
365,131141,"POWER HOUSE (1380/24)","Y","A power house built to Air Ministry drawing number 1380/24.","P",
365,131140,"POWER HOUSE (476/18)","Y","The standard RFC power house built to Air Ministry drawing number 476/18 and comprising an engine room with a small workshop and driver's room.","P",
365,135681,"Aeroplane Shed (Type C)","N",,"N",
365,131155,"WATCH OFFICE (1959/34)","Y","A two-storey watch office, built to Air Ministry drawing number 1959/34. It became the standard design for watch offices with a large, almost square, ground plan with a central observation tower.","P",
365,131262,"PRISONER OF WAR CAMP","Y","A prison site for the containment of servicemen captured in war.","P",
365,131375,"CHECKPOINT","Y","A roadblock, usually manned by the Home Guard, where the credentials of civilians and military personnel where checked before allowing them to proceed.","P",
365,131374,"HOME GUARD OBSERVATION POST","Y","An observation post used by members of the Home Guard.","P",
365,131373,"GENERATOR HOUSE","Y","A building housing a generator used to power electrical equipment.","P",
365,131293,"GUARDHOUSE","Y","A building used for the accommodation of a military guard and/or the detainment of prisoners.","P",
365,131277,"ARTILLERY FIRING RANGE","Y","A piece of ground, or a building, on which artillery may be fired at targets.","P",
365,131276,"WEAPON TESTING FACILITY","Y","A site, buildings or structure associated with the demonstration and testing of weapons and military equipment. Use more specific term.","P",
365,131275,"DISPERSAL PEN","Y","An area of hardstanding, surrounded on three sides by a protective wall or bank, used for parking aircraft, in a state of readiness, usually around the perimeter of an airfield.","P",
365,131237,"AUXILIARY UNIT SITE","N","A site intended for use by the Auxiliary Units (or British Resistance Organisation) in the event of an invasion. Use more specific term.","P",
365,131273,"AIRCRAFT STORAGE FACILITY","N","A site, building or structure used to store aircraft. Use more specific term.","P",
365,131253,"HOME GUARD STORE","Y","Place for the Home Guard to store equipment and amunition, either structural or subterranean during the defence of Britain.","P",
365,131261,"Sf Site","N",,"N",
365,131260,"STARFISH SITE","Y","A decoy site designed to simulate a burning urban area during a bombing raid in order to lure enemy bombers away form legitimate targets.","P",
365,131259,"BOOM DEFENCE","Y","A bar, chain or other obstruction stretched across a waterway to obstruct navigation.","P",
365,131258,"SEAGULL TRENCH","Y","A trench in the form of a flattened 'W' with a flat concrete roof covered in turf, supported on concrete pillars. The name derives from the resemblance to a child's drawing of a seagull in flight.","P",
365,131257,"WORKSHOP","Y","A building or room used for small scale manufacture or maintenance.","P",
365,131256,"PILLBOX (AIR MINISTRY PATTERN)","Y","A pillbox built to a design drawn up by the Air Ministry. Usually found near airfields.","P",
365,131255,"Dummy Pillbox","N",,"N",
365,131137,"STAND BY SET HOUSE","Y","A building housing the stand-by generator set and associated equipment which could supply electricity to all essential services in the event of a power cut.","P",
365,131274,"AIRCRAFT HANGAR (TYPE J)","Y","A large steelframed military aircraft hangar designed in 1939, intended for aircraft maintenance on operational stations. It includes side annexes for workshops and offices, provided with a large number of windows. The annexes are of brick or concrete.","P",
365,130313,"AIRSHIP STATION","Y","A site, including hangars, moorings and ancillary buildings, used for the storage, maintenance, take off and landing of airships.","P",
365,131139,"POWER HOUSE (207/17)","Y","A power house built to Air Ministry drawing number 207/17 and comprising four rooms; a driver's room, workshop and store, battery room and engine room containing 2 generator sets.","P",
365,135693,"AIRCRAFT HANGAR (TYPE T3)","Y","A steel framed transportable hangar similar in construction to Type T2 but about half the size. Designed in 1941 and 1942.","P",
365,135694,"AIRCRAFT HANGAR (TRANSPORTABLE)","Y","An aircraft hangar designed to be moved from site to site as necessary.","P",
365,135695,"BELLMAN HANGAR","Y","A type of temporary transportable aircraft hangar designed in 1936 by N.S. Bellman. It was designed for ease of installation, and was composed of light rolled steel sections.","P",
365,135696,"CALLENDER HANGAR","Y","A transportable hangar designed by Callender Cable and Construction to Air Ministry drawing number 6633/37. A steel box-girder framework with corrugated iron cladding and canvas doors it had a clear door height of 25ft.","P",
365,135697,"MAIN HANGAR","Y","A transportable hangar designed by A & J Main of Glasgow.","P",
365,130281,"PARACHUTE STORE (17865/39)","Y","A distinctive, clerestory-roofed building of five 10ft bays, used for the drying, storage and packing of military parachutes and built to Air Ministry drawing number 17865/39.","P",
365,135691,"AIRCRAFT HANGAR (TYPE T1)","Y","A type of steel framed transportable British military aircraft hangar developed from 1941onwards. The hangar had a steel frame, some versions used commercially available sheeting for cladding. It was similar to but smaller than the arcraft hangar type T2.","P",
365,130314,"STAND BY SET HOUSE (13244/41)","Y","A stand by set house designed to drawing number 13244/41 and comprising of 4 rooms; a fuel storage room, a transformer chamber, a switchgear chamber and the main engine room with 2 diesel engines.","P",
365,135690,"AIRCRAFT HANGAR (TYPE T)","Y","A temporary, steel-framed transportable hangar developed by Teesside Bridge and Engineering Company to replace the obsolete Bellman hangars.A temporary, steel-framed transportable hangar.","P",
365,130294,"EXPLOSIVES STORAGE FACILITY","N","A site, building or structure used for the storage of explosives.","P",
365,130293,"STORAGE FACILITY","N","Sites and buildings used for the storage or equipment, ordnance or vehicles. Use more specific term.","P",
365,130287,"DINGHY SHED (2900/43)","Y","A modified Nissen hut, based on drawing number (2900/43), used for the repair packing and storage of inflatable liferafts.","P",
365,130286,"DINGHY SHED (2901/43)","Y","A temporary brick building, based on drawing number (2901/43), used for the repair, packing and storage of inflatable liferafts.","P",
365,130285,"DRYING TOWER (11595/42)","Y","A purpose-built building with a steel framed tower, based on drawing number (11595/42). Used for the drying of parachutes.","P",
365,130284,"DRYING TOWER (9294/42)","Y","A purpose-built building with a brick tower constructed on one end, based on drawing number (9294/42). Used for the drying of parachutes.","P",
365,130283,"DRYING TOWER (9290/42)","Y","A brick tower, based on drawing number (9290/42), usually added to an existing building. Used for the drying of parachutes.","P",
365,130282,"PARACHUTE STORE (11137/41)","Y","A distinctive, clerestory-roofed building of five 10ft bays, used for the drying, storage and packing of military parachutes and built to Air Ministry drawing number 11137/41.","P",
365,123356,"AIR RAID PRECAUTIONS CENTRE","Y","A building used as a control centre for the Air Raid Precautions network, responsible for issuing air raid warnings and coordinating fire and rescue services.","P",
365,130354,"WATER TOWER (20/40)","Y","A plate-steel water tower made with two compartments holding 30,000 gallons of water. Designed to Air Ministry drawing number 20/40.","P",
365,131136,"STAND BY SET HOUSE (8760/42)","Y","A stand by set house built with a steel-framed pitched roof. Built to drawing number 8760/42 it was intended to supersede all earlier designs and was cheaper to produce. Both the transformer and fuel tanks were located outside the main building.","P",
365,131135,"STAND BY SET HOUSE (16302/41)","Y","A stand by set house similar to 13244/41 and designed to drawing number 16302/41 and comprising of 4 rooms; a fuel storage room, a transformer chamber, a switchgear chamber and the main engine room with 3 diesel engines.","P",
365,131134,"POWER GENERATION SITE","N","A site or building including generators and fuel storage facilities used to generate electricity.","P",
365,131133,"AIRFIELD SITE","N","A site, usually including hangars, runway and ancillary buildings, used for the storage, maintenance and take off and landing of aircraft.","P",
365,130355,"WATER TOWER (9526/41)","Y","A plate-steel water tank on a steel tower designed to hold 80,000 gallons of water. Designed to Air Ministry drawing number 9526/41.","P",
365,135682,"AIRCRAFT HANGAR (TYPE D)","Y","A military storage aircraft hangar built in the late 1930s. It comprises a semicircular concrete structure with reinforced concrete columns, featuring a curved roof and straight walls.","P",
365,135683,"AIRCRAFT HANGAR (TYPE E)","Y","A military storage aircraft hangar designed in 1937. It has a curved profile and is constructed from steel ribs supporting a concrete skin. The roof is covered with earth and turf.","P",
365,135692,"AIRCRAFT HANGAR (TYPE T2)","Y","A type of temporary military aircraft hangar introduced in 1940; of steel welded and bolted construction typically clad in galvanized corrugated iron sheets. The T2 became the standard temporary hangar for the RAF in World War Two.","P",
365,135685,"Aircraft Storage Shed (Type E)","N",,"N",
365,135680,"AIRCRAFT HANGAR (TYPE C)","Y","A type of large steel framed aircraft hangar introduced by the Royal Air Force in its Expansion Period with a number of designs between 1934 and 1939, to accomodate heavy bombers.","P",
365,130353,"WATER TOWER (1178/25)","Y","A large, circular, reinforced-concrete tank supported on concrete staging built to Air Ministry drawing number 1178/25 and designed to hold 30,000 gallons of water. The height of the tower varied according to local site requirements.","P",
365,130333,"WATER STORAGE FACILITY","N","A site or building containing tanks and pipes and used to store large quantities of water.","P",
365,130316,"STAND BY SET HOUSE (974/35)","Y","An expansion period stand by set house designed to drawing number 974/35 and containing a single generator set and switch board. Constructed with brick cavity walls.","P",
365,130315,"STAND BY SET HOUSE (607/36)","Y","An expansion period stand by set house designed to drawing number 607/36 and containing a single generator set and switch board. Constructed in reinforced concrete.","P",
365,135686,"AIRCRAFT HANGAR (TYPE L)","Y","A curved military aircraft hangar produced in 1939. The frame is steel which is then clad with steel sheeting and reinforced concrete and typically covered with a thin layer of concrete, earth and turf.","P",
365,135687,"AIRCRAFT HANGAR (TYPE K)","Y","A type of large permanent military aircraft hangar with a curved steel frame and storage annexes on its side used in World War II. It was intended for storage purposes on Aircraft Storage Unit stations.","P",
365,135688,"Aircraft Storage Shed (Type L)","N",,"N",
365,135689,"Aircraft Storage Shed (Type K)","N",,"N",
365,135684,"Aircraft Shed (Type D)","N",,"N",
365,135477,"AUXILIARY UNIT SPECIAL DUTIES OUTSTATION","Y","A hideout containing radio equipment to be used by the Special Duties sections of the Auxiliary Units to send information to the control station for relaying to headquarters.","P",
365,135703,"SUPER ROBINS","Y","An aircraft hangar designed to Air Ministry specification (drawing number 6910/43). Similar in design to the ROBINS AIRCRAFT HANGAR but larger.","P",
365,135489,"WATCH OFFICE WITH MET SECTION","Y","A watch office with additional rooms given over to the meteorological section, including a forecast room and met store.","P",
365,135488,"CHIEF INSTRUCTORS BLOCK (5740/36)","Y","A central tower with a single-storey wing either side. The tower contained the watch office on the ground floor, observation room on the second with each wing containing an office for the Chief Flying Instructor or the officer commanding and their aides.","P",
365,135487,"CONTROL TOWER","Y","A building at an airfield from which air traffic can be controlled, usually by radio.","P",
365,135486,"DUTY PILOTS OFFICE (2072/26)","Y","The first standardized design for a building for the duty pilot. It took the form of a small bungalow with a bay window on the front elevation.","P",
365,135485,"WATCH OFFICE (1072/26)","Y","A small, single storey building used as the Pilots' room on fighter stations and as the watch office on bomber stations.","P",
365,135484,"WATCH OFFICE (1597/27)","Y","A small building housing pilot's and locker rooms with flight offices and a watch office. The only known example was built at Tangmere.","P",
365,135497,"BOMBER SATELLITE STATION WATCH OFFICE","Y","A watch office with control room, observation room and crew briefing room designed for use on Bomber Satellite Stations.","P",
365,135478,"AUXILIARY UNIT SPECIAL DUTIES ZERO STATION","Y",,"P",
365,135498,"WATCH OFFICE (13726/41)","Y","A detached building without an operations block and crew briefing room designed on modern lines similar to, but smaller than WATCH OFFICE (12779/41). Began appearing on new stations from September 1941.","P",
365,135476,"AUXILIARY UNIT SPECIAL DUTIES CONTROL STATION","Y",,"P",
365,135475,"AUXILIARY UNIT SPECIAL DUTIES BASE","Y","A well concealed structure, usually constructed undergound, intended for use by members of the Special Duties section of the Auxiliary Units (or British Resistance Organization) in the event of invasion.","P",
365,135474,"OBSERVATION POST","Y","A building or site for watching specific military activities or the movement of enemy forces, etc.","P",
365,135472,"Mcnaughton Tube","N",,"N",
365,135471,"ARMY HEADQUARTERS","Y","A building used for the daily administration of an army.","P",
365,135469,"STRONGPOINT","Y","A fortifed position, often including fieldworks or defensive structures, designed to keep enemy forces engaged to allow reinforcements to be mobilized.","P",
365,135701,"ROBINS (TYPE B)","Y","A small dispersal WWII military aircraft hangar featuring an A shaped steel frame clad wit corrugated iron; end doors were supported by outriggers when open.Typically use on aircraft storage units or satellite landing grounds. Variations in size.""""","P",
365,131376,"CALTROP","Y","Blocks of concrete with four protruding arms so that, whichever way up the caltrop is placed, one arm will always point upward. Used in imitation of the iron caltrops thrown on the ground to impede cavalry.","P",
365,135483,"WATCH OFFICE (4698/43)","Y","A modification of WATCH OFFICE (207/36) where the central first floor observation post was removed and a new control room with balcony was added across the full width of the building.","P",
365,135512,"WATCH OFFICE (12779/41)","Y","A two-storey, structure with a brick ground floor and a reinforced concrete upper floor with balcony and large windows to the watch office and control room. This became the most common building design for air traffic control in the Second World War.","P",
365,135700,"FROMSON HANGAR","Y","A small arched hangar built by the Canadian company Fromson of Byfleet to drawing number 3971/43. Used only as storage sheds on RNASs.","P",
365,135520,"LINK TRAINER (4188/42)","Y","A building housing a flight simulator designed to air ministry drawing number 4188/42.","P",
365,135519,"LINK TRAINER (10040/41)","Y","A building housing a flight simulator designed to air ministry drawing number 10040/41.","P",
365,135518,"LINK TRAINER (7790/40)","Y","A building housing a flight simulator designed to air ministry drawing number 7790/40.","P",
365,135517,"LINK TRAINER (1762/39)","Y","A building housing a flight simulator designed to air ministry drawing number 1762/39.","P",
365,135516,"LINK TRAINER","Y","A building containing a flight siumlator used to provide safe training for pilots.","P",
365,135515,"CONTROL TOWER (566/42)","Y","A four-storey RNAS control tower. The first floor contained offices for the commander flying and meteorological offices and the upper two floors, in the form of a central tower, provided offices for air traffic control.","P",
365,135494,"WATCH OFFICE WITH OPERATIONS ROOM","Y",,"P",
365,135513,"ROYAL NAVAL AIR STATION CONTROL TOWER","Y","A control tower constructed on RNAS stations by the Royal Marine Engineers. Built to a common ground floor plan they could be built with one, two or three storeys above this depending on the requirements of the station.","P",
365,135704,"AIRCRAFT HANGAR (TYPE B1)","Y","A large type of military repair hangar mainly used on WWII bomber bases, constructed using steel stanchions and clad in corrugated iron. B 1 hangars were part of a series of prefabricated buildings intended to supplement existing hangars on bases.","P",
365,135511,"TRAINING SCHOOL WATCH OFFICE","Y","Based on a typical 18ft span, 40ft long temporary brick hut but with two bay windows in the front elevation, one for the watch office and one for the chief instructor.","P",
365,135510,"WATCH OFFICE (15684/41)","Y","A night fighter station watch office based on the standard design for Bomber Satellite Station watch offices.","P",
365,135509,"NIGHT FIGHTER STATION WATCH OFFICE","Y","A two storey building with a watch office on the ground floor and a control room above. Originally based on drawing number 12096/4.","P",
365,135508,"WATCH OFFICE (3156/41)","Y","A fighter satellite station watch office built to Air Ministry design drawing number 3156/41","P",
365,135507,"WATCH OFFICE (18441/40)","Y","A fighter satellite station watch office built to Air Ministry design drawing number 18441/40.","P",
365,135506,"WATCH OFFICE (17658/40)","Y","A fighter satellite station watch office built to Air Ministry design drawing number 17658/40.","P",
365,135504,"WATCH OFFICE (14383/40)","Y","A fighter satellite station watch office built to Air Ministry design drawing number 14383/40","P",
365,135503,"FIGHTER SATELLITE STATION WATCH OFFICE","Y","A small single storey structure with just one room containing a pyrotechnic cupboard and built of rendered brick with a flat reinforced concrete roof.","P",
365,135514,"CONTROL TOWER (3860/42)","Y","A three-storey RNAS control tower, incorporating meteorological office on the ground floor and an air watch office on the second floor.","P",
365,135678,"AIRCRAFT HANGAR (TYPE B)","Y","Aircraft hangars designed by T. Bedford Consulting Engineers to meet the requirement to repair damaged heavy bombers in situ on their airfields.","P",
365,135702,"SUPER ROBINS (TYPE A)","Y","An aircraft hangar designed to Air Ministry specifications (drawing number 2243/41). Constructed from prefabricated A-frames and clad in corrugated iron.","P",
365,135671,"SEAPLANE SHED","Y","An aircraft hangar designed to house seaplanes.","P",
365,135672,"AIRCRAFT HANGAR","Y","A structure used for the housing and servicing of aircraft.","P",
365,135698,"PENTAD HANGAR","Y","An all-steel end-opening, hangar with canted sides designed for folded-wing aircraft.","P",
365,135673,"Seaplane Hangar","N",,"N",
365,135674,"AIRCRAFT HANGAR (TYPE A)","Y","A permanent military RAF aircraft hangar type, designed in 1924. It features a steel frame (with longitudinal ridge and valley trusses for the roof) reinforced concrete and brick infilling for the walls. Typically 122 foot span by 249 foot in length.","P",
365,135675,"Aeroplane Shed (Type A)","N",,"N",
365,135669,"SEAPLANE SHED (TYPE F)","Y","A military side-opening aircraft hangar originally designed for seaplanes and used RNAS bases from 1916. Steel framed with asbestos or corrugated iron cladding.","P",
365,135677,"Aircraft Shed (Type J)","N",,"N",
365,135717,"RIFLE RANGE","Y","A target range used for rifle and small arms practice.","P",
365,133139,"COASTAL BATTERY COMMAND POST","Y","A command post used to direct the guns of a coastal battery.","P",
365,133138,"ANTI AIRCRAFT BATTERY COMMAND POST","Y","A command post used to direct the guns of an anti aircraft battery.","P",
365,133137,"FORTIFIED HOUSE","Y","A house which bears signs of fortification often including the addition of loopholes.","P",
365,133136,"MACHINE GUN POST","Y","An open walled structure built of concrete, brick or sandbags which enclosed one or more machine-guns mounted on pintels for light anti-aircraft and ground defence.","P",
365,133135,"AIRCRAFT CRASH SITE","Y","A site which is known, or believed to be, where an aircraft crashed. It is an offence to interfere with the wreckage of crashed military aircraft without a licence (Protection of Military Remains Act 1986).","P",
365,133134,"BATTERY ENGINE HOUSE","Y","A building housing the engines used to power equipment used by a searchlight, anti-aircraft or caostal battery.","P",
365,133133,"ENGINE HOUSE","Y","A building housing an engine used to run electrical equipment. Use more specific type where known.","P",
365,135679,"Aeroplane Shed (Type B)","N",,"N",
365,135676,"Aircraft Shed","N",,"N",
365,135707,"AIRCRAFT HANGAR (TYPE A2)","Y","An aircraft hangar built to Air Ministry design number 454/43. Mainly constructed on aircraft factory aerodromes","P",
365,135705,"AIRCRAFT HANGAR (TYPE B2)","Y","An aircraft hangar designed by T. Bedford Consulting Engineers usually erected on aircraft factory sites rather than operational airfields.","P",
365,134587,"TRAINING SITE","N","A site used for military training. Use more specific term.","P",
365,134586,"CENTRE OF RESISTANCE","Y","An area, often a village, with fixed defences such as pillboxes, anti tank ditches and gun emplacements, designed to stop the advance of an enemy force and to hold out for an agreed period of time.","P",
365,134585,"ANTI TANK ISLAND","Y","A designated area within a town or village with fixed defences such as pillboxes, anti tank ditches and gun emplacements, designed to threaten the flanks of an enemy force which had broken through a stop line.","P",
365,134584,"VULNERABLE DEFILE","Y","A pass, vulnerable to attack from the enemy but essential for the movement of troops and which, if captured, could divide a defending force. As a result such passes are defended with anti invasion defences such as pillboxes.","P",
365,134583,"MINED ROAD","Y","A road which has had mines placed within its structure to enable it to be destroyed in the event of an invasion.","P",
365,134582,"MINED BRIDGE","Y","A bridge which has had mines placed within its structure to enable it to be destroyed in the event of an invasion.","P",
365,135670,"SEAPLANE SHED (TYPE G)","Y","A side-opening steel framed shed. A smaller version of the SEAPLANE SHED (TYPE F) they were built from 1916 on RNAS seaplane bases.","P",
365,133553,"ANTI TANK WALL (ASSAULT TRAINING)","Y","An anti tank wall constructed specifically to be used for training purposes.","P",
365,135699,"BLISTER HANGAR","Y","A type of transportable aircraft hangar patented by Miskins and Sons in 1939. The arched hangar was constructed of steel or wooden ribs and generally clad in steel sheets. The hangar did not require any foundations and could be anchored by iron stakes.","P",
365,135708,"AIRCRAFT HANGAR (TYPE S)","Y","A small transportable hangar built by the Teesdie Bridge and Engineering Company. Mainly used on RNAS airfields for folding wing aircraft.","P",
365,135709,"AIRCRAFT HANGAR (TYPE VR1)","Y","A single-span aircraft hangar designed by Boulton & Paul of London and Norwich (drawing number 4178/44). Mainly used on aircraft factory sites and at Armament Training Schools.","P",
365,135710,"AIRCRAFT HANGAR (TYPE VR2)","Y","A double-span aircraft hangar designed by Boulton & Paul of London and Norwich. Mainly used on aircraft factory sites and at Armament Training Schools.","P",
365,135711,"BUTLER COMBAT HANGAR","Y","A mutiple role hangar for aircraft and general storage, manufactured in the USA as a kit for on-site assembly during WWII and post-war. It comprises a steel box frame and a canvas covering.","P",
365,135712,"LAMELLA HANGAR","Y","A steel aircraft hangar evolved from the German Lamellendach,  a segmental roof design of the 1920s using a diamond shaped web of pressed steel producing a hangar with a shallow curving profile. Used for both military and civil purposes.","P",
365,135713,"Lamella Aircraft Storage Shed","N",,"N",
365,135714,"HINAIDI AIRCRAFT SHED","Y","A semi-permanent ahed designed to Air Ministry specification 1136/27 as a quick and cheap hangar for stations overseas","P",
365,135715,"BESSONNEAU HANGAR (TYPE H)","Y","The first transportable aircraft hangar developed by the RFC/RAF, which comprised a kit of timber and canvas that could be assembled in 48 hours. The canvas doors open one end only. Also known as Type H hangar.","P",
365,135706,"AIRCRAFT HANGAR (TYPE A1)","Y","An aircraft hangar built to Air Ministry design. Mainly constructed on aircraft factory aerodromes.","P",
365,123429,"COASTAL OBSERVATION POST","Y","A building, situated on the coast, used for observing the movements of shipping.","P",
365,123415,"BUOY","Y","Blocks of solid concrete, in the shape of a round bottomed cone usually 2 feet 6 inches across x 2 feet 9 inches high. Buoys were mainly used in road blocks intended to impede enemy movement in the event of invasion.","P",
365,123442,"DEFENCE WORK","Y","Sites, buildings or structures believed to be associated with defence but unidentifiable as specific monument types.","P",
365,123441,"DEFENCE SITE","N","Sites, buildings and structures involved in the passive or active defence of the country against hostile forces on land, sea and in the air. Use more specific term.","P",
365,123440,"DANNERT WIRE","Y","Barbed wire in the form of a coil which could be extended concertina-like to form a barrier to impede the movement of hostile troops.","P",
365,123439,"CYLINDER","Y","Blocks of solid concrete, in the form of cylinders usually 2 feet across x 2 feet 6 inches or 3 feet high. Cylinders were mainly used in road blocks intended to impede enemy movement in the event of invasion.","P",
365,123438,"CUBE","Y","Cubes of solid concrete, usually with sides of 3 feet 6 inches or 5 feet which when placed in rows were intended to form a substantial barrier to enemy armoured divisions in the event of invasion.","P",
365,123437,"Croft Pillbox","N",,"N",
365,123436,"COUNTER BOMBARDMENT BATTERY","Y","A coastal battery used for delivering fire at long distance thus forcing a warship threatening or bombarding shore installations to withdraw out of range.","P",
365,123435,"Counter Balance Fort","N",,"N",
365,123434,"CONSOL SHELTER","Y","A small, steel shelter designed for use as a firewatchers post during an air raid.","P",
365,123433,"CONE","Y","Cones of solid concrete usually 3 feet 6 inches in diameter x 2 feet high which, when placed in rows or groups were intended to form a substantial barrier to enemy armoured divisions in the event of invasion.","P",
365,123432,"COMMUNICATION TRENCH","Y","A trench, usually linking two or more rows of trenches, enabling the conveyance of messages or equipment safely from one trench to another.","P",
365,123444,"Defended House","N",,"N",
365,123430,"COFFIN","Y","Rectangular slabs of concrete with a sloping top usually with sides of 5 feet by 3 feet and 3 feet high which when placed in rows were intended to form a substantial barrier to enemy armoured divisions in the event of invasion.","P",
365,123445,"DEFENDED LOCALITY","Y","An area, with fixed defences, designed to act as a focal point for a defending force.","P",
365,123428,"COASTAL DEFENCE SITE","N","A defence site used to defend against emeny shipping or invasion attempts. Use more specific term.","P",
365,123427,"COASTAL BATTERY","Y","A site including artillery pieces and associated structures directed out to sea to engage enemy shipping and defend the coastline. Use more specific term where known.","P",
365,123426,"COAST DEFENCE CHAIN HOME LOW STATION","Y","A radar station with sets operating on a wavelenght of 1.5m established to provide radar plotting of both shipping and aircraft movements.","P",
365,123425,"COAST ARTILLERY SEARCHLIGHT","Y","A searchlight battery, which faces out to sea, used to locate and illuminate enemy shipping.","P",
365,123424,"COAST ARTILLERY BATTERY","Y","A defensive battery positioned facing out to sea enabling the guns to be brought to bear on enemy shipping and amphibious craft.","P",
365,123423,"CLOSE DEFENCE BATTERY","Y","A coastal battery designed for use in short range engagements with enemy vessels, minelayers, blockships ad torpedo craft.","P",
365,123422,"CIVIL DEFENCE SITE","N","Sites and buildings used in the coordination of the defence of the civilian population during times of war. Could also be used during times of national emergency.","P",
365,123421,"CIVIL DEFENCE BUILDING","Y","A building used to coordinate civil defence in times of war. Can also be utilized as aid centres in times of national emergency.","P",
365,123420,"CHAIN HOME STATION","Y","A radar station using equipment based upon apparatus developed for ionospheric research. Chain Home was the backbone of British radar provision in the Second World War.","P",
365,123419,"CHAIN HOME LOW STATION","Y","A radar station with sets operating on a wavelength of 1.5m. Chain Home Low Stations were intended for use in locating low-flying aircraft but was also capable of detecting high-flying aircraft.","P",
365,123418,"CHAIN HOME EXTRA LOW STATION","Y","A radar station with sets operating on a wavelength of 10cm or less. They were highly accurate radars and gave better sea level coverage than the earlier Chain Home Low stations.","P",
365,123417,"CANADIAN PIPE MINE","Y","A steel pipe driven into the ground at a shallow, oblique angle and packed with explosives. They were intended to be detonated on the approach of a hostile amroured vehicle or tank in order to create an obstacle directly in its path.","P",
365,123474,"HEAVY ANTI AIRCRAFT BATTERY","Y","An anti aircraft battery usually mounting weapons with a larger calibre ammunition such as the QF 3.75 inch (94mm) gun.","P",
365,123431,"COMMAND POST","Y","A building used for directing the movements of artillery pieces or searchlights. Use more specific term where known.","P",
365,123459,"FIGHTER COMMAND STATION","Y","An airfield, and associated structures, used by one or more fighter squadrons.","P",
365,123358,"AIR RAID PRECAUTIONS STORE","Y","A building used for the storage and distribution of civilian respirators and Air Raid Precautions equipment.","P",
365,123472,"GUN LAYING RADAR PLATFORM","Y","A platform, usually in concrete, on which radar equipment was mounted to assist the targetting of artillery guns. The platform is often the only evidence surviving in the landscape.","P",
365,123471,"GUN EMPLACEMENT (TYPE 55503)","Y","A gun emplacment which conforms to Department of Fortification and Works drawing number 55503.","P",
365,123470,"GUN EMPLACEMENT (TYPE 55491)","Y","A gun emplacment which conforms to Department of Fortification and Works drawing number 55491.","P",
365,123469,"GUN EMPLACEMENT (TYPE 55483)","Y","A gun emplacment which conforms to Department of Fortification and Works drawing number 55483.","P",
365,123468,"GUN EMPLACEMENT (TYPE 55422)","Y","A gun emplacement which conforms to Department of Fortification and Works drawing number 55422.","P",
365,123467,"GUN EMPLACEMENT (TYPE 55415)","Y","A gun emplacement which conforms to Department of Fortification and Works drawing number 55422. fortified site in which a gun, mortar or cannon is positioned and which conforms to Department of Fortification and Works drawing number 55415.","P",
365,123466,"GUN EMPLACEMENT (TYPE 55414)","Y","A gun emplacement which conforms to Department of Fortification and Works drawing number 55422.A fortified site in which a gun, mortar or cannon is positioned and which conforms to Department of Fortification and Works drawing number 55414.","P",
365,123465,"GUN EMPLACEMENT","Y","A fortified site in which a gun, mortar or cannon is positioned.","P",
365,123464,"Guard Room","N",,"N",
365,123463,"GROUP HEADQUARTERS","Y","A building used by the Royal Observer Corps as a headquarters and reporting centre. It may also fulfil an observation and nuclear fallout monitoring role. Use term to describe headquarters for plotting and monitoring nuclear fallout.","P",
365,123462,"FOUGASSE","Y","A pit filled with rocks and metal, designed to be fired with an explosive charge.","P",
365,123443,"DEFENDED BUILDING","Y","A building which has been altered to increase its defensive characteristics. Use more specific term where known.","P",
365,123460,"FIRE TRENCH","Y","A trench cut around a building or structure to prevent the spread of fire.","P",
365,123414,"BUNKER","Y","A bomb-proof structure, usually undergound, used as a command centre for military operations.","P",
365,123458,"FIELDWORK","Y","A usually temporary earthwork or fortification, constructed by military forces operating in the field. Use more specific type where known.","P",
365,123457,"EXTENDED DEFENCE OFFICERS POST","Y","An observation post for a naval officer in charge of a marine minefield.","P",
365,123456,"EMERGENCY PLANNING CENTRE","Y","A structure, building or room within a building, used by a local authority for the continuance of local government in the event of a military or civil emergency.","P",
365,123455,"EMERGENCY COAST DEFENCE BATTERY","Y","A coastal battery constructed at short notice usually mounting a variety of artillery pieces.","P",
365,123454,"EARLY WARNING STATION","Y","A complex of buildings using Radar or satellite tracking to monitor and detect enemy missile launches early enough to allow a counterattack or defensive measures to be taken.","P",
365,123453,"EARLY WARNING SITE","N","A site, building or structure used for the detection of approaching hostile aircraft, shipping or missiles early enough to allow a counterattack or defensive measures to be taken. Use more specific term.","P",
365,123452,"Dummy Landing Ground (Night)","N",,"N",
365,123451,"Dummy Landing Ground (Day)","N",,"N",
365,123450,"DRILL HALL","Y","A building or site used for the exercise and training of military personnel.","P",
365,123449,"Drem Type Flarepath Site","N",,"N",
365,123448,"Dragons Teeth","N",,"N",
365,123447,"DEMOLITION CHARGE SITE","Y","A site used for the placing of an explosive, demolition charge. Many types of structures were prepared for demolition in the event of an invasion in order to cause the maximum disruption to the advance of hostile forces. Use more specifc type where known.","P",
365,123446,"DEMOLITION CHAMBER","Y","A chamber built into a structure, such as a bridge, in which an explosive, demolition charge could be placed. The charge could then be inserted in the event of an invasion.","P",
365,123461,"FIREWATCHERS POST","Y","A building or structure used to provide protection to an Air Raid Warden or firewatcher during an air raid, thus enabling the identification of the locations of fires caused by incendiary bombs in comparative safety.","P",
365,123368,"ANTENNA ARRAY","Y","A structure used for the transmission and interception of radio signals. Usually composed of a number of different elements such as aerials, receiving equipment and supporting pylons.","P",
365,123416,"CABLE","Y","A cable, usually erected between posts, used to prevent the landing or hostile aircraft.","P",
365,123381,"ANTI TANK DITCH","Y","A ditch designed to obstruct the progress of a tank or armoured vehicle. Use more specific type where known.","P",
365,123380,"ANTI TANK BLOCK","Y","A reinforced concrete block designed to obstruct the progress of a tank or armoured vehicle. Use more specific type where known.","P",
365,123379,"ANTI SEAPLANE OBSTACLE","Y","A purpose built obstruction placed in a stretch of water to prevent the landing of seaplanes or flying boats.","P",
365,123378,"ANTI MOTOR TORPEDO BOAT BATTERY","Y","A coastal battery containing one or more artillery pieces for to defend the coast against hostile motor torpedo boats.","P",
365,123377,"ANTI LANDING TRENCH","Y","A purpose built trench designed to prevent the successful landing of enemy glider-borne and airborne forces.","P",
365,123376,"ANTI LANDING OBSTACLE","Y","Obstacles placed in open spaces and alongside roads designed to prevent the successful landing of enemy airborne forces.","P",
365,123375,"ANTI INVASION DEFENCE SITE","N","Sites, buildings and structures associated with the defence of the British Isles against invasion from seaborne or airborne forces.","P",
365,123374,"Anti Glider Obstacle","N",,"N",
365,123373,"ANTI BOAT LANDING OBSTACLE","Y","Obstacles, including scaffolding and anti tank blocks designed to impede an enemy's attempts to land forces onto open beaches.","P",
365,123372,"ANTI AIRCRAFT OPERATIONS ROOM","Y","A one or two storey reinforced concrete structure, usually associated with two T-shaped radio masts. Term is specific to army anti-aircraft control centres operational between 1950-55.","P",
365,123371,"ANTI AIRCRAFT GUN POST","Y","A light anti aircraft position, usually open-walled and built of concrete, brick or sandbags used to emplace one or more machine guns mounted on pintels.","P",
365,123383,"ANTI TANK DITCH (NATURAL IMPROVED)","Y","A natural ditch the depth and/or width of which has been increased so as to prevent the progress of a tank or armoured vehicle.","P",
365,123369,"ANTI AIRCRAFT BATTERY","Y","A site containing one or more artillery pieces and/or rocket launchers for firing at enemy aircraft.","P",
365,123384,"ANTI TANK GIRDER","Y","A metal girder, usually of iron or steel, embedded in the ground designed to obstruct the progress of hostile tanks or armoured vehicles.","P",
365,123367,"ANDERSON SHELTER","Y","An air raid shelter, designed to be placed in the garden. Made from prefabricated components, they were often semi-sunken and the structure then covered with soil for added protection.","P",
365,123366,"ANCILLARY BUILDING","N","Buildings, used for a variety of purposes, providing support to essential services or  for a central function. Use more specific term.","P",
365,123365,"Allen Williams Turret","N",,"N",
365,123364,"ALLAN WILLIAMS TURRET","Y","A rotating, domed, steel turret set over a circular pit used as a gun emplacement.","P",
365,123363,"Alan Williams Turret","N",,"N",
365,123362,"AIRFIELD DEFENCE SITE","N","A site or building associated with active or passive defence of the landing ground and buildings of an airfield.","P",
365,123361,"AIR RAID WARNING SIREN","Y","A siren used to warn of an impending attack by enemy aircraft.","P",
365,123360,"AIR RAID WARDENS POST","Y","A purpose-built or adapted structure used by an Air Raid Warden for coordinating activities.","P",
365,123359,"AIR RAID SHELTER","Y","A fortified structure used to protect civilians and/or military personnel from enemy bombing.","P",
365,123357,"AIR RAID PRECAUTIONS SITE","N","A site used by the Air Raid Precautions network. Use more specific term.","P",
365,123355,"AIR DEFENCE SITE","N","A site equipped for passive or active defence against an airborne enemy assault.","P",
365,123354,"ACTIVE AIR DEFENCE SITE","N","A site equipped for active defensive action against an airborne enemy assault.","P",
365,123353,"ABLUTIONS BLOCK","Y","A building housing toilets and washing facilities.","P",
365,123370,"ANTI AIRCRAFT DEFENCE SITE","Y","Sites, buildings and structures for the control and mounting of anti aircraft artillery. Also, structures for passive or indirect defence against enemy aircraft.","P",
365,123399,"BARRAGE BALLOON CENTRE","Y","An RAF Base, used specifically for the storage and maintenance of barrage balloons.","P",
365,123413,"BUFFER DEPOT","Y","A strategic food store, directly operated by, or on behalf of, the government. The stores were used to store a variety of foodstuffs. They were in operation from the end of the Second World War until the early 1990's.","P",
365,123412,"BRIDGE","Y","A structure of wood, stone, iron, brick or concrete, etc, with one or more intervals under it to span a river or other space. Use specific type where known.","P",
365,123411,"BOMBING DECOY SITE","Y","A site comprising a system of lights, controlled fires or dummy constructions, used during WWII to provide a counterfeit target for enemy aircraft. Use more specific type where known.","P",
365,123410,"BLOODHOUND MISSILE LAUNCH SITE","Y","A missile base armed with the Bristol Bloodhound surface-to-air missile. Bloodhounds were deployed to defend the launch sites of Thor Intermediate Range Ballistic Missiles.","P",
365,123409,"BISON MOBILE PILLBOX","Y","A flatbed lorry with a concrete defensive position fitted on the back enabling the pillbox to be driven to where it was most needed in the event of an airborne force landing on the airfield.""""","P",
365,123408,"BEACH SCAFFOLDING","Y","Scaffolding erected on a beach and in the surf so as to prevent hostile forces from landing.","P",
365,123407,"BEACH DEFENCE LIGHT","Y","A searchlight battery used to light a beach.","P",
365,123406,"BEACH DEFENCE BATTERY","Y","A battery, usually a single gun often in a pillbox,  situated so as to provide enfilading fire along a beach to prevent hostile forces from advancing inland.","P",
365,123405,"BATTLE HEADQUARTERS (3329/41)","Y","A structure, based on drawing number (3329/41), intended to be the headquarters for the coordination of an airfield's defences. Constructed above ground this design was found to be vulnerable and was superceded by the (11008/41).","P",
365,123404,"BATTLE HEADQUARTERS (11008/41)","Y","A concrete structure, based on drawing number (11008/41), intended to be the headquarters for the coordination of an airfield's defences. Constructed partially underground it was considered less vulnerable than the (3329/41).","P",
365,123403,"BATTLE HEADQUARTERS","Y","A structure designed to be the headquarters for the coordination of an airfield's defences. Constructed on the surface or partially underground it was only intended to be occupied during an attack. Use more specific type where known.","P",
365,123402,"BATTERY OBSERVATION POST","Y","A building used to observe the movements of hostile aircraft or shipping.","P",
365,123382,"ANTI TANK DITCH (ARTIFICIAL)","Y","A man made ditch designed to obstruct the progress of a tank or armoured vehicle. Ditches were often reveted with concrete or wood.","P",
365,123400,"BARRAGE BALLOON SITE","Y","A site where a single large balloon was attached by fine wire cables to the ground to form an aerial obstruction to attacking enemy aircraft.","P",
365,123475,"Hedgehog","N",,"N",
365,123398,"BARRACK BLOCK","Y","A building used for the accommodation of members of the armed forces.","P",
365,123397,"BARBED WIRE ENTANGLEMENT","Y","One or more coils of barbed wire intended to impede the advance of hostile troops.","P",
365,123396,"Avenue Type Flarepath Site","N",,"N",
365,123395,"AUXILIARY UNIT OPERATIONAL BASE","Y","A well concealed structure, usually constructed undergound, intended for use by members of the British Resistance Organization in the event of invasion.","P",
365,123394,"Auxiliary Unit Hideout","N",,"N",
365,123393,"Armco Pillbox","N",,"N",
365,123392,"ANTI TANK WALL","Y","A wall, usually of reinforced concrete, designed to obstruct the progress of a tank or armoured vehicle.","P",
365,123391,"ANTI TANK VERTICAL RAIL","Y","A road block formed by placing rails or girders in an upright position in sockets in the road surface, forming a moveable barrier.","P",
365,123390,"Anti Tank Trench","N",,"N",
365,123389,"Anti Tank Trap","N",,"N",
365,123388,"ANTI TANK SCAFFOLDING","Y","Scaffolding intended to impede the advance of enemy armoured divisions. Often found in association with one way anti tank ditches.""""","P",
365,123387,"ANTI TANK OBSTACLE","Y","Obstacles, usually constructed of concrete and/or metal, designed to prevent the advance of enemy armoured divisions in the event of a successful invasion.","P",
365,123386,"ANTI TANK HAIRPIN","Y","A road block formed by placing curved rails, hairpins,  in sockets in the road surface.","P",
365,123401,"BARREL FLAME TRAP","Y","An anti-personnel device consisting of a 40 gallon fuel drum placed on top of an explosive charge and detonator. When detonated the barrel would explode sending burning fuel over the intended target.","P",
365,123549,"SEARCHLIGHT BATTERY","Y","A site in which one or more searchlights were positioned to locate enemy aircraft or surface vessels for the benefit of batteries and night fighter aircraft.","P",
365,123535,"RADIO TELEGRAPHY STATION","Y","A building or group of buildings, incorporating radio masts, built to intercept radio transmissions from enemy vessels and aircraft during WWI.","P",
365,123562,"SUB REGIONAL SEAT OF GOVERNMENT","Y","A structure, often sited underground, from where it was intended to conduct the business of government in the event of nuclear war. Sub RSGs were introduced between the RSGs and local authorities to allow the RSGs to focus on strategic direction.","P",
365,123561,"STOP LINE","Y","A notional line of resistance defined by anti tank obstacles, pillboxes and gun emplacements.","P",
365,123560,"SPIGOT MORTAR EMPLACEMENT","Y","A pit or emplacement surrounding a concrete pedestal, or 'thimble', which was used to mount a spigot mortar. Deployed by the Home Guard during WWII as an anti invasion measure.","P",
365,123559,"SPIDER BILLET","Y","A barracks comprising eight barrack blocks accessed via a central corridor. With four blocks on either side of the corridor the whole structure resembled a spider in plan.","P",
365,123558,"SOUND MIRROR (30 FEET)","Y","A concrete, circular concave dish 30 feet in diameter used as an acoustic listening device to detect approaching enemy aircraft.","P",
365,123557,"SOUND MIRROR (200 FEET)","Y","A concrete, concave wall 200 feet in length used as an acoustic listening device to detect approaching enemy aircraft.","P",
365,123556,"SOUND MIRROR (20 FEET)","Y","A concrete, circular concave dish 20 feet in diameter used as an acoustic listening device to detect approaching enemy aircraft.","P",
365,123555,"SOUND MIRROR","Y","An early warning structure built during and after WWI along the south and east coasts of England. Sound detecting acoustic dishes and walls could detect the sound of approaching enemy aircraft at a distance of 8 to 15 miles.","P",
365,123554,"Sound Dish","N",,"N",
365,123553,"SLIT TRENCH","Y","A short trench used to protect troops or to provide defensive fire from, often dug for practice purposes.","P",
365,123552,"Sharks Teeth","N",,"N",
365,123564,"T Type Flarepath Site","N",,"N",
365,123550,"SECTION POST","Y","A large pillbox-like structure, often L-shaped or angular, with numerous loopholes used as a defensive position.","P",
365,123565,"TETRAHEDRON","Y","Triangular concrete pyramids with 6 feet long sides and 5 feet high, intended to impede enemy movement in the event of invasion. Thought to be confined geogaphically to Southern Command.","P",
365,123548,"RUCK MACHINE GUN POST","Y","A machine gun post designed by James Ruck constructed from hollow concrete blocks and prefabricated concrete sheeting with loopholes allowing for a garrison of eight.","P",
365,123547,"ROYAL OBSERVER CORPS SITE","Y","A site or structure associated with the activities of the Royal Observer Corps. The Corps was formed on 1 January 1947 and disbanded in 1991.","P",
365,123546,"ROADBLOCK","Y","A combination of obstructions, used either to stop enemy forces or force them off the road.","P",
365,123545,"ROAD","Y","A way between different places, used by horses, travellers on foot and vehicles.","P",
365,123544,"Rifle Post","N",,"N",
365,123543,"RIFLE PIT","Y","A pit dug to protect a small group of infantry men.","P",
365,123542,"Resistance Hideout","N",,"N",
365,123541,"REGIONAL SEAT OF GOVERNMENT","Y","A reinforced concrete structure, usually sited underground, from where it was intended to conduct the business of government in the event of nuclear war. Date specific late 1950's to early 1970's.","P",
365,123540,"REGIONAL GOVERNMENT HEADQUARTERS","Y","A reinforced concrete structure, usually sited underground, from where it was intended to conduct the business of government in the event of nuclear war. Date specific from mid 1980's to early 1990's.","P",
365,123539,"REGIMENTAL HEADQUARTERS","Y","The main administrative building and headquarters of a regiment.","P",
365,123538,"RECREATION HUT","Y","A hut, usually built as part of a complex on a military base or airfield and used for the recreation of military personnel.","P",
365,123537,"RAILBLOCK","Y","Obstacles, often semi permanent, which are placed on railway lines to prevent the enemy from using them. Set up during the defence of Britain.","P",
365,123473,"GUN STORE","Y","A building used for the storage of artillery pieces.","P",
365,123551,"SERGEANTS MESS","Y","A building providing dining facilities and recreation for non-commissioned officers.","P",
365,125453,"FIRE SERVICE HEADQUARTERS","Y","A building, either purpose-built or modified,  used for the co-ordination of the Fire Service.","P",
365,130279,"PARACHUTE STORE (6351/37)","Y","A protected parachute store built with permanent brick cavity walls and a roof of reinforced concrete slabs in two heights separated by lantern lights.","P",
365,130278,"PARACHUTE STORE (3633/35)","Y","A hut 51ft long by 20ft wide used to dry, store and pack parachutes.Similar in design to the 2355/25, but constructed in timber instead of brick.","P",
365,130277,"PARACHUTE STORE (2355/25)","Y","A brick-built building with four windows on the north-facing wall with a pitched roof and with a dormer roof light on both sides, intended for drying, storing and packing parachutes.The 2355/25 was the first design for a purpose-built parachute store.","P",
365,130276,"PARACHUTE STORE (10825/42)","Y","A distinctive, clerestory-roofed building of three 10ft and two 12ft bays, used for the drying, storage and packing of military parachutes and built to Air Ministry drawing number 10825/42.","P",
365,130275,"PYROTECHNIC STORE (2647/37)","Y","A protected building used for the storage of explosives and other pyrotechnic equipment and designed to Air Ministry drawing number 2647/37.","P",
365,130274,"FIRE TENDER HOUSE (5342/42)","Y","A building, on an airfield, used to house a fire engine designed to Air Ministry drawing number 5342/42.","P",
365,130273,"FIRE TENDER HOUSE (12563/40)","Y","A building, on an airfield, used to house a fire engine designed to Air Ministry drawing number 12563/40.","P",
365,130253,"DOMESTIC SITE","Y","Buildings used for the accommodation, welfare and recreation of servicemen, especially those serving in the Royal Air Force.","P",
365,130233,"TECHNICAL AND INSTRUCTIONAL SITE","N","Sites used for the maintenance of military equipment and buildings and the instruction of military personnel. Use more specific term.","P",
365,126753,"ANTI TANK GUN EMPLACEMENT","Y","A defensive structure or site where an anti tank gun is situated.","P",
365,125474,"ACCOMMODATION HUT","Y","A hut used for the accommodation of members of the armed forces.","P",
365,125473,"ARMY CAMP","Y","A site, including barracks and ancillary buildings used for the accommodation of soldiers.","P",
365,123563,"SUBMARINE MINE ESTABLISHMENT","Y","A complex of purpose-built or adapted buildings used for the maintenance, storage, assembly and control of sea mines and minefields.","P",
365,125454,"MACHINE GUN EMPLACEMENT","Y","A structure, usually or concrete or sandbags, in which a machine gun was emplaced.","P",
365,123534,"RADAR STATION","Y","A building or site incorporating equipment used for detecting the presence of enemy aircraft or ships.","P",
365,123593,"PILLBOX (PREFABRICATED)","Y","A pillbox constructed of prefabricated concrete panels. Double index with specific type where known.","P",
365,123577,"Z Station","N",,"N",
365,123576,"Z BATTERY","Y","An anti aircraft battery armed with 3 inch rockets with a ceiling of 22,000 feet. Both single and multiple launchers were designed. Single launchers being used to defend vulnerable points such as coastal batteries with multiple launchers defending town.","P",
365,123575,"Y Station","N",,"N",
365,123574,"Wireless Telegraphy Station","N",,"N",
365,123573,"WEAPONS PIT","Y","Usually a small, two or three man trench, dug as an isolated fieldwork rather than as part of a defensive system. A WWI and WWII feature.","P",
365,123572,"WAR ROOM","Y","A reinforced concrete structure, which may be sited above ground or semi-sunken, from where it was intended to conduct the business of government from, in the event of nuclear war. Date specific to the early-mid 1950's.","P",
365,123571,"VICKERS MACHINE GUN EMPLACEMENT","Y","A square, concrete pillbox-like structure with 36in thick walls and a single large embrasure used to emplace a Vickers Medium Machine Gun. The entrance was protected by an external blast wall.","P",
365,123570,"UNDERGROUND MONITORING POST","Y","A small underground chamber from where it was intended to monitor radioactive fallout in the event of nuclear attack. The majority were built between 1956 and 1964, although construction continued into the early 1970s.","P",
365,123569,"TRENCH","Y","A linear fieldwork dug as a means of concealment, protection or both.","P",
365,123568,"TORPEDO STATION","Y","A land based establishment armed with torpedoes and used to defend the coast from enemy shipping.","P",
365,123567,"THOR MISSILE LAUNCH SITE","Y","A missile base armed with the Thor Intermediate Range Ballistic Missile. Thor Missiles were deployed in Britain under joint British/US control between 1959 and 1964.","P",
365,123566,"TETT TURRET","Y","A small concrete turret placed on top of a standard 4ft diameter concrete pipe sunk into the ground intended for use in defending road junctions.","P",
365,125455,"ROYAL NAVY SHORE ESTABLISHMENT","Y","A complex of buildings used as a headquarters and training base for Royal Navy personnel. Even though they are buildings on land shore establishments are deemed to be shipsand are designated 'HMS' eg. HMS Dolphin in Portsmouth.","P",
365,123489,"MINEFIELD","Y","An area of ground or water containing explosive mines.","P",
365,123536,"RAIDSAFE SHELTER","Y","A small, industrially manufactured, air raid shelter, designed to be used inside buildings and to provide cover for nightwatchmen or firewatchers remaining on site during air raids.","P",
365,123502,"PILLBOX (CANTILEVERED)","Y","A pillbox in which the roof is detached from the walls and supported by a central pillar, thus leaving an embrasure allowing a 360 degree field of fire.","P",
365,123501,"PILLBOX","Y","An often squat building with thick, loopholed walls and a flat roof, designed to accommodate a variety of weapons, usually strategically positioned to cover a vulnerable point in a defensive system.","P",
365,123500,"PICKETT HAMILTON FORT","Y","A sunken, circular, concrete pillbox used on airfields. They remained flush with the surface to permit the free movement of aircraft, but if attack threatened, could be raised, hydraulically or by a counterbalance, and manned to give covering fire.","P",
365,123499,"PETROLEUM WARFARE SITE","Y","A site, usually including fuel tanks, pipeworks and control buildings, where flaming petroleum was intended to be used as a weapon against a hostile invasion.","P",
365,123498,"PEDESTAL","Y","A concrete, cylindrical pedestal on which a spigot mortar was mounted. The pedestal is often the only evidence for a Spigot Mortar emplacement to survive.","P",
365,123497,"PASSIVE AIR DEFENCE SITE","N","Sites, buildings or structures involved in passive air defence, usually by forcing hostile aircraft to fly high or drop their bombs on the wrong targets. Use more specific term.","P",
365,123496,"ORLIT POST","Y","A small prefabricated, reinforced concrete structure manufactured by Messrs Orlit Ltd for the Royal Observer Corps. The first were ordered in 1951, most were redundant by 1955, a few remained in use in eastern England until 1965.","P",
365,123495,"OFFICERS MESS","Y","A building providing dining facilities and recreation for commissioned officers.","P",
365,123494,"NUCLEAR BUNKER","Y","A reinforced concrete structure, often sited underground, used as a shelter from the threat of nuclear attack.","P",
365,123493,"Norcon Pillbox","N","A proprietary name for a small, circular pillbox of Type CP/6/40/111.","N",
365,123492,"NODAL POINT","Y","A designated area, usually sited at a strategic crossroads, with fixed defences such as pillboxes, anti tank ditches and gun emplacements, designed to act as a rallying point for defenders.","P",
365,123504,"PILLBOX (SHELLPROOF)","Y","A pillbox with walls that have been thickened to protect against shells. Double index with specific type where known.","P",
365,123490,"MINEWATCHERS POST","Y","A building with small observation ports used for plotting mines dropped by parachute.","P",
365,123505,"PILLBOX (TYPE 391)","Y","A pillbox built to a design drawn up by the chief engineer of GHQ home forces.","P",
365,123488,"MILITARY DEFENCE AND FORTIFICATION","N","This is the top term for the thesaurus see Class List for Narrower Terms.","P",
365,123487,"MESS","Y","A building providing dining and recreation facilities for military personnel.","P",
365,123486,"MAGAZINE","Y","A building in which a supply of arms, ammunition and provisions for an army is stored.","P",
365,123485,"LYON LIGHT EMPLACEMENT","Y","An emplacement mounting a small, portable electrically-powered searchlight.","P",
365,123484,"LOOPHOLED WALL","Y","A wall containing apertures to allow a weapon to be fired through it.","P",
365,123483,"Loopholed House","N",,"N",
365,123482,"LIGHT ANTI AIRCRAFT BATTERY","Y","An anti aircraft battery usually mounting smaller, faster weapons such as Bofors guns, intended to engage fast low flying aircraft.","P",
365,123481,"K SITE","Y","A decoy site designed to replicate the layout of an RAF satellite airfield, complete with dummy aircraft, simulated runways and simple structures intended to fool enemy aircraft during daylight raids.","P",
365,123480,"INFANTRY POST","Y","A defensive position, often constructed from sandbags, designed to protect a group of infantry.","P",
365,123479,"In Line Type Flarepath Site","N",,"N",
365,123478,"HOME GUARD SHELTER","Y","A structure, often concrete or brick, used as a shelter by members of the British citizen army during watch or patrol duties, or air raids, in wartime.","P",
365,123477,"HOME GUARD HEADQUARTERS","Y","A building used as the headquarters for the Home Guard during the Second World War.","P",
365,123476,"HOLDFAST","Y","A plinth or pedestal, usually of concrete, to which an anti aircraft or coastal battery gun was fitted. Holdfasts are often the only evidence for a weapon which survive.","P",
365,123491,"MORRISON SHELTER","Y","A portable indoor air raid shelter in the form of a steel topped table, often with wire meshing around the sides.","P",
365,123519,"PILLBOX (TYPE FW3/27)","Y","A large octagonal pillbox, with a projecting entrance, equipped with loopholes for eight Light Machine Guns and a Light Anti Aircraft mounting sited in a central well which was accessed from inside the pillbox. Designed by DFW branch 3.","P",
365,123533,"QUARTERMASTERS STORE","Y","A building or group of buildings used for the storage and issuing of rations and equipment to an army unit.","P",
365,123532,"QL SITE","Y","A decoy site designed to simulate permitted lighting, such as locomotives, furnaces and tramwire flashes, to lure attacking night bombers away from legitimate targets.","P",
365,123531,"QF SITE","Y","A decoy fire positioned close to a legitimate target which would be lit in the event of an incendiary attack in the hope that subsequent bombs would be drawn to the area of the decoy.","P",
365,123530,"Q SITE SHELTER (367/41)","Y","An operations room, built to drawing number 367/41, to control the lighting arrays of the DREM type of bombing decoy in use during the Second World War. Unlike earlier designs it was surface built and then covered in earth to protect against flooding.","P",
365,123529,"Q SITE SHELTER (3395/40)","Y","An operations room, built to drawing number 3395/40, to control the lighting arrays of the 'T' type of bombing decoy in use during the Second World War. It was semi-sunken for added protection and then covered in earth.","P",
365,123528,"Q SITE","Y","A decoy site designed to simulate the flarepath lighting of permanent RAF stations, to lure attacking night bombers away from legitimate targets.","P",
365,123527,"POLE","Y","A telegraph pole, tree trunk or similar erected on the side of a road, or in an open space, to prevent the landing of hostile aircraft.","P",
365,123526,"PIMPLE","Y","Blocks of solid concrete,in the form of truncated pyramids usually 3 feet square x 2 feet high which could be placed in rows to impede enemy movement in the event of invasion. Pimples were recommended for use on soft ground.","P",
365,123525,"PILLBOX (VARIANT)","Y","A pillbox which varies from the standard designs.","P",
365,123524,"PILLBOX (TYPE PD541)","Y","A circular pillbox designed by the Croft Granite, Brick and Concrete Company, with six loopholes. With no roof or door access was gained through the roof.","P",
365,123523,"PILLBOX (TYPE FW3/46)","Y","A pillbox design, assigned a drawing number by DFW branch 3.","P",
365,123522,"PILLBOX (TYPE FW3/45)","Y","A pillbox design, assigned a drawing number by DFW branch 3.","P",
365,123503,"PILLBOX (MODIFIED)","Y","A pillbox which has been modified from a standard Directorate of Fortifications and Works design. Double index with specific type where known.","P",
365,123520,"PILLBOX (TYPE FW3/28)","Y","A square pillbox with walls up to 48in thick, designed to emplace a 2 pounder anti tank gun. A large opening in the back allowed the gun to be wheeled into position at the large embrasure in the front wall. Designed by DFW branch 3.","P",
365,130280,"PARACHUTE STORE (175/36)","Y","A protected parachute store similar in design to the 6351/37 except constructed wholly from reinforced concrete..","P",
365,123518,"PILLBOX (TYPE FW3/26)","Y","A square pillbox with loopholes for four Light Machine Guns and walls 18in thick. Probably designed by DFW branch 3 although it may have been adapted from an external source as Southern Command correspondece refer to the type as 'Stento'.","P",
365,123517,"PILLBOX (TYPE FW3/25)","Y","A circular pillbox designed by the Engineering and Metals Company using 'Armco' corrugated iron sheets as the inner and outer skins into which concrete was poured, giving a 12in wall thickness. The design was taken up by DFW and assigned a drawing number.","P",
365,123516,"PILLBOX (TYPE FW3/24)","Y","A hexagonal pillbox with an internal anti-ricochet wall and the rear wall lengthened to take two rifle loopholes in addition to five Light Machine Gun loopholes. Both 15in and 42in thick walls are common. Designed by DFW branch 3.","P",
365,123515,"PILLBOX (TYPE FW3/23)","Y","A rectangular pillbox with an enclosed square plan section for three Light Machine Guns and an adjacent open area housing a mounting for a Light Anti Aircraft weapon. Designed by DFW branch 3.","P",
365,123514,"PILLBOX (TYPE FW3/22)","Y","A hexagonal pillbox, with an internal anti-ricochet wall and loopholes for five Light Machine Guns and one rifle. Originally designed to have walls 15in bulletproof walls many were built with 42in thick shellproof walls. Designed by DFW branch 3.","P",
365,123513,"PILLBOX (TYPE CRE1116)","Y","A pillbox built to a design by the commander of the Royal Engineers for the Colchester Garrison.","P",
365,123512,"PILLBOX (TYPE CRE1094)","Y","A pillbox built to a design by the commander of the Royal Engineers for the Colchester Garrison.","P",
365,123511,"PILLBOX (TYPE CRE TL62)","Y","A pillbox built to a design drawn up by the commander of the Royal Engineers in Southern Area (Taunton Line).","P",
365,123510,"PILLBOX (TYPE CP/6/40/111)","Y","A circular pillbox, usually consisting of a concrete pipe with a timber and corrugated iron roof, surrounded and covered by earth and sandbags. Built to a design by Norcon Ltd, a company dealing in concrete pipes.","P",
365,123509,"PILLBOX (TYPE CE390)","Y","A pillbox built to a design drawn up by the chief engineer of GHQ home forces.","P",
365,123508,"PILLBOX (TYPE CE2843)","Y","A pillbox built to a design drawn up by the chief engineer of Scottish Command.","P",
365,123507,"PILLBOX (TYPE CE2717)","Y","A pillbox built to a design drawn up by the chief engineer of Scottish Command.","P",
365,123506,"PILLBOX (TYPE CE124/41)","Y","A pillbox built to a design drawn up by the chief engineer of South-Eastern command.","P",
365,123521,"PILLBOX (TYPE FW3/28A)","Y","A large, rectangular pillbox based on the FW3/28 with the addition of a small infantry chamber to one side of the main gun chamber.","P",
365,140748,"BOMBING RANGE MARKER","Y","A range marker allowing bombers to locate the bombing range.","P",
365,140742,"OPERATIONS BLOCK","Y","A building of varying designs intended for directing military aviation operations. Normally associated with military airfields.","P",
365,140743,"PARADE GROUND","Y","A place where military personnel parade, practice marching, assemble or muster for a march or any other special purpose.","P",
365,140744,"DECONTAMINATION BUILDING","Y","A building used for the treatment of victims of chemical, gas or other forms of contamination.","P",
365,140745,"Gas Decontamination Centre","N",,"N",
365,140746,"SICK QUARTERS","Y","A building used for the accommodation of sick and wounded members of the armed forces.","P",
365,140706,"FIRE STATION","Y","A building housing fire engines, and equipment and a permanent fire-fighting force.","P",
365,140755,"RADIO TELEGRAPHY MAST","Y","A tall, usually steel, structure used to receive and transmit radio telegraphy signals.","P",
365,140747,"ANTI AIRCRAFT GUN TOWER","Y","A purpose-built firing platform on which an anti-aircraft battery could be emplaced.","P",
365,140637,"AIR FORCE HEADQUARTERS","Y","A building used for the daily administration of the Royal Air Force.","P",
365,140749,"Bombing Range Direction Arrow","N",,"N",
365,140750,"BOMBING RANGE TOWER","Y","An observation tower located on or near to a bombing range.","P",
365,140751,"BOMBING RANGE OBSERVATION POST","Y","An observation post located on or close to a bombing range.","P",
365,140752,"BOMBING RANGE TARGET","Y","Any structure or object, used for the purpose of practice bombing.","P",
365,140753,"COASTAL FORT","Y","A fortification constructed either on the coast, or in the middle of a stretch of water, designed to protect a port or river from enemy incursion.","P",
365,140685,"AIR TRAINING CORPS HEADQUARTERS","Y","A building used for the daily administration of that branch of the RAF dealing with training pilots.","P",
365,140705,"EMBARKATION POINT","Y","A site from which troops could be embarked onto transport vessels prior to the D-Day lndaings.","P",
365,140670,"BOMB CRATER","Y","A depression in the ground caused by the explosion of a mine or bombshell.","P",
365,140711,"MILITARY BUILDING","Y","A building of unknown purpose found at a military site. Use more specific type where known.","P",
365,140710,"FUEL TANK","Y","A large, usually metal, container used for the storage of liquid fuels.","P",
365,140709,"FUEL STORE","Y","A building used for the storage of materials used to provide power or heat.","P",
365,140668,"AUXILIARY FIRE STATION","Y","A fire station built for use by the Auxiliary Fire Service, established in 1938 to supplement existing local brigades.","P",
365,140731,"AMMUNITION DEPOT","Y","A building or site used for the storage and distribution of ammunition.","P",
365,140642,"ROYAL OBSERVER CORPS COMMAND CENTRE","Y","A command centre used to co-ordinate information received from Royal Observer Corps observation and monitoring posts.","P",
365,140635,"AIR RAID PRECAUTIONS HEADQUARTERS","Y","A building used during the Second World War to co-ordinate action against enemy air raids.","P",
365,140732,"Ammunition Dump","N",,"N",
365,140636,"AMBULANCE STATION","Y","A building where ambulances and paramedic personnel are housed awaiting emergency calls.","P",
365,140708,"FUEL DEPOT","Y","A building or site used for the storage and distribution of fuel.","P",
365,140707,"FOOD DEPOT","Y","A building or site used for the storage and distribution of food.","P",
365,140641,"ROYAL AIR FORCE CAMP","Y","A site with accommodation buildings and ancillary facilities for Royal Air Force personnel.","P",
365,140640,"BILLET","Y","Accommodation for military personnel.","P",
365,140639,"BARRACKS","Y","A building used to house members of the armed forces.","P",
365,140638,"AIRFIELD","Y","An area or site used for the landing and take-off of aircraft, often including associated buildings, equipment and other installations.","P",
365,140756,"WOMENS LAND ARMY HOSTEL","Y","A hostel used to accommodate members of the Womens Land Army who undertook essential agricultural work during the Second World War.","P",
365,140669,"BARRAGE BALLOON SHELTER","Y","A building associated with a barrage balloon site and intended to provide shelter for the balloon crew from air attack.","P",
365,140772,"TERRITORIAL ARMY HEADQUARTERS","Y","A building used as headquarters by the Territorial Army, the volunteer reserve of the British army.","P",
365,140754,"WOMENS AUXILIARY AIR FORCE CAMP","Y","A camp used for the accommodation of members of the Womens Auxiliary Air Force who undertook a variety of essential roles within the RAF to enable their male counterparts to fight more effectively.","P",
365,140764,"INSTRUCTIONAL SITE","Y","A site used to train military personnel in the use of equipment.","P",
365,140765,"DISPERSED SITE","Y","Accommodation and facilities for aircrew away from the main RAF airfield.","P",
365,140766,"ANTI TANK GUNNERY RANGE","Y","An area of ground on which anti tank guns can be placed for testing purposes and to practice firing at targets.","P",
365,140767,"ANTI SUBMARINE DEFENCE","Y","Defence sites and structures including passive and active defences such as netting, chain booms and mines designed to prevent submarines approaching strategic ports.","P",
365,140734,"AEROPLANE REPAIR SECTION SHED","Y","A shed used for the maintenance and repair of aircraft.","P",
365,140762,"TENNIS COURT","Y","A prepared area, traditionally grass, where tennis is played.","P",
365,140735,"SQUASH RACQUETS COURT","Y","A building in which the game of squash can be played.","P",
365,140761,"TURRET TRAINER","Y","An airfield building housing a turret gunnery trainer used to teach air gunners how to report the correct position of enemy aircraft by practising shooting against projected moving images of enemy aircraft displayed on a target screen (WWII).","P",
365,140773,"TANK PARK","Y","A site where tanks and armoured fighting vehicles can be stored.","P",
365,140774,"TRAINING BASE","Y","A military base used for training service personnel.","P",
365,140775,"NAVAL GUNNERY RANGE","Y","An area of ground, usually situated on the coast, on which naval guns can be mounted for testing purposes and to practice firing at targets usually placed out at sea to mimic surface vessels.","P",
365,140777,"TORPEDO RANGE","Y","A designated area of water in which the perfromance of torpedoes can be evaluated.","P",
365,140778,"TORPEDO RANGE CONTROL BUILDING","Y","A building from which the firing of torpedoes can be controlled and evaluated.","P",
365,140779,"RADIO MAST","Y","A tall, usually steel, structure used to receive and transmit radio signals.","P",
365,140780,"COMMUNICATIONS BUILDING","Y","A building associated with the transmission and gathering of information.","P",
365,140768,"VEHICLE PARK","Y","A site, usually consisting of a simple open area of land or hardstanding and used for the storage of vehicles.","P",
365,140704,"EMBARKATION BEACH","Y","Beaches used for the departure of troops and equipment for the D-day landings.","P",
365,140757,"WOMENS LAND ARMY CAMP","Y","A camp used to accommodate members of the Womens Land Army who undertook essential agricultural work during the Second World War.","P",
365,140758,"HEADQUARTERS","Y","A building used for the daily administration of an organisation or military force.","P",
365,144036,"Very Heavy Bomber Station Control Tower (294/45)","N",,"N",
365,144035,"BOMBER STATION CONTROL TOWER (294/45)","Y","A control tower designed for use on Very Heavy Bomber Station Airfields. Designed to Air Ministry drawing number 294/45 they were the first to be have a Visual Control Room .","P",
365,144034,"Watch Office With Operations Room (7345/41)","N",,"N",
365,144033,"Watch Office With Operations Room (13079/41)","N",,"N",
365,140763,"TECHNICAL SITE","Y","A site associated with the maintenance of military equipment and buildings.","P",
365,144031,"Watch Office With Meteorological Section (5845/39)","N",,"N",
365,140643,"ROYAL OBSERVER CORPS MONITORING POST","Y","A small underground chamber from where it was intended to monitor radioactive fallout in the event of nuclear attack. The majority were built between 1956 and 1964, although construction continued into the early 1970s.","P",
365,144030,"Watch Office With Meteorological Section (518/40)","N",,"N",
365,144029,"Watch Office With Meteorological Section (2423/39)","N",,"N",
365,144028,"Watch Office With Meteorological Section (2328/39)","N",,"N",
365,140759,"BRITISH RESTAURANT","Y","A non-profit making restaurant administered by a Local Food Committee which provided customers with good quality and wholesome food which could be purchased without ration coupons.","P",
365,140760,"SQUADRON OFFICE","Y","A building used for the administration of a squadron.","P",
365,140733,"OPERATIONS ROOM","Y","A room used for directing military operations and exercises.","P",
365,140671,"CIVIL DEFENCE HEADQUARTERS","Y","A building used for the daily administration of Civil Defence activities.","P",
365,144032,"Watch Office With Meteorological Section (8936/40)","N",,"N",
365,140689,"AIRFIELD BUILDING","Y","A building found on, or associated with, an airfield.","P",
365,140703,"EMBARKATION HARD","Y","Special concrete loading ramps nicknamed 'hards' had been constructed along river banks, beaches and inlets to enable orgainised embarkation onto various types of landing craft to take place, irrespective of tides.","P",
365,140692,"ARMOURY","Y","A secure building where weaponry and ammunition are kept.","P",
365,140654,"MILITARY BASE","Y","A building or group of buildings, often surrounded by a system of fortifications, used as a residential and training site by members of an armed force.","P",
365,140675,"DECOY DOCKS","Y","A system of lights, controlled fires or dummy constructions, used to simulate a dockyard and thus confuse enemy aircraft into bombing these counterfeit targets.","P",
365,140676,"FIRING RANGE","Y","A piece of ground, or a building, where small arms or large artillery may be fired at targets. For rocket and missile firing use ROCKET TEST FACILITY.","P",
365,140691,"BLAST SHELTER","Y","A protective structure, often made of sandbags with reinforcement, designed to protect aircraft at airfields from enemy attack.","P",
365,140653,"ADMIRALTY SIGNAL ESTABLISHMENT","Y","A building or site conducting research into communication techniques for use in the Royal Navy.","P",
365,140655,"MILITARY CAMP","Y","A site where a body of troops is temporarily or permanently lodged, with or without entrenchments and fortifications.","P",
365,140740,"BOMBING RANGE","Y","An area of land, with associated buildings and targets, used for practicing the dropping of bombs and other aspects of air warfare.","P",
365,140656,"MILITARY HOSPITAL","Y","A hospital for the medical and surgical treatment of military personnel and/or their families.","P",
365,140688,"AIRMENS QUARTERS","Y","A building where non-commissioned aircrew are housed.","P",
365,140687,"OFFICERS QUARTERS","Y","A building where military officers are accommodated.","P",
365,140657,"TRAINING CENTRE","Y","A place where specific skills are taught on short courses","P",
365,140686,"Aircraft Landing Ground","N",,"N",
365,140673,"CIVIL DEFENCE TRAINING CENTRE","Y","A building or site used to train civilians and members of the services in the skills designed to protect the civilian population during times of war. Could also be used during times of national emergency.","P",
365,140658,"TRAINING AREA","Y","A designated area of land, usually closed to the public, used for military exercises and training purposes.","P",
365,140690,"AMMUNITION STORE","Y","An building or installation used for the storage of ammunition.","P",
365,140649,"AIR RAID PRECAUTIONS OBSERVATION POST","Y","An observation post used by Air Raid Precautions wardens to watch for aircraft and bomb strikes.","P",
365,140698,"DEPOT","Y","A building or site used as a storage and distribution centre.","P",
365,140697,"RADIO STATION","Y","A building or group of buildings containing equipment capable of transmitting and receiving radio signals. Use BROADCASTING RADIO STATION for broadcasting establishments e.g. BFBS Radio stations.","P",
365,140696,"NISSEN HUT","Y","A prefabricated structure of a steel frame clad in corrugated iron. Semi-circular in section they were used as accommodation for the armed forces and, during WWII, as emergency housing for bombed out civilians. Also used for storage.","P",
365,140699,"ROYAL NAVAL DEPOT","Y","A building or site used for the storage and distribution of the essential logistical requirements of the Royal Navy.","P",
365,140785,"DEFENCE LINE","Y","A system of defensive works such as anti-tank obstacles, ditches and pillboxes, designed to stop the advance of an enemy. Defence lines were constructed across and around strategic areas of ground and sites such as industrial towns.","P",
365,140700,"DECOY SITE SHELTER","Y","Partly subterranean operations rooms for the lighting arrays of the various types of bombing decoys in use during the Second World War.","P",
365,140674,"DECOY AIRFIELD","Y","A system of lights, controlled fires or dummy constructions, used to simulate an airfield and thus confuse enemy aircraft into bombing these counterfeit targets.","P",
365,140648,"AIR RAID PRECAUTIONS LANTERN","Y","A specialized lantern, with a reduced glare, for use in air raids.","P",
365,140661,"MILITARY OFFICE","Y","An administrative building used to organize and co-ordinate the activities of members of the armed forces.","P",
365,140650,"AIR RAID PRECAUTIONS REPORT CENTRE","Y","A centre used by the Air Raid Precautions network to co-ordinate reports of air raids in an area.","P",
365,140651,"AIR RAID PRECAUTIONS TRAINING CENTRE","Y","A centre used to train Air Raid Precautions wardens.","P",
365,140695,"CINEMA","Y","A building equipped with a large screen and film projectors where service personnel could watch films.","P",
365,140652,"ADMIRALTY SIGNAL STATION","Y","A building or site used for naval communications.","P",
365,140739,"SEAPLANE STATION","Y","A building complex with hangars and slipways built adjacent to a body of water where seaplanes can be stored and maintained.","P",
365,140694,"BOMB STORE","Y","A complex of buildings and earthworks constructed the storage of bombs and pyrotechnics.","P",
365,140693,"BLAST WALL","Y","A reinforced wall designed to reflect the blast from an explosion. Often found associated with powder magazines, pillboxes and air raid shelters.","P",
365,140817,"SONAR STATION","Y","A building or site incorporating sonar equipment used for detecting the presence of enemy ships or submarines.","P",
365,140729,"GYMNASIUM","Y","A building or room, originally equipped for gymnastics or indoor sports but also, more recently, equipped with cross-training machines and free-weights for members to improve their physical fitness.","P",
365,140719,"ROYAL OBSERVER CORPS HEADQUARTERS","Y","A building used by the Royal Observer Corps as a headquarters and reporting centre. It may also fulfil an observation and nuclear fallout monitoring role. Use term to describe headquarters for plotting and monitoring nuclear fallout.","P",
365,140718,"ROYAL NAVAL BASE","Y","A site, usually with docks and control buildings, used for the storage, maintenance and deployment of military vessels or the administration of the Royal Navy. May also include accommodation buildings for personnel.","P",
365,140682,"SEARCHLIGHT EMPLACEMENT","Y","A site in which one or more searchlights and their accompanying structures were positioned to locate enemy aircraft or surface vessels for the benefit of batteries and night fighter aircraft.","P",
365,140681,"NAAFI BUILDING","Y","A building, administered by the Navy, Army and Air Force Institutes, providing retail and leisure services to members of the armed forces.","P",
365,140717,"ROYAL NAVAL AIR STATION","Y","An airfield with associated hangars and control buildings used for the storage, maintenance and deployment of military aircraft and airships flown by the Royal Naval Air Service.","P",
365,140680,"AIR RAID PRECAUTIONS SIGNAL BOX","Y","A brick built railway signal box, usually with a reinforced correct roof, designed to minimize the effects of blast damage from aerial bombardment and thus protect the signalling equipment.","P",
365,140659,"STORAGE BUILDING","Y","A building used for the storage of equipment and ordnance.","P",
365,140679,"GRENADE RANGE","Y","An area of ground where training in the use of grenades can be carried out.","P",
365,140721,"VEHICLE DEPOT","Y","A storage facility used for the accommodation and dispersal of military vehicles.","P",
365,140715,"ORDNANCE DEPOT","Y","A building or site used by the armed forces for the storage and issuing of military stores and materials.","P",
365,140678,"Firing Range Shelter","N",,"N",
365,140702,"DECOY DOMESTIC SITE","Y","A system of lights, controlled fires or dummy constructions, used to simulate a domestic site such as a city and thus confuse enemy aircraft into bombing counterfeit targets.","P",
365,140714,"SUPPLY DEPOT","Y","A building or site used for the storage and distribution of the essential logistical requirements of an armed force.","P",
365,140713,"MILITARY SITE","Y","Sites, buildings and structures used by the military.","P",
365,140712,"MILITARY HEADQUARTERS","Y","A building used as the command centre of a military operation.","P",
365,140741,"GARAGE","Y","A building used for the storage and maintenance of motor vehicles.","P",
365,140716,"ROYAL AIR FORCE BASE","Y","A site, usually with an airfield, hangars and control buildings, used for the storage and deployment of military aircraft or the administration of the Royal Air Force. May also include accommodation buildings for personnel.","P",
365,140672,"CIVIL DEFENCE GARAGE","Y","A garage for the storage and maintenance of motor vehicles, such as ambluances and fire engines, used for civil defence purposes.","P",
365,140730,"MOTOR TRANSPORT BUILDING","Y","A building, on an airfield or military base, used for the maintenance and storage of motor vehicles.","P",
365,140662,"ANTI AIRCRAFT GUN EMPLACEMENT","Y","A gun emplacement equipped with anti aircraft artillery.","P",
365,140663,"TRAINING CAMP","Y","A military camp providing training facilities.","P",
365,140664,"BARRAGE BALLOON MOORING","Y","A mooring, usually consisting of a concrete plinth, to which a barrage balloon was attached.","P",
365,140665,"BARRAGE BALLOON HANGAR","Y","A hangar used for the storage of barrage balloons.","P",
365,140666,"BARRAGE BALLOON GAS DEPOT","Y","A building or site used for the storage and distribution lighter than air gases for use in barrage balloons.","P",
365,140667,"AUXILIARY HOSPITAL","Y","A building temporarily requistioned for use as a hospital. Auxiliary hospitals treated the less seriously wounded and were less strict than military hospitals although they remained under military control.","P",
365,140683,"AIR SEA RESCUE STATION","Y","A site or building used to co-ordinate Air-Sea Rescue operations.","P",
365,140701,"DECOY RAILWAY SITE","Y","A system of lights, controlled fires or dummy constructions, used to simulate a railway yard or sidings and thus confuse enemy aircraft into bombing these counterfeit targets.","P",
365,140720,"NAVAL HEADQUARTERS","Y","A building used for the daily administration of the Royal Navy.","P",
365,140724,"WATER TOWER","Y","A tower serving as a reservoir to deliver water at a required point.","P",
365,140684,"AIR RAID PRECAUTIONS SIGN","Y","A sign used by the Air Raid Precautions network to assist in identifying vital equipment and resources in the event of an air raid or to aid movement during blackouts.","P",
365,140723,"WATER TANK","Y","A receptacle for the storage of water.","P",
365,140727,"BOMBING TEACHER BUILDING","Y","A building equipped with instruments and a flight simulator used to teach members of bomber crews how to correctly identify targets for bombing.","P",
365,140728,"FIRE TENDER HOUSE","Y","A building, on an airfield, used to house a fire engine.","P",
365,140722,"WAR PRODUCTION FACTORY","Y","A factory or works which has been temporarily turned over to the manufacture ofgoods for the war effort.","P",
365,140660,"STORAGE DEPOT","Y","A building or site used for the storage of goods or equipment.","P",
365,140726,"AIRCRAFT LEVEL CROSSING","Y","A level crossing designed to allow the passage of aircraft to and from a runway which has a railway or road running through it.","P",
365,140813,"REQUISITIONED BUILDING","Y","A building which has been temporarily taken over for use by the military or civilian authorities. During wartime buildings were requisitioned for various purposes, such as temporary hospitals or headquarters.","P",
365,140800,"FOOD AND REST CENTRE","Y",,"P",
365,140801,"EVACUEE CENTRE","Y","A building or site used to co-ordinate the movement and housing of evacuees.","P",
365,143442,"AIRCRAFT MAINTENANCE UNIT","Y","A site use for the maintenace of aircraft.","P",
365,140802,"ACCESS HOLE","Y",,"P",
365,140804,"MOBILE SOUND LOCATOR","Y","A mobile piece of equipment used by the Royal Observer Corps to track the movements of enemy aircraft.","P",
365,143414,"SIGNALS GATHERING STATION","Y","Buildings and structures associated with the acquisition of electronic signals for the purpose of intelligence gathering.","P",
365,140805,"NUCLEAR COMMAND CENTRE","Y","An underground structure from which operations covering the whole, or part, of the country could be directed in the event of a nuclear attack. Usually equipped with air filtration equipment and supplies for several months.","P",
365,140806,"PHOTO INTERPRETATION CENTRE","Y","A building in which photographers, taken for aerial reconnaissance purposes, are analysed and interpreted to provide intelligence on enemy activities.","P",
365,140807,"PLUTO SITE","Y","A site associated with Operation PLUTO (Pipe Line Under The Ocean) the operation to supply the allies with fuel following the invasion of Normandy.","P",
365,140810,"RADAR STATION SET HOUSE","Y","A building housing the generator set and associated equipment supplying electricity to a radar station.","P",
365,141145,"CAMOUFLAGE","Y","The surviving remnants of material used to disguise the existence of a building or site. Use with specific monument type where known.","P",
365,140812,"CONTROL BUILDING","Y","A building from which the fire of a Coastal or Anti Aircraft battery was directed.","P",
365,140808,"RADAR MAST","Y","A tall, usually steel, structure used to receive and transmit radio signals in order to determine the height, distance and number of aircraft approaching.","P",
365,140814,"REGIONAL GOVERNMENT SHELTER","Y",,"P",
365,140677,"FIRING RANGE BLOCKHOUSE","Y","A shelter on a firing range from which the wepaons testing can be viewed in safety.","P",
365,140816,"GROUP FILTER ROOM","Y","A building, often built underground, used to filter and analyse information received from radar stations and observation posts relating to enemy aircraft thus enabling a fighter group to mobilize more effectively to counter the threat,","P",
365,140818,"SOUND MIRROR BUILDING","Y","A building associated with the early 20th century acoustic detection system.","P",
365,140819,"SPECIAL OPERATIONS EXECUTIVE BASE","Y","A military base for the training of SOE operatives in the skills and techniques required to survive in enemy-occupied territory.","P",
365,140820,"VEHICLE WASHDOWN STATION","Y","A site or building in which vehicles can be cleaned to ensure a good working condition.","P",
365,140821,"TARGET RAILWAY","Y","A miniature railway on which targets can be placed to provide moving targets on a firing range.","P",
365,141144,"TRANSPORT SITE","Y","A site associated with transport including both vehicles and transport infrastructure.","P",
365,140815,"RECEPTION CENTRE","Y",,"P",
365,140786,"TARGET RANGE","Y","An area of ground used for the testing of, and practicing with, weapons against fixed and moveable targets.","P",
365,140738,"ROYAL ORDNANCE FACTORY","Y","A factory used for the manufacture of ordnance including small arms, ammunition, artillery pieces and armoured fighting vehicles.","P",
365,140811,"TRANSFORMER BUILDING","Y","A building housing transformers to convert AC electricity supply for domestic use.","P",
365,140795,"CHEMICAL WEAPONS STORE","Y","A protected building or site used for the safe storage of chemical weapons.","P",
365,140787,"AMBULANCE PARK","Y","A site where ambulances can br parked and stored.","P",
365,140790,"MEDICAL BLOCK","Y","A building, usually part of a complex, where medical treatment and hospital facilities are provided.","P",
365,140791,"SIGNAL SQUARE","Y","A signalling structure used on WWII airfields, comprising a concrete square base with a kerbed border into which concrete signal symbols could be placed to advise pilots in the air of current airfield state e.g. directions of landing and airfield circuit.","P",
365,140792,"QUADRANT TOWER","Y","An observation tower on a bombing range from which an observer could watch the bombing runs and report back to the aircraft on their accuracy.","P",
365,140794,"VEHICLE REPAIR CENTRE","Y","A building or site used for the maintenance and repair of motor vehicles.","P",
365,140797,"EMERGENCY STORE","Y",,"P",
365,140798,"EMERGENCY WAR HEADQUARTERS","Y","A site, complex or building which has been converted for use as the headquarters for the civilian authorities in the event of a nuclear attack or major natural disaster destroying the seat of government.","P",
365,140799,"EMERGENCY LANDING GROUND","Y","A prepared area of cleared ground on which an aircraft could make an emergency landing.","P",
365,143575,"WATCH OFFICE WITH OPS ROOM (13079/41)","Y",,"P",
365,143574,"WATCH OFFICE WITH OPS ROOM (7345/41)","Y",,"P",
365,143573,"WATCH OFFICE WITH MET SECTION (518/40)","Y","A temporary brick and timber watch office based on the all-timber 2423/39. Built after 1941 on many Operational Training Unit airfields the design was superseded by 8936/40.","P",
365,143572,"WATCH OFFICE WITH MET SECTION (2423/39)","Y","An all timber constructed watch office with meterological section. Similar in design to 2328/39 and 5845/39. There were only two known examples built in the UK at Wick and St.Eval.","P",
365,143571,"WATCH OFFICE WITH MET SECTION (8936/40)","Y","Based on the previous all-timber design 2423/39 and the temporary brick and timber design 518/40, the 8936/40 was built with pre-cast concrete slabs replacing the timber floors and staircases with only the balcony and watch office roof in timber.","P",
365,140793,"ART STORAGE FACILITY","Y","A site used for the safe storage of the art held in the national collections. During the Second World War many paintings, sculptures and works of art were moved to modified mines for safe keeping to protect them against bomb damage.","P",
365,143570,"WATCH OFFICE WITH MET SECTION (5845/39)","Y","A two-storey, brick construction with a watch office and additional rooms given over to the meteorological section, including a forecast room and met store. A brick parapet on the roof differentiates it from 2328/39.","P",
365,140737,"VEHICLE SHED","Y","A shed used for the storage of vehicles.","P",
365,143568,"WATCH OFFICE WITH MET SECTION (2328/39)","Y","A two-storey, all-concrete construction with a watch office and additional rooms given over to the meteorological section, including a forecast room and met store. A concrete parapet all around the roof differentiates it from 5845/39.","P",
365,143545,"CALLENDER HAMILTON HANGAR","Y","Similar in design to the Callender Hangar but with a reduced height of 17ft. Built to Air Ministry drawing number 17346/40.","P",
365,143542,"FROMSON MASSILLON HANGAR","Y","Similar in design to the FROMSON HANGAR but designed to drawing number 3752/43 and used for storing aircraft with small wingspans.","P",
365,143538,"SEAPLANE SHED (TYPE J)","Y","A steel framed seaplane hangar designed for Royal Navy Air Stations by the admiralty in 1917-1918.","P",
365,140736,"AMPHIBIOUS BASE","Y","A site or building used for the storage and maintenance of both land and sea vehicles and from which terrestrial or maritime operations could be carried out.","P",
365,151401,"PARACHUTE AND CABLE LAUNCHER","Y","A site where a cable was fired into the air, with parachutes attached to either end, to present an aerial obstruction to bring down, through contact, fouling and general drag, or obstruct the passage of an aircraft. Usually found as one of a group.","P",
365,151402,"Parachute And Cable Projecter","N",,"N",
365,148458,"AIRCRAFT COMPASS PLATFORM","Y","A circular concrete platform onto which aircraft would be taxied allowing the ground crew to calibrate, check and adjust the accuracy of the aircrafts compass, usually by rotating the platform.","P",
365,151475,"CIVIL DEFENCE TRAINING GROUND","Y","An area used for the training of personnel in civil defence procedures.","P",
365,159322,"REMOUNT DEPOT","Y","A building or site used as a distribution centre for Army horses/ remounts and mules.","P",
365,151262,"QUONSET HUT","Y","A lightweight prefabricated structure of corrugated galvanized steel having a semicircular cross section. The design was based on the Nissen Hut developed by the British during the First World War.","P",
365,151261,"ROMNEY HUT","Y","A prefabricated structure of a steel frame clad in corrugated iron. Semi-circular in section they were used for storage and as workshops, cinemas etc during WWII. Designed at Romney House, London by the Directorate of Fortifications & Works.","P",
