"CLA_GR_UID","THE_TE_UID","TERM","INDEX_TERM","SCOPE_NOTE","STATUS","IMAGE_EXISTS"
596,159377,"NON REMOVAL OF ARTEFACTS","Y","The use of a metal detector at a heritage asset which had yet to result in the location and removal of artefacts without consent.","P",
596,159363,"FATAL ASSAULT","Y","A crime of violence against another person that results in the death of the person being assaulted.","P",
596,159364,"SEXUAL ASSAULT","Y","The intentional touching of another in a sexual manner where the perpetrator does not believe that the other party consents to their actions. Created by section 3 of the Sexual Offences Act 2003.","P",
596,159360,"ASSAULT (CUSTODIAN)","Y","A crime of violence against the custodian of a heritage site. Double index with the type and severity of the assault if known).","P",
596,159359,"PHYSICAL INTIMIDATION","Y","The action of causing a person to fear injury or harm by threatening them with physical violence.","P",
596,159358,"VERBAL INTIMIDATION","Y","The action of causing a person to fear injury or harm by using verbal abuse.","P",
596,159357,"Harrassment","N",,"N",
596,159356,"Threatening Behaviour","N",,"N",
596,159355,"URBAN EXPLORATION","Y","The exploration of the normally unseen or off-limits parts of heritage sites without the permission of the owner.","P",
596,159349,"Vandalism","N",,"N",
596,159350,"Unlicensed Party","N",,"N",
596,159155,"Fireraising","N",,"N",
596,152691,"UNAUTHORIZED ACCESS","Y","The act of causing damage to a standing heritage asset by climbing upon its structure.","P",
596,159351,"RITUAL ACTIVITY","Y","The practice of alternative religous activities.","P",
596,159354,"Plant Removal","N",,"N",
596,159365,"Rape","N",,"N",
596,159402,"CONTRAVENTION OF DISCONTINUANCE OF USE","Y",,"P",
596,152675,"OFF ROAD MOTORCYCLE USE","Y","The illicit riding of a motorcycle over natural terrain or archaeologically sensitive areas where such activity is not permitted.","P",
596,152676,"OFF ROAD BICYCLE USE","Y","The illicit riding of a bicycle over natural terrain or archaeologically sensitive areas where such activity is not permitted.","P",
596,152677,"ALCOHOL MISUSE","Y","The use of alcoholic beverages to achieve intoxication.","P",
596,152666,"SEX GROUPS","Y","Groups of people who meet to perform group sex. Such activity can occur amongst people of all sexual orientations and genders. Group sex may take place in public for example, at nude beaches, secluded heritage assets or outdoor events or nightclubs.","P",
596,152665,"ASSAULT (VOLUNTEER)","Y","A crime of violence against a volunteer at a heritage site. Double index with the type and severity of the assault if known).","P",
596,152664,"ASSAULT (VISITOR)","Y","A crime of violence against a visitor to a heritage site. Double index with the type and severity of the assault if known).","P",
596,152683,"ILLEGAL PARKING","Y","The act of leaving a vehicle in a place where parking prohibited or at a time when parking is restricted.","P",
596,152684,"ABANDONED VEHICLE","Y","The act of disposing of a vehicle in a place where it is illegal to leave it.","P",
596,152685,"NATURAL ENVIRONMENT","N","Illegal actions that impact directly upon the natural environment.","P",
596,152686,"UNAUTHORIZED ACTS","Y","Any works that take place to a heritage asset that have not been authorized. Use more specific type where known.","P",
596,152687,"UNAUTHORIZED METAL DETECTING","Y","The use of a metal detector at a heritage asset. Use more specific type where known.","P",
596,152688,"UNLICENSED EXCAVATION","Y","The act of causing damage to and/or the destruction of archaeological deposits at a heritage assest by means of unauthorized excavation work.","P",
596,152667,"SEX WORKING","Y","The provision of sex services by sex workers who are paid to engage in sexually explicit behavior with clients; for example prostitutes or escorts.","P",
596,152663,"PUBLIC SEX ENVIRONMENT","N","Sexual acts that take place in public or semi-public places.","P",
596,152710,"INTIMIDATION","Y","The action of causing a person to fear injury or harm.","P",
596,152689,"BEGGING","Y","The act of attempting to secure material benefits from others in a public place.","P",
596,152668,"PROSTITUTION","Y","The act of prostituting a person or oneself for sexual activity in return for payment.","P",
596,152669,"INDECENT EXPOSURE","Y","Unseemly behaviour involving the public exposure of one's body in an indecent manner.","P",
596,152670,"FIRE SETTING","Y","The deliberate, malicious starting of fires.","P",
596,152671,"VEHICLE NOISE","Y","Sound energy emanating from motor vehicles which is is constituted chiefly of engine, tire, aerodynamic and braking elements.","P",
596,152672,"Car Noise","N",,"N",
596,159123,"PUBLIC DEFECATION","Y","The passing of solid waste from the body in a public place.","P",
596,152709,"BIRD EGG REMOVAL","Y","The act of illegally removing the eggs of protected species of birds from their nests.","P",
596,152715,"UNAUTHORIZED GAME PLAYING","Y","The playing of games in a location where they are not permitted.","P",
596,152716,"ROWDINESS","Y","Disorderly and noisy behaviour.","P",
596,159122,"ILLEGAL ARTEFACT DEALING","Y","The act of trading in cultural property which has been stolen, illegally excavated or illegally imported.","P",
596,152662,"ASSAULT","Y","A crime of violence against another person. Use more specific type where known.","P",
596,152706,"WILDLIFE TRAPPING","Y","The illegal or unlicensed use of a device, such as a snare, foothold, cage trap or funnel trap etc, to remotely catch an animal.","P",
596,152707,"WILDLIFE POISONING","Y","The illegal or unlicensed poisoning of animals or birds.","P",
596,152702,"BAT DISTURBANCE","Y","To intentionally or recklessly disturb a bat in its roost or deliberately disturb a group of bats without a licence.","P",
596,152640,"DAMAGE","N","Activities that can result in physical damage to a heritage asset.","P",
596,152641,"CRIMINAL DAMAGE","Y","The willful damage of a heritage asset.","P",
596,152650,"GRAFFITI","Y","Casual scribbles or pictographs on walls, stones or other surfaces. In more recent times applied to humorous, satiric or obscene writings or drawings executed anonymously in public places.","P",
596,152651,"REMOVAL OF OBJECTS","N","The illegal removal of cultural objects from a heritage asset.","P",
596,152652,"THEFT","Y","The illegal taking of another person's property without that person's freely-given consent. Theft covers the illegal removal of artefacts from archaeological sites and the removal of lead and other architectural fittings from standing heritage assets.","P",
596,152653,"ARCHITECTURAL THEFT","Y","The illegal removal of architectural features from heritage assets.","P",
596,152654,"CULTURAL THEFT","Y","The illegal removal of fittings and internal furnishings from heritage assets.","P",
596,152655,"METAL THEFT","Y","The illegal removal of structural metal fittings, such as a lead roof or cast iron drainpipes, from heritage assets.","P",
596,152656,"INAPPROPRIATE USE OF VEHICLES","N","The anti-social use of a vehicle and nuisance caused by behaviour associated with vehicle usage.","P",
596,152657,"Arson","N",,"N",
596,152690,"DRUG DEALING","Y","The illegal distribution and sale of substances which are subject to drug prohibition laws.","P",
596,152704,"WILDLIFE DISTURBANCE","Y","The act of causing damage to, or the destruction of, the nests or homes of animals.","P",
596,159151,"Panhandling","N",,"N",
596,152661,"SUBSTANCE MISUSE","N","The improper use of legal and/or illegal substances with the intention to achieve intoxicating effects.","P",
596,152701,"FLORA REMOVAL","Y","The deliberate and illegal removal of plants and flowers from a site; this can include unauthorized turf removal and the removal of plant life from wall caps.","P",
596,152700,"UNLICENSED RAVE","Y","""A party free from the restrictions of the legal club scene where the people present create and enforce the rules. As a result drugs may be readily available and noise levels may be illegally high.""""""""""","P",
596,152698,"STREET DRINKING","Y","The consumption of alcohol in public places.","P",
596,152697,"FIREWORK MISUSE","Y","The irresponsible use of a firework and/or the use of fireworks as weapons ro harass and injure other individuals.","P",
596,152696,"AIRGUN MISUSE","Y","The improper use of a airgun in a public place and/or the use of a firearm to threaten or inflict violence or harm.","P",
596,152695,"FIREARM MISUSE","Y","The improper use of a firearm in a public place and/or the use of a firearm to threaten or inflict violence or harm.","P",
596,152694,"NOISE","Y","A loud, harsh, disturbing, disagreeable or intrusive sound.","P",
596,152693,"UNCONTROLLED ANIMALS","Y","Domestic animals that have either been left to roam uncontrolled by their owners or are allowed to cause distress to other members of the public whilst with their owner.","P",
596,152658,"OFF ROADING","Y","The illicit driving of a vehicle over natural terrain or archaeologically sensitive areas where such activity is not permitted.","P",
596,152692,"PUBLIC URINATION","Y","The passing of urine from the body in a public place.","P",
596,152660,"NUISANCE BEHAVIOUR","N","Behaviour that is either irritating, irksome and/or harmful or offensive to the public for which there is a legal remedy.","P",
596,152705,"WILDLIFE SHOOTING","Y","The illegal or unlicensed shooting of animals with firearms or bow weapons.","P",
596,159361,"MINOR ASSAULT","Y","The unlawful threat of violence or touching of another persion with intent to inflict bodily harm.","P",
596,159376,"REMOVAL OF ARTEFACTS","Y","The use of a metal detector at a heritage asset which has resulted in the location and removal of artefacts without consent.","P",
596,159375,"UNAUTHORIZED DIVING","Y","The act of diving a wreck site that has been designated, under either the Protection of Wrecks Act 1973 or the Protection of Military Remains Act 1986, without a license.","P",
596,159374,"CRIME","N",,"P",
596,159373,"BADGER BAITING","Y","An illegal blood sport in which badgers are forced to fight a sucession of dogs.","P",
596,159372,"BADGER DISTURBANCE","Y","The act disturbing a Badger sett without a licence.","P",
596,159371,"BESTIALITY","Y",,"P",
596,159370,"Peeping Tom","N",,"N",
596,159369,"VOYEURISM","Y","The act of obtaining sexual stimulation from the covert observation of the sexual organs or actions of others.","P",
596,159368,"KERB CRAWLING","Y","The practice of driving slowly by the side of a road with the intention of either harassing or soliciting prostitutes for sex.","P",
596,159367,"Dogging","N",,"N",
596,159366,"Flashing","N",,"N",
596,152678,"DRUG MISUSE","Y","The improper use of legal and/or illegal drugs with the intention to achieve intoxicating effects.","P",
596,159362,"SERIOUS ASSAULT","Y","The unlawful infliction of bodily harm upon another person.","P",
596,159378,"NIGHTHAWKING","Y","The illicit use of metal detectors on archaeological sites, or sites of archaeological significance. An activity usually undertaken at night with the intention of stealing artifacts from the ground which are then often sold for personal profit.","P",
596,152679,"ENVIRONMENTAL CRIME","N","Illegal acts which directly harm the environment.","P",
596,152680,"FLY TIPPING","Y","The illegal deposit of any waste onto land that is not  licensed to accept waste.","P",
596,152681,"LITTERING","Y","The action of throwing or dropping litter onto the ground rather than disposing of it properly.","P",
596,152682,"FLY POSTING","Y","The illegal placing of posters or flyers on private property without the consent of the property owner.","P",
596,159401,"NON COMPLIANCE WITH ENFORCEMENT NOTICE","Y",,"P",
596,152674,"OFF ROAD CAR USE","Y","The illicit driving of a car over natural terrain or archaeologically sensitive areas where such activity is not permitted.","P",
596,159400,"FALSE CERTIFICATE ON APPLICATION FOR CONSENT","Y",,"P",
596,159399,"CONTRAVENTION OF STOP NOTICE","Y","The act of continuing on site works to either a scheduled monument or a listed building after notice has been given to cease all on site works.","P",
596,159393,"Wrecking","N",,"N",
596,159398,"BREACH OF CONDITION","Y","The act of breaching the conditions set when scheduled monument consent/listed building consent was granted.","P",
596,159381,"EQUIPPED TO COMMIT CRIME","Y","Being apprehended in a public place whilst in possession of the equipment required to commit a particular type of crime.","P",
596,159379,"Metal Detecting (Removal Of Artefacts)","N",,"N",
596,152673,"Motorbike Noise","N",,"N",
596,159392,"UNAUTHORIZED SALVAGING","Y","The act of removing cultural artefacts from a wreck site that has been designated, under either the Protection of Wrecks Act 1973 or the Protection of Military Remains Act 1986, without a license.","P",
596,159380,"Metal Detecting (Non Removal Of Artefacts)","N",,"N",
596,159394,"ILLEGAL SPORTS","N","Any sport that has been deemed illegal due to it either involving abuse against people or animals or becuase the sport is violent and/or dangerous in nature.","P",
596,159395,"Grievous Bodily Harm","N",,"N",
596,159396,"DRUG PARAPHANALIA","Y","The littering of sites with items used for and relating to the taking of illegal drugs such as syringes, cigarette rolling papers, crack pipes etc.","P",
596,159397,"SEXUAL PARAPHANALIA","Y","The littering of sites with items used for and relating to sexual acts, such as condoms and/or the advertisment of sexual services, such as calling cards etc.","P",
596,163234,"IRON THEFT","Y","The illegal removal of iron external fittings or artefacts from heritage assets.","P",
596,163254,"SHOTGUN MISUSE","Y","The improper use of a shotgun to threaten or inflict violence or harm.","P",
596,163235,"Ferrous Theft","N",,"N",
596,163236,"LEAD THEFT","Y","The illegal removal of lead external fittings or artefacts from heritage assets.","P",
596,163237,"Artefact Theft","N",,"N",
596,163233,"COPPER THEFT","Y","The illegal removal of copper external fittings or artefacts from heritage assets.","P",
596,163232,"BRASS THEFT","Y","The illegal removal of brass external fittings or artefacts from heritage assets.","P",
596,163253,"ANTI SOCIAL BEHAVIOR (ENVIRONMENTAL)","Y",,"P",
596,163252,"ANTI SOCIAL BEHAVIOR (NUISANCE)","Y",,"P",
596,163251,"ANTI SOCIAL BEHAVIOR (PERSONAL)","Y",,"P",
596,163231,"BRONZE THEFT","Y","The illegal removal of bronze external fittings or artefacts from heritage assets.","P",
596,163250,"ANTI SOCIAL BEHAVIOR","N",,"P",
596,163255,"RIFLE MISUSE","Y","The improper use of a rifle to threaten or inflict violence or harm.","P",
