"CLA_GR_UID","THE_TE_UID","TERM","INDEX_TERM","SCOPE_NOTE","STATUS","IMAGE_EXISTS"
599,163723,"ROYAL NAVY SHORE ESTABLISHMENT","Y","A complex of buildings used as a headquarters and training base for Royal Navy personnel. Even though they are buildings on land shore establishments are deemed to be shipsand are designated 'HMS' eg. HMS Dolphin in Portsmouth.","P",
599,164053,"SHIPYARD","Y","A place where boats or ships are built or repaired.","P",
599,164054,"WET DOCK","Y","A large, watertight enclosure in which the water is maintained at the high-tide level so that vessels remain constantly afloat in them.","P",
599,164055,"HALF TIDE DOCK","Y","A dock with gates which open for access for some hours before and after high water.","P",
599,164056,"SHIP BREAKERS YARD","Y","Place where ships and boats are dismantled.","P",
599,164057,"SHIP REPAIR WORKS","Y","A site containing slipways and associated buildings used specifically for the repair of ships and larger ocean-going craft.","P",
599,164058,"MARINE WORKSHOP","Y","A craft or repair workshop in a boat yard, harbour or naval dockyard.","P",
599,163731,"Seaplane Hangar","N",,"N",
599,163732,"SEAPLANE SHED","Y","An aircraft hangar designed to house seaplanes.","P",
599,163733,"SEAPLANE SHED (TYPE F)","Y","A military side-opening aircraft hangar originally designed for seaplanes and used RNAS bases from 1916. Steel framed with asbestos or corrugated iron cladding.","P",
599,163734,"SEAPLANE SHED (TYPE G)","Y","A side-opening steel framed shed. A smaller version of the SEAPLANE SHED (TYPE F) they were built from 1916 on RNAS seaplane bases.","P",
599,163735,"SEAPLANE SHED (TYPE J)","Y","A steel framed seaplane hangar designed for Royal Navy Air Stations by the admiralty in 1917-1918.","P",
599,163736,"SEAPLANE STATION","Y","A building complex with hangars and slipways built adjacent to a body of water where seaplanes can be stored and maintained.","P",
599,163737,"SEARCHLIGHT BATTERY","Y","A site in which one or more searchlights were positioned to locate enemy aircraft or surface vessels for the benefit of batteries and night fighter aircraft.","P",
599,164009,"VEHICLE ENGINEERING SITE","N","Sites associated with the manufacture and engineering of vehicles.","P",
599,163925,"ARMAMENT MANUFACTURING SITE","N","A building or site used for the manufacture, assembly and testing of weapons, explosives and associated military hardware.","P",
599,163926,"ARSENAL","Y","A building or large scale site for the manufacture and/or storage of weapons, ammunition and equipment.","P",
599,163927,"Naval Arsenal","N",,"N",
599,163928,"CANNON BORING MILL","Y","A building used for drilling out the bores of cannon and other military pieces.","P",
599,163929,"CANNON FOUNDRY","Y","A workshop or factory where the barrels of cannon are cast.","P",
599,163930,"GUN TESTING SHOP","Y","A workshop for testing guns, incorporating louvred sheds to serve as firing ranges.","P",
599,163931,"Gun Barrel Proof House","N",,"N",
599,163932,"MUNITIONS FACTORY","Y","A building or site used for the manufacture of weapons, ammunition and military supplies. Use more specific type where known.","P",
599,163933,"FILLING FACTORY","Y","A factory where explosives and the components of munitions of all types are brought together for assembly.","P",
599,163934,"SHELL FACTORY","Y","A works or factory where shells or projectiles were machined before they were dispatched to a filling factory to be filled with explosives.","P",
599,163935,"Projectile Factory","N",,"N",
599,163936,"SMALL ARMS AMMUNITION FACTORY","Y","A factory engaged in the manufacture of small arms ammunition, especially the metal components and filling with the explosive propellant.","P",
599,163937,"ORDNANCE FACTORY","Y","A building or site used for the manufacture of small arms and artillery pieces, etc.","P",
599,163938,"Armaments Factory","N",,"N",
599,163939,"Gun Factory","N",,"N",
599,163940,"Rifle Factory","N",,"N",
599,163677,"POWER GENERATION SITE","N","A site or building including generators and fuel storage facilities used to generate electricity.","P",
599,163678,"POWER HOUSE","Y","Building for domestic or small scale unspecified power generation.","P",
599,163941,"Small Arms Factory","N",,"N",
599,163680,"POWER HOUSE (207/17)","Y","A power house built to Air Ministry drawing number 207/17 and comprising four rooms; a driver's room, workshop and store, battery room and engine room containing 2 generator sets.","P",
599,163681,"POWER HOUSE (476/18)","Y","The standard RFC power house built to Air Ministry drawing number 476/18 and comprising an engine room with a small workshop and driver's room.","P",
599,163682,"PRISONER OF WAR CAMP","Y","A prison site for the containment of servicemen captured in war.","P",
599,163943,"PROVING HOUSE","Y","A building used for the testing of weapons for quality, accuracy and explosive power.","P",
599,163944,"Proof House","N",,"N",
599,163945,"Testing Works","N",,"N",
599,163946,"SHOT TOWER","Y","A tower in which shot is made from molten lead poured through sieves at top and falling into water at the bottom.","P",
599,163947,"EXPLOSIVES MANUFACTURING SITE","N","Buildings, sites and structures associated with the production, testing and storage of explosives.","P",
599,163689,"QUADRANT TOWER","Y","An observation tower on a bombing range from which an observer could watch the bombing runs and report back to the aircraft on their accuracy.","P",
599,163690,"QUARTERMASTERS STORE","Y","A building or group of buildings used for the storage and issuing of rations and equipment to an army unit.","P",
599,163948,"GUNPOWDER MANUFACTURING SITE","N","Buildings, sites and structures associated with the production, testing and storage of gunpowder.","P",
599,163949,"CARTRIDGE HOUSE","Y","A component building of an explosives works where cartridges were filled with explosives with the aid of cartridging machines.","P",
599,163950,"CHARGE HOUSE","Y","Workshop, as part of a gunpowder works complex, in which explosive is loaded into shells. Also used for expense magazine, where powder was stored between work processes.","P",
599,163951,"Green Charge House","N",,"N",
599,163952,"Ripe Charge House","N",,"N",
599,163953,"EXPLOSIVES FACTORY","Y","A building or buildings where explosives are manufactured.","P",
599,163954,"Explosives Works","N",,"N",
599,163955,"AMMONAL WORKS","Y","A works engaged principally in the manufacture of ammonal explosives.","P",
599,163956,"AMMONIUM NITRATE WORKS","Y","A chemical works engaged in the production of Ammonium Nitrate, used as a fertilizer or for use in the explosives industry.","P",
599,163957,"AMMONIUM PERCHLORATE WORKS","Y","A chemical works engaged in the production of Ammonium Perchlorate, a product used in the explosives industry.","P",
599,163958,"BELLITE WORKS","Y","A works engaged principally in the manufacture of the explosive bellite.","P",
599,163959,"CORDITE FACTORY","Y","A factory principally engaged in the manufacture of the propellant explosive cordite.","P",
599,163960,"DYNAMITE FACTORY","Y","A works or factory principally engaged in the manufacture of dynamite.","P",
599,163961,"GELATINE WORKS (EXPLOSIVE)","Y","A factory or works principally engaged in the manufacture of blasing or explosive gelatine.","P",
599,163962,"GELIGNITE WORKS","Y","A factory or works principally engaged in the manufacture of the explosive Gelignite.","P",
599,163963,"GUNCOTTON FACTORY","Y","A factory or works engaged in the manufacture of the explosive guncotton. They may be found as separate factories or form part of a cordite factory.","P",
599,163964,"Gun Cotton Mill","N",,"N",
599,163965,"NITROCELLULOSE POWDER FACTORY","Y","A factory or works principally engaged in the production of a single base propellant, using nitrocellulose without the addition of nitroglycerine.","P",
599,163966,"NITROGLYCERINE WORKS","Y","A works or factory where nitroglycerine is manufactured.","P",
599,163967,"PHENOL WORKS","Y","A chemical works engaged in the production of the coal tar derivative phenol, a chemical used for the manufacture of explosives during WWI.","P",
599,163968,"PICRIC ACID WORKS","Y","A chemical works engaged in the manufacture of the coal tar derivative, picric acid, often associated with the textile industry where it was used as a dye, but more commonly with the explosives industry where it was used as the shell filling Lyddite.","P",
599,163969,"SABULITE FACTORY","Y","A factory or works principally engaged in the manufacture of the mining explosive sabulite.","P",
599,164144,"EMBARKATION POINT","Y","Muster/departure points from which troops embarked for their journey to the Front.","P",
599,164145,"DISPLACED PERSONS CAMP","Y","A camp where people who fled from danger or problem whithin their country or across international borders and who are in need of international protection are temporarily placed.","P",
599,164146,"OFFICIAL RESIDENCE","Y","Used where an existing building is designated as the residence of an official.","P",
599,164147,"HOSPITAL","Y","A building for the medical and surgical treatment of both civilians and military personnel. Use narrower type if possible.","P",
599,164148,"LISTENING POST","Y",,"P",
599,164149,"FIRST AID POST","Y","A building with first aid facilities to deal with accidents and other medical emergencies.","P",
599,164150,"MEETING HALL","Y","A place where service personnel could meet for entertainment.","P",
599,164151,"CONCERT HALL","Y","A place where service personnel could meet and listen to musical performances etc.","P",
599,164152,"AGRICULTURE AND SUBSISTENCE","N",,"P",
599,164153,"PIGGERY","Y","A place where pigs are reared.","P",
599,164154,"FARM","Y","A tract of land, often including a farmhouse and ancillary buildings, used for the purpose of cultivation and the rearing of livestock, etc.","P",
599,164155,"ALLOTMENT","Y","A share or portion of land, allotted to a person, often used for growing, vegetables, fruit, etc.","P",
599,164156,"BARRAGE BALLOON SITE","Y","A site where a single large balloon was attached by fine wire cables to the ground to form an aerial obstruction to attacking enemy aircraft.","P",
599,164158,"EMERGENCY FOOD CENTRE","Y","An establishment from which food is distributed to the public during wartime or similar states of emergency.","P",
599,164159,"CLOTHING INDUSTRY SITE","N",,"P",
599,164160,"CLOTHING WORKSHOP","Y","A workshop for the manufacture of clothing, eg. tailor's workshop.","P",
599,164161,"HYDRAULIC POWER SITE","N",,"P",
599,164162,"HYDRAULIC ACCUMULATOR TOWER","Y","A structure used for the production of hydraulic power. A head of water was raised at the top of the tower by means of pumps. Used for powering machinery.","P",
599,164163,"REQUISITIONED LAND","Y","Land which has been temporarily taken over for use by the military or civilian authorities. During wartime land was requisitioned for various purposes, such as for argriculture or for military training/events etc.","P",
599,164164,"GUNCOTTON STOVE","Y","A building in which moist guncotton is dried by warm air for use in nitroglycerine manufacture.","P",
599,164165,"WET GUNCOTTON MAGAZINE","Y","A building in which moist guncotton is stored prior to drying for cordite maunufacture.","P",
599,163695,"RADIO MAST","Y","A tall, usually steel, structure used to receive and transmit radio signals.","P",
599,163696,"RADIO STATION","Y","A building or group of buildings containing equipment capable of transmitting and receiving radio signals. Use BROADCASTING RADIO STATION for broadcasting establishments e.g. BFBS Radio stations.","P",
599,163697,"RADIO TELEGRAPHY MAST","Y","A tall, usually steel, structure used to receive and transmit radio telegraphy signals.","P",
599,163698,"RADIO TELEGRAPHY STATION","Y","A building or group of buildings, incorporating radio masts, built to intercept radio transmissions from enemy vessels and aircraft during WWI.","P",
599,163701,"RECEPTION CENTRE","Y",,"P",
599,163702,"RECREATION HUT","Y","A hut, usually built as part of a complex on a military base or airfield and used for the recreation of military personnel.","P",
599,163703,"REGIMENTAL HEADQUARTERS","Y","The main administrative building and headquarters of a regiment.","P",
599,163707,"REMOUNT DEPOT","Y","A building or site used as a distribution centre for Army horses/ remounts and mules.","P",
599,163708,"REQUISITIONED BUILDING","Y","A building which has been temporarily taken over for use by the military or civilian authorities. During wartime buildings were requisitioned for various purposes, such as temporary hospitals or headquarters.","P",
599,163710,"RIFLE PIT","Y","A pit dug to protect a small group of infantry men.","P",
599,163711,"Rifle Post","N",,"N",
599,163712,"RIFLE RANGE","Y","A target range used for rifle and small arms practice.","P",
599,163713,"ROAD","Y","A way between different places, used by horses, travellers on foot and vehicles.","P",
599,163719,"ROYAL NAVAL AIR STATION","Y","An airfield with associated hangars and control buildings used for the storage, maintenance and deployment of military aircraft and airships flown by the Royal Naval Air Service.","P",
599,163721,"ROYAL NAVAL BASE","Y","A site, usually with docks and control buildings, used for the storage, maintenance and deployment of military vessels or the administration of the Royal Navy. May also include accommodation buildings for personnel.","P",
599,163970,"SALTPETRE WORKS","Y","A building, factory or works which was engaged in the manufacture of refining saltpetre. Often part of a gunpowder works.","P",
599,163971,"TOLUENE WORKS","Y","A chemical works engaged in the production or refining of toluene, a substance extracted from coal tar or specific types of crude oil, and used in the production of explosives during WW1.","P",
599,163972,"Toluol Works","N",,"N",
599,163973,"TRINITROTOLUENE FACTORY","Y","A factory or works principally engaged in the refining or manufacture of TNT.","P",
599,163974,"CORNING HOUSE","Y","A processing house containing equipment for sieving caked gunpowder to produce graded granules.","P",
599,163975,"GLAZE AND REEL HOUSE","Y","A building containing equipment used for the polishing of grains of gunpowder and extraction of the resulting dust.","P",
599,163976,"GUNPOWDER DRYING HOUSE","Y","A processing house where surplus water is removed from gunpowder after incorporating.","P",
599,163977,"GUNPOWDER WORKS","Y","A site used for the manufacture of gunpowder.","P",
599,163978,"Gunpowder Factory","N",,"N",
599,163979,"Gunpowder Mill","N",,"N",
599,163980,"Powder Mill","N",,"N",
599,163981,"INCORPORATING MILL","Y","A stone edge-runner grinding machine or mill used for mechanically grinding and mixing the ingredients of gunpowder.","P",
599,163982,"NITRE BED","Y","A large bed surrounded by an earthwork and filled with composing vegetable matter and animal waste. This was used to produce Nitre, a constituent of gunpowder.","P",
599,163983,"PRESS HOUSE","Y","A building containing presses for the compaction of mill cake gunpowder as part of the gunpowder manufacturing process.","P",
599,163984,"SALTPETRE STORE","Y","A place where saltpetre, the chief component of gunpowder, is kept.","P",
599,163985,"BREAKING DOWN HOUSE","Y","A building within a gunpowder works complex, where the mill cake (pulverised and incorporated ingredients of gunpowder) was broken down. It was crushed or broken down by passing it between pairs of revolving gunmetal rollers in a breaking-down machine.","P",
599,163986,"DUSTING HOUSE","Y","A building within the gunpowder works complex. During the gunpowder production process, the mill cake was broken down, pressed and then corned. The remaining dust was removed from the corned powder by tumbling it in gauze-covered
revolving cylinders.","P",
599,163987,"MATCH LODGE","Y","A building at the entrance to an factory manufacturing explosives where a person was searched for matches, prior to entering the workplace.","P",
599,163988,"MINERAL JELLY STORE","Y","A building where mineral jelly was stored. Mineral jelly was used as a stabilizer in the manufacture of the explosive, cordite.","P",
599,163989,"MIXING HOUSE","Y","A building in which the ingredients of an explosive charge are weighed into their correct proportions and mixed prior to incorporation.","P",
599,163990,"Gunpowder Mixing House","N",,"N",
599,163991,"REEL DRYING STOVE","Y","A structure or building used in the manufacture of the explosive cordite. After the cordite had been pressed to extract moisture it was placed on racks within the stove prior to being taken to the reeling house for winding.","P",
599,163992,"TESTING RANGE","Y","A site, containing installations and machinery, used for measuring the power of explosives.","P",
599,163993,"Underground Testing Range","N",,"N",
599,164166,"CORDITE DOUGH STORE","Y","A building in which cordite dough is stored before extrusion.","P",
599,164167,"BOMB SITE","Y","A site which has been bombed but where there is no crater, eg. bombed buildings.","P",
599,163722,"ROYAL NAVAL DEPOT","Y","A building or site used for the storage and distribution of the essential logistical requirements of the Royal Navy.","P",
599,163738,"SEARCHLIGHT EMPLACEMENT","Y","A site in which one or more searchlights and their accompanying structures were positioned to locate enemy aircraft or surface vessels for the benefit of batteries and night fighter aircraft.","P",
599,164088,"Headstone","N",,"N",
599,163740,"SERGEANTS MESS","Y","A building providing dining facilities and recreation for non-commissioned officers.","P",
599,164059,"SHIPWRIGHTS WORKSHOP","Y","A place where dockyard craftsmen both design and build ships.","P",
599,164060,"SLIP SHED","Y","A wooden or metal structure covering a shipbuilding slip way.","P",
599,163743,"SICK QUARTERS","Y","A building used for the accommodation of sick and wounded members of the armed forces.","P",
599,164061,"MARINE ENGINEERING WORKS","Y","Specialized engineering workshop particularly for the production of marine engines or other large components of ships.","P",
599,163745,"SIGNALS GATHERING STATION","Y","Buildings and structures associated with the acquisition of electronic signals for the purpose of intelligence gathering.","P",
599,163746,"SLIT TRENCH","Y","A short trench used to protect troops or to provide defensive fire from, often dug for practice purposes.","P",
599,164062,"FABRICATION SHED","Y","Covered area for making large engineered constructions such as sections of ships or bridges.","P",
599,163748,"Sound Dish","N",,"N",
599,163749,"SOUND MIRROR","Y","An early warning structure built during and after WWI along the south and east coasts of England. Sound detecting acoustic dishes and walls could detect the sound of approaching enemy aircraft at a distance of 8 to 15 miles.","P",
599,163750,"SOUND MIRROR (20 FEET)","Y","A concrete, circular concave dish 20 feet in diameter used as an acoustic listening device to detect approaching enemy aircraft.","P",
599,163751,"SOUND MIRROR (200 FEET)","Y","A concrete, concave wall 200 feet in length used as an acoustic listening device to detect approaching enemy aircraft.","P",
599,163752,"SOUND MIRROR (30 FEET)","Y","A concrete, circular concave dish 30 feet in diameter used as an acoustic listening device to detect approaching enemy aircraft.","P",
599,163753,"SOUND MIRROR BUILDING","Y","A building associated with the early 20th century acoustic detection system.","P",
599,164086,"GRAVE MARKER","Y","A stone, slate, iron or wooden structure used to mark the site of a grave.","P",
599,164087,"GRAVESTONE","Y","A stone placed over or at the head or foot of a grave, or at the entrance of a tomb.","P",
599,164089,"Footstone","N",,"N",
599,164090,"Ledger Stone","N",,"N",
599,163873,"COMMEMORATIVE","N",,"P",
599,163874,"COMMEMORATIVE MONUMENT","Y","A building or structure erected to commemorate a person or event.","P",
599,163875,"ANIMAL MEMORIAL","Y",,"P",
599,163876,"Dog Memorial","N",,"N",
599,163877,"Horse Memorial","N",,"N",
599,163878,"Commemorative Arch","N",,"N",
599,163879,"Commemorative Column","N",,"N",
599,163880,"Ceremonial Arch","N",,"N",
599,163881,"Commemorative Tablet","N",,"N",
599,163882,"Hall Of Memory","N",,"N",
599,163883,"Memorial","N",,"N",
599,163884,"Memorial Chapel","N",,"N",
599,163885,"Memorial Garden","N",,"N",
599,163886,"Memorial Seat","N",,"N",
599,163995,"INDUSTRIAL BUILDING","Y","Any building designed or adapted to accommodate trades and manufacturing activity. Use more specific site where known.","P",
599,163996,"CHIMNEY","Y","Chimney used on an industrial or commercial site.","P",
599,163997,"Chimney Stack","N",,"N",
599,163998,"FACTORY","Y","A building or complex, housing powered machinery and employing a large workforce for manufacturing purposes. Use specific monument type where known.","P",
599,164000,"VEHICLE FACTORY","Y","A factory for the manufacture of vehicles.","P",
599,164001,"AIRCRAFT FACTORY","Y","A factory where aircraft are assembled.","P",
599,164003,"SEAPLANE FACTORY","Y","A factory where seaplanes are manufactured.","P",
599,164004,"TANK FACTORY","Y","A factory for the manufacture of military tanks.","P",
599,164005,"Aircraft Assembly Plant","N",,"N",
599,164006,"Aircraft Works","N",,"N",
599,164007,"LORRY FACTORY","Y","A factory used for the manufacture and assembly of lorries.","P",
599,164008,"WAR PRODUCTION FACTORY","Y","A factory or works which has been temporarily turned over to the manufacture of goods for the war effort.","P",
599,163757,"SQUADRON OFFICE","Y","A building used for the administration of a squadron.","P",
599,163758,"SQUASH RACQUETS COURT","Y","A building in which the game of squash can be played.","P",
599,163759,"STAND BY SET HOUSE","Y","A building housing the stand-by generator set and associated equipment which could supply electricity to all essential services in the event of a power cut.","P",
599,163770,"STORAGE BUILDING","Y","A building used for the storage of equipment and ordnance.","P",
599,163771,"STORAGE DEPOT","Y","A building or site used for the storage of goods or equipment.","P",
599,163772,"STORAGE FACILITY","N","Sites and buildings used for the storage or equipment, ordnance or vehicles. Use more specific term.","P",
599,163775,"SUBMARINE MINE ESTABLISHMENT","Y","A complex of purpose-built or adapted buildings used for the maintenance, storage, assembly and control of sea mines and minefields.","P",
599,163778,"SUPPLY DEPOT","Y","A building or site used for the storage and distribution of the essential logistical requirements of an armed force.","P",
599,163780,"TANK PARK","Y","A site where tanks and armoured fighting vehicles can be stored.","P",
599,163781,"TARGET RAILWAY","Y","A miniature railway on which targets can be placed to provide moving targets on a firing range.","P",
599,163782,"TARGET RANGE","Y","An area of ground used for the testing of, and practicing with, weapons against fixed and moveable targets.","P",
599,163783,"TECHNICAL AND INSTRUCTIONAL SITE","N","Sites used for the maintenance of military equipment and buildings and the instruction of military personnel. Use more specific term.","P",
599,163263,"ABLUTIONS BLOCK","Y","A building housing toilets and washing facilities.","P",
599,163265,"ACCOMMODATION HUT","Y","A hut used for the accommodation of members of the armed forces.","P",
599,163266,"ACTIVE AIR DEFENCE SITE","N","A site equipped for active defensive action against an airborne enemy assault.","P",
599,163267,"ADMIRALTY SIGNAL ESTABLISHMENT","Y","A building or site conducting research into communication techniques for use in the Royal Navy.","P",
599,163268,"ADMIRALTY SIGNAL STATION","Y","A building or site used for naval communications.","P",
599,163269,"AEROPLANE REPAIR SECTION SHED","Y","A shed used for the maintenance and repair of aircraft.","P",
599,163273,"AIR DEFENCE SITE","N","A site equipped for passive or active defence against an airborne enemy assault.","P",
599,163274,"AIR FORCE HEADQUARTERS","Y","A building used for the daily administration of the Royal Flying Corps or Royal Air Force.","P",
599,163861,"ROYAL FLYING CORPS AIRCRAFT HANGAR","Y","The earliest side-opening standard type of aircraft hangar designed in 1913 and used in WWI. Originally constructed from wooden trusses and struts, some examples have steel frames. It comprised a single or coupled shed with rear workshops.","P",
599,163862,"RFC SIDE OPENING AIRCRAFT HANGAR","Y","The earliest side-opening standard type of aircraft hangar designed in 1913 and used in WWI. Originally constructed from wooden trusses and struts, one example has steel frames. It comprised a single or coupled shed with rear workshops.","P",
599,163863,"Royal Flying Corps Side Opening Aircraft Hangar","N",,"N",
599,163864,"Royal Flying Corps Aeroplane Shed","N",,"N",
599,163865,"AEROPLANE TWIN SHED","Y","A coupled timber built end-opening First World War aircraft hangar.","P",
599,163285,"AIR RAID SHELTER","Y","A fortified structure used to protect civilians and/or military personnel from enemy bombing.","P",
599,163288,"AIR SEA RESCUE STATION","Y","A site or building used to co-ordinate Air-Sea Rescue operations.","P",
599,163292,"AIRCRAFT HANGAR","Y","A structure used for the housing and servicing of aircraft.","P",
599,163293,"AIRCRAFT HANGAR (TRANSPORTABLE)","Y","An aircraft hangar designed to be moved from site to site as necessary.","P",
599,164169,"UNASSIGNED","N",,"P",
599,164175,"CORDITE INCORPORATING HOUSE","N","A building in which cordite paste is blended with the solvent acetone and Vaseline to form a cordite dough.","P",
599,164176,"Cordite Press House","N",,"N",
599,163313,"Aircraft Landing Ground","N",,"N",
599,164180,"Cordite Drying Stove","N",,"N",
599,163316,"Aircraft Shed","N",,"N",
599,163319,"AIRCRAFT STORAGE FACILITY","N","A site, building or structure used to store aircraft. Use more specific term.","P",
599,163323,"AIRFIELD","Y","An area or site used for the landing and take-off of aircraft, often including associated buildings, equipment and other installations.","P",
599,163324,"AIRFIELD BUILDING","Y","A building found on, or associated with, an airfield.","P",
599,163325,"AIRFIELD DEFENCE SITE","N","A site or building associated with active or passive defence of the landing ground and buildings of an airfield.","P",
599,163326,"AIRFIELD SITE","N","A site, usually including hangars, runway and ancillary buildings, used for the storage, maintenance and take off and landing of aircraft.","P",
599,163327,"AIRMENS QUARTERS","Y","A building where non-commissioned aircrew are housed.","P",
599,163328,"AIRSHIP STATION","Y","A site, including hangars, moorings and ancillary buildings, used for the storage, maintenance, take off and landing of airships.","P",
599,163332,"AMBULANCE PARK","Y","A site where ambulances can br parked and stored.","P",
599,163333,"AMBULANCE STATION","Y","A building where ambulances and paramedic personnel are housed awaiting emergency calls.","P",
599,163334,"AMMUNITION DEPOT","Y","A building or site used for the storage and distribution of ammunition.","P",
599,163335,"Ammunition Dump","N",,"N",
599,163336,"AMMUNITION STORE","Y","An building or installation used for the storage of ammunition.","P",
599,163338,"ANCILLARY BUILDING","N","Buildings, used for a variety of purposes, providing support to essential services or  for a central function. Use more specific term.","P",
599,163340,"ANTENNA ARRAY","Y","A structure used for the transmission and interception of radio signals. Usually composed of a number of different elements such as aerials, receiving equipment and supporting pylons.","P",
599,163341,"ANTI AIRCRAFT BATTERY","Y","A site containing one or more artillery pieces and/or rocket launchers for firing at enemy aircraft.","P",
599,163342,"ANTI AIRCRAFT BATTERY COMMAND POST","Y","A command post used to direct the guns of an anti aircraft battery.","P",
599,163343,"ANTI AIRCRAFT DEFENCE SITE","Y","Sites, buildings and structures for the control and mounting of anti aircraft artillery. Also, structures for passive or indirect defence against enemy aircraft.","P",
599,163344,"ANTI AIRCRAFT GUN EMPLACEMENT","Y","A gun emplacement equipped with anti aircraft artillery.","P",
599,163346,"ANTI AIRCRAFT GUN TOWER","Y","A purpose-built firing platform on which an anti-aircraft battery could be emplaced.","P",
599,163350,"ANTI INVASION DEFENCE SITE","N","Sites, buildings and structures associated with the defence of the British Isles against invasion from seaborne or airborne forces.","P",
599,163353,"ANTI MOTOR TORPEDO BOAT BATTERY","Y","A coastal battery containing one or more artillery pieces for to defend the coast against hostile motor torpedo boats.","P",
599,163355,"ANTI SUBMARINE DEFENCE","Y","Defence sites and structures including passive and active defences such as netting, chain booms and mines designed to prevent submarines approaching strategic ports.","P",
599,163373,"ARMOURY","Y","A secure building where weaponry and ammunition are kept.","P",
599,163374,"ARMY CAMP","Y","A site, including barracks and ancillary buildings used for the accommodation of soldiers.","P",
599,163375,"ARMY HEADQUARTERS","Y","A building used for the daily administration of an army.","P",
599,163376,"ART STORAGE FACILITY","Y","A site used for the safe storage of the art held in the national collections. During the Second World War many paintings, sculptures and works of art were moved to modified mines for safe keeping to protect them against bomb damage.","P",
599,163377,"ARTILLERY FIRING RANGE","Y","A piece of ground, or a building, on which artillery may be fired at targets.","P",
599,163379,"AUXILIARY HOSPITAL","Y","A building temporarily requistioned for use as a hospital. Auxiliary hospitals treated the less seriously wounded and were less strict than military hospitals although they remained under military control.","P",
599,164387,"VOLUNTARY AID DETACHMENT HOSPITAL","Y","A building temporarily requisitioned for use as an auxiliary hospital administered by members of the Voluntary Aid Detachment during the First World War.","P",
599,164388,"Vad Hospital","N",,"N",
599,163391,"BARBED WIRE ENTANGLEMENT","Y","One or more coils of barbed wire intended to impede the advance of hostile troops.","P",
599,163392,"BARRACK BLOCK","Y","A building used for the accommodation of members of the armed forces.","P",
599,163393,"BARRACKS","Y","A building used to house members of the armed forces.","P",
599,163401,"BATTERY ENGINE HOUSE","Y","A building housing the engines used to power equipment used by a searchlight, anti-aircraft or caostal battery.","P",
599,163402,"BATTERY OBSERVATION POST","Y","A building used to observe the movements of hostile aircraft or shipping.","P",
599,163406,"BEACH DEFENCE BATTERY","Y","A battery, usually a single gun often in a pillbox,  situated so as to provide enfilading fire along a beach to prevent hostile forces from advancing inland.","P",
599,163407,"BEACH DEFENCE LIGHT","Y","A searchlight battery used to light a beach.","P",
599,163410,"BESSONNEAU HANGAR (TYPE H)","Y","The first transportable aircraft hangar developed by the RFC/RAF, which comprised a kit of timber and canvas that could be assembled in 48 hours. The canvas doors open one end only. Also known as Type H hangar.","P",
599,163411,"BILLET","Y","Accommodation for military personnel.","P",
599,163413,"BLAST SHELTER","Y","A protective structure, often made of sandbags with reinforcement, designed to protect aircraft at airfields from enemy attack.","P",
599,163414,"BLAST WALL","Y","A reinforced wall designed to reflect the blast from an explosion. Often found associated with powder magazines, pillboxes and air raid shelters.","P",
599,163417,"BOMB CRATER","Y","A depression in the ground caused by the explosion of a mine or bombshell.","P",
599,163418,"BOMB STORE","Y","A complex of buildings and earthworks constructed the storage of bombs and pyrotechnics.","P",
599,163422,"BOMBING RANGE","Y","An area of land, with associated buildings and targets, used for practicing the dropping of bombs and other aspects of air warfare.","P",
599,163423,"Bombing Range Direction Arrow","N",,"N",
599,163424,"BOMBING RANGE MARKER","Y","A range marker allowing bombers to locate the bombing range.","P",
599,163425,"BOMBING RANGE OBSERVATION POST","Y","An observation post located on or close to a bombing range.","P",
599,163426,"BOMBING RANGE TARGET","Y","Any structure or object, used for the purpose of practice bombing.","P",
599,163427,"BOMBING RANGE TOWER","Y","An observation tower located on or near to a bombing range.","P",
599,163429,"BOOM DEFENCE","Y","A bar, chain or other obstruction stretched across a waterway to obstruct navigation.","P",
599,163430,"BRIDGE","Y","A structure of wood, stone, iron, brick or concrete, etc, with one or more intervals under it to span a river or other space. Use specific type where known.","P",
599,163440,"CAMOUFLAGE","Y","The surviving remnants of material used to disguise the existence of a building or site. Use with specific monument type where known.","P",
599,163447,"CHEMICAL WEAPONS STORE","Y","A protected building or site used for the safe storage of chemical weapons.","P",
599,163449,"CINEMA","Y","A building equipped with a large screen and film projectors where service personnel could watch films.","P",
599,163450,"CIVIL DEFENCE BUILDING","Y","A building used to coordinate civil defence in times of war. Can also be utilized as aid centres in times of national emergency.","P",
599,163452,"CIVIL DEFENCE HEADQUARTERS","Y","A building used for the daily administration of Civil Defence activities.","P",
599,163453,"CIVIL DEFENCE SITE","N","Sites and buildings used in the coordination of the defence of the civilian population during times of war. Could also be used during times of national emergency.","P",
599,163456,"CLOSE DEFENCE BATTERY","Y","A coastal battery designed for use in short range engagements with enemy vessels, minelayers, blockships and torpedo craft.","P",
599,163457,"COAST ARTILLERY BATTERY","Y","A defensive battery positioned facing out to sea enabling the guns to be brought to bear on enemy shipping and amphibious craft.","P",
599,163458,"COAST ARTILLERY SEARCHLIGHT","Y","A searchlight battery, which faces out to sea, used to locate and illuminate enemy shipping.","P",
599,163459,"COAST BATTERY GUN SITE","Y","A gun emplacement associated with a coastal battery.","P",
599,163461,"COASTAL BATTERY","Y","A site including artillery pieces and associated structures directed out to sea to engage enemy shipping and defend the coastline. Use more specific term where known.","P",
599,163462,"COASTAL BATTERY COMMAND POST","Y","A command post used to direct the guns of a coastal battery.","P",
599,163463,"COASTAL DEFENCE SITE","N","A defence site used to defend against emeny shipping or invasion attempts. Use more specific term.","P",
599,163464,"COASTAL FORT","Y","A fortification constructed either on the coast, or in the middle of a stretch of water, designed to protect a port or river from enemy incursion.","P",
599,163465,"COASTAL OBSERVATION POST","Y","A building, situated on the coast, used for observing the movements of shipping.","P",
599,163467,"COMMAND POST","Y","A building used for directing the movements of artillery pieces or searchlights. Use more specific term where known.","P",
599,163468,"COMMUNICATION TRENCH","Y","A trench, usually linking two or more rows of trenches, enabling the conveyance of messages or equipment safely from one trench to another.","P",
599,163469,"COMMUNICATIONS BUILDING","Y","A building associated with the transmission and gathering of information.","P",
599,163472,"CONTROL BUILDING","Y",,"P",
599,163473,"CONTROL TOWER","Y","A building at an airfield from which air traffic can be controlled, usually by radio.","P",
599,163482,"DECONTAMINATION BUILDING","Y","A building used for the treatment of victims of chemical, gas or other forms of contamination.","P",
599,163488,"DEFENCE LINE","Y","A system of defensive works such as anti-tank obstacles, ditches and pillboxes, designed to stop the advance of an enemy. Defence lines were constructed across and around strategic areas of ground and sites such as industrial towns.","P",
599,163489,"DEFENCE SITE","N","Sites, buildings and structures involved in the passive or active defence of the country against hostile forces on land, sea and in the air. Use more specific term.","P",
599,163490,"DEFENCE WORK","Y","Sites, buildings or structures believed to be associated with defence but unidentifiable as specific monument types.","P",
599,163496,"DEPOT","Y","A building or site used as a storage and distribution centre.","P",
599,163501,"DOMESTIC SITE","Y","Buildings used for the accommodation, welfare and recreation of servicemen.","P",
599,163504,"DRILL HALL","Y","A building or site used for the exercise and training of military personnel.","P",
599,163517,"EMERGENCY COAST DEFENCE BATTERY","Y","A coastal battery constructed at short notice usually mounting a variety of artillery pieces.","P",
599,163522,"ENGINE HOUSE","Y","A building housing an engine used to run electrical equipment. Use more specific type where known.","P",
599,163524,"EXPLOSIVES STORAGE FACILITY","N","A site, building or structure used for the storage of explosives.","P",
599,163525,"EXTENDED DEFENCE OFFICERS POST","Y","An observation post for a naval officer in charge of a marine minefield.","P",
599,163526,"FIELDWORK","Y","A usually temporary earthwork or fortification, constructed by military forces operating in the field. Use more specific type where known.","P",
599,163529,"FIRE SERVICE HEADQUARTERS","Y","A building, either purpose-built or modified,  used for the co-ordination of the Fire Service.","P",
599,163530,"FIRE STATION","Y","A building housing fire engines, and equipment and a permanent fire-fighting force.","P",
599,163531,"FIRE TENDER HOUSE","Y","A building, on an airfield, used to house a fire engine.","P",
599,163534,"FIRE TRENCH","Y","A trench cut around a building or structure to prevent the spread of fire.","P",
599,163536,"FIRING RANGE","Y","A piece of ground, or a building, where small arms or large artillery may be fired at targets. For rocket and missile firing use ROCKET TEST FACILITY.","P",
599,163537,"FIRING RANGE BLOCKHOUSE","Y","A shelter on a firing range from which the weapons testing can be viewed in safety.","P",
599,163538,"Firing Range Shelter","N",,"N",
599,163539,"FOOD AND REST CENTRE","Y",,"P",
599,163540,"FOOD DEPOT","Y","A building or site used for the storage and distribution of food.","P",
599,163545,"FUEL DEPOT","Y","A building or site used for the storage and distribution of fuel.","P",
599,163546,"FUEL STORE","Y","A building used for the storage of materials used to provide power or heat.","P",
599,163547,"FUEL TANK","Y","A large, usually metal, container used for the storage of liquid fuels.","P",
599,163548,"GARAGE","Y","A building used for the storage and maintenance of motor vehicles.","P",
599,163549,"Gas Decontamination Centre","N",,"N",
599,163550,"GENERATOR HOUSE","Y","A building housing a generator used to power electrical equipment.","P",
599,163551,"GRENADE RANGE","Y","An area of ground where training in the use of grenades can be carried out.","P",
599,163554,"Guard Room","N",,"N",
599,163555,"GUARDHOUSE","Y","A building used for the accommodation of a military guard and/or the detainment of prisoners.","P",
599,163556,"GUN EMPLACEMENT","Y","A fortified site in which a gun, mortar or cannon is positioned.","P",
599,163557,"GUN EMPLACEMENT (TYPE 55414)","Y","A gun emplacement which conforms to Department of Fortification and Works drawing number 55414.","P",
599,163558,"GUN EMPLACEMENT (TYPE 55415)","Y","A gun emplacement which conforms to Department of Fortification and Works drawing number 55415.","P",
599,163559,"GUN EMPLACEMENT (TYPE 55422)","Y","A gun emplacement which conforms to Department of Fortification and Works drawing number 55422.","P",
599,163560,"GUN EMPLACEMENT (TYPE 55483)","Y","A gun emplacment which conforms to Department of Fortification and Works drawing number 55483.","P",
599,163561,"GUN EMPLACEMENT (TYPE 55491)","Y","A gun emplacment which conforms to Department of Fortification and Works drawing number 55491.","P",
599,163562,"GUN EMPLACEMENT (TYPE 55503)","Y","A gun emplacment which conforms to Department of Fortification and Works drawing number 55503.","P",
599,163564,"GUN STORE","Y","A building used for the storage of artillery pieces.","P",
599,163565,"GYMNASIUM","Y","A building or room, originally equipped for gymnastics or indoor sports but also, more recently, equipped with cross-training machines and free-weights for members to improve their physical fitness.","P",
599,163566,"HEADQUARTERS","Y","A building used for the daily administration of an organisation or military force.","P",
599,163567,"HEAVY ANTI AIRCRAFT BATTERY","Y","An anti aircraft battery usually mounting weapons with a larger calibre ammunition such as the QF 3.75 inch (94mm) gun.","P",
599,163570,"HOLDFAST","Y","A plinth or pedestal, usually of concrete, to which an anti aircraft or coastal battery gun was fitted. Holdfasts are often the only evidence for a weapon which survive.","P",
599,163576,"INFANTRY POST","Y","A defensive position, often constructed from sandbags, designed to protect a group of infantry.","P",
599,163577,"INSTRUCTIONAL SITE","Y","A site used to train military personnel in the use of equipment.","P",
599,163784,"TECHNICAL SITE","Y","A site associated with the maintenance of military equipment and buildings.","P",
599,163785,"TENNIS COURT","Y","A prepared area, traditionally grass, where tennis is played.","P",
599,163786,"TERRITORIAL ARMY HEADQUARTERS","Y","A building used as headquarters by the Territorial Army, the volunteer reserve of the British army.","P",
599,163867,"PILLBOX (SHELLPROOF)","Y","A pillbox with walls that have been thickened to protect against shells.","P",
599,163868,"PILLBOX (VARIANT)","Y","A pillbox which varies from the standard designs.","P",
599,163869,"MINISTRY OF MUNITIONS FACTORY","Y","A factory used for the manufacture of ordnance including small arms, ammunition, artillery pieces and armoured fighting vehicles.","P",
599,163790,"TORPEDO RANGE","Y","A designated area of water in which the performance of torpedoes can be evaluated.","P",
599,163791,"TORPEDO RANGE CONTROL BUILDING","Y","A building from which the firing of torpedoes can be controlled and evaluated.","P",
599,163792,"TORPEDO STATION","Y","A land based establishment armed with torpedoes and used to defend the coast from enemy shipping.","P",
599,163793,"TRAINING AREA","Y","A designated area of land, usually closed to the public, used for military exercises and training purposes.","P",
599,163794,"TRAINING BASE","Y","A military base used for training service personnel.","P",
599,163795,"TRAINING CAMP","Y","A military camp providing training facilities.","P",
599,163796,"TRAINING CENTRE","Y","A place where specific skills are taught on short courses","P",
599,163887,"Monument","N",,"N",
599,163798,"TRAINING SITE","N","A site used for military training. Use more specific term.","P",
599,163799,"TRANSFORMER BUILDING","Y","A building housing transformers to convert AC electricity supply for domestic use.","P",
599,163800,"TRANSPORT SITE","Y","A site associated with transport including both vehicles and transport infrastructure.","P",
599,163801,"TRENCH","Y","A linear fieldwork dug as a means of concealment, protection or both.","P",
599,163888,"Monumental Arch","N",,"N",
599,163889,"BATTLEFIELD","Y","The field or area of ground on which a battle or skirmish was fought.","P",
599,163804,"VEHICLE DEPOT","Y","A storage facility used for the accommodation and dispersal of military vehicles.","P",
599,163805,"VEHICLE PARK","Y","A site, usually consisting of a simple open area of land or hardstanding and used for the storage of vehicles.","P",
599,163806,"VEHICLE REPAIR CENTRE","Y","A building or site used for the maintenance and repair of motor vehicles.","P",
599,163807,"VEHICLE SHED","Y","A shed used for the storage of vehicles.","P",
599,163890,"NAVAL BATTLEFIELD","Y","Area or zone of sea where a battle, skirmish or action was fought between naval ships or warships and privateers. Not to be used for enemy action upon mercantile ships or a sudden strike by mine/torpedo against an enemy warship.","P",
599,163891,"CENOTAPH","Y","A sepulchral monument erected to commemorate a person or persons buried elsewhere.","P",
599,163810,"VICKERS MACHINE GUN EMPLACEMENT","Y","A square, concrete pillbox-like structure with 36in thick walls and a single large embrasure used to emplace a Vickers Medium Machine Gun. The entrance was protected by an external blast wall.","P",
599,163892,"COAT OF ARMS","Y","Includes crests, hatchments and supporters.","P",
599,163893,"Crest","N",,"N",
599,163814,"WATCH OFFICE","Y","A building, originally used as a shelter for the duty pilot or officer on watch on an airfield, and later used to direct air traffic. Use more specific type where known.","P",
599,163896,"COMMEMORATIVE STONE","Y","A stone commemorating a person or event.","P",
599,163897,"Memorial Stone","N",,"N",
599,163898,"DATE STONE","Y","A stone commemorating the date of a specific event.","P",
599,163899,"DEDICATION STONE","Y","A commemorative stone inscribed with a dedicatory inscription to a person or event.","P",
599,163900,"EFFIGY","Y","A sculptured likeness, portrait or image, often found on a tomb or other memorial.","P",
599,163901,"Memorial Effigy","N",,"N",
599,163902,"HISTORICAL SITE","Y","Site with important historical association.","P",
599,163903,"NAMED TREE","Y","A tree named after a person or event associated with it, e.g. Byron's Oak at Newstead.","P",
599,163904,"PLAQUE","Y","An ornamental, commemorative tablet.","P",
599,163905,"Brass Plaque","N",,"N",
599,163906,"Bread Stone","N",,"N",
599,163907,"Bronze Plaque","N",,"N",
599,163908,"Commemorative Plaque","N",,"N",
599,163909,"Wall Tablet","N",,"N",
599,163910,"ROSTRAL COLUMN","Y","A column set on a pedestal and decorated with the bows of warships to celebrate naval victories. Originally a Roman form, it was revived in 17th and 18th century decoration.","P",
599,163911,"TRIUMPHAL ARCH","Y","A large free-standing arch erected to commemorate a triumph or victory.","P",
599,163912,"TROPHY","Y","A monument erected as a permanent reminder of a military victory. The design usually includes images of the spoils of the battle.","P",
599,163913,"WALL MONUMENT","Y","A substantial monument attached to a wall and often standing on the floor.","P",
599,163914,"WAR MEMORIAL","Y","A structure, building or site commemorating soldiers and civilians killed in war.","P",
599,163915,"War Memorial Chapel","N",,"N",
599,163916,"War Memorial Cloister","N",,"N",
599,163917,"War Memorial Garden","N",,"N",
599,163918,"INDUSTRIAL","N",,"P",
599,164010,"ENGINEERING INDUSTRY SITE","N","Buildings, sites and structures associated with the engineering industry.","P",
599,164011,"AIRCRAFT ENGINEERING SITE","N","Sites used for the manufacture of aircraft.","P",
599,164012,"AIRCRAFT ENGINE FACTORY","Y","A factory where aircraft engines are assembled.","P",
599,164013,"AIRCRAFT TESTING SITE","Y","A site used for the functional testing of aircraft and their components.","P",
599,164014,"AIRSHIP CONSTRUCTION WORKS","Y","Construction works for the production of rigid or dirigible airships.","P",
599,164015,"BALLOON SHED","Y","A building used for fabricating balloon and airship envelopes.","P",
599,164016,"AIRSHIP HANGAR","Y","A hangar for the storage and maintenance of dirigible motor-driven balloons.","P",
599,164017,"BICYCLE FACTORY","Y","A factory for the assembly of bicycles.","P",
599,164018,"MOTOR VEHICLE ENGINEERING SITE","N","Buildings and sites associated with the manufacture of motor vehicles.","P",
599,164019,"CAR FACTORY","Y","A factory where cars are manufactured.","P",
599,164020,"CARRIAGE WORKS","Y","A building or works in which carriages were built. Use RAILWAY CARRIAGE WORKS for sites making railway carriages.","P",
599,163591,"MACHINE GUN EMPLACEMENT","Y","A structure, usually or concrete or sandbags, in which a machine gun was emplaced.","P",
599,163592,"MACHINE GUN POST","Y","An open walled structure built of concrete, brick or sandbags which enclosed one or more machine-guns mounted on pintels for light anti-aircraft and ground defence.","P",
599,163593,"MAGAZINE","Y","A building in which a supply of arms, ammunition and provisions for an army is stored.","P",
599,163596,"MEDICAL BLOCK","Y","A building, usually part of a complex, where medical treatment and hospital facilities are provided.","P",
599,163597,"MESS","Y","A building providing dining and recreation facilities for military personnel.","P",
599,163598,"MILITARY BASE","Y","A building or group of buildings, often surrounded by a system of fortifications, used as a residential and training site by members of an armed force.","P",
599,163599,"MILITARY BUILDING","Y","A building of unknown purpose found at a military site. Use more specific type where known.","P",
599,163600,"MILITARY CAMP","Y","A site where a body of troops is temporarily or permanently lodged, with or without entrenchments and fortifications.","P",
599,163601,"MILITARY DEFENCE AND FORTIFICATION","N","This is the top term for the thesaurus see Class List for Narrower Terms.","P",
599,163602,"MILITARY HEADQUARTERS","Y","A building used as the command centre of a military operation.","P",
599,163603,"MILITARY HOSPITAL","Y","A hospital for the medical and surgical treatment of military personnel and/or their families.","P",
599,163604,"MILITARY OFFICE","Y","An administrative building used to organize and co-ordinate the activities of members of the armed forces.","P",
599,163605,"MILITARY SITE","Y","Sites, buildings and structures used by the military.","P",
599,163608,"MINEFIELD","Y","An area of ground or water containing explosive mines.","P",
599,163609,"MINEWATCHERS POST","Y","A building with small observation ports used for plotting mines dropped by parachute.","P",
599,163612,"MOTOR TRANSPORT BUILDING","Y","A building, on an airfield or military base, used for the maintenance and storage of motor vehicles.","P",
599,163614,"NAVAL GUNNERY RANGE","Y","An area of ground, usually situated on the coast, on which naval guns can be mounted for testing purposes and to practice firing at targets usually placed out at sea to mimic surface vessels.","P",
599,163615,"NAVAL HEADQUARTERS","Y","A building used for the daily administration of the Royal Navy.","P",
599,163617,"NISSEN HUT","Y","A prefabricated structure of a steel frame clad in corrugated iron. Semi-circular in section they were used as accommodation for the armed forces and, during WWII, as emergency housing for bombed out civilians. Also used for storage.","P",
599,163622,"OBSERVATION POST","Y","A building or site for watching specific military activities or the movement of enemy forces, etc.","P",
599,164021,"COACH WORKS","Y","Traditionally a building or site where stage coaches were built. Nowadays the term is applied to buildings used for the manufacturing of the body work and furnishings of motor vehicles and railway carriages.","P",
599,164022,"MOTOR CYCLE FACTORY","Y","A building where motor cycles are assembled.","P",
599,164023,"RAILWAY ENGINEERING SITE","N","Buildings, sites and structures associated with the construction and maintenance of railways and rolling stock.","P",
599,164024,"RAILWAY CARRIAGE WORKS","Y","An engineering site where railway carriages are manufactured.","P",
599,164025,"RAILWAY ENGINEERING WORKS","Y","A large site specializing in the manufacture of locomotives.","P",
599,164026,"RAILWAY ENGINEERING WORKSHOP","Y","An engineering workshop, often attached to an engine shed, for the running repairs of operational parts, etc.","P",
599,164027,"RAILWAY WAGON WORKS","Y","Engineering works specializing in the production and maintenance of non-passenger carrying railway rolling stock.","P",
599,164028,"Waggon Workshop","N",,"N",
599,164029,"RAILWAY WORKS","Y","An engineering works producing items for the railway other than rolling stock, such as signals, tracks, points, etc.","P",
599,164030,"RAILWAY WORKSHOP","Y","An ancilliary workshop used for repairs, etc.","P",
599,164031,"STEAMING SHED","Y","A building used specifically for testing the boilers of railway engines, both hydraulically and with live steam.","P",
599,164032,"BORING MILL","Y","A building containing a machine tool for boring out large cylindrical holes in items such as steam engine cylinders, pump barrels, etc.","P",
599,164033,"ENGINEERING WORKS","Y","Any factory or site using machine tools in a manufacturing or processing capacity.","P",
599,164034,"Engine Manufactory","N",,"N",
599,164035,"Engine Works","N",,"N",
599,164036,"Traction Engine Works","N",,"N",
599,164037,"WORKS","Y","Usually a complex of buildings for the processing of raw materials. Use specific type where known.","P",
599,164038,"AIRCRAFT MAINTENANCE UNIT","Y","A site used for the maintenance of aircraft.","P",
599,164039,"MARINE CONSTRUCTION SITE","N","Buildings, sites and structures associated with the construction and repair of ships and boats.","P",
599,164040,"DOCKYARD","Y","An enclosure in which ships are built and repaired, and all sorts of ships' stores are brought together.","P",
599,164041,"NAVAL DOCKYARD","Y","A naval base that builds, repairs, docks or converts warships, and is manned by civilian engineers and workers and administered by engineer duty officers.","P",
599,163845,"WATER STORAGE FACILITY","N","A site or building containing tanks and pipes and used to store large quantities of water.","P",
599,163846,"WATER TANK","Y","A receptacle for the storage of water.","P",
599,163847,"WATER TOWER","Y","A tower serving as a reservoir to deliver water at a required point.","P",
599,164042,"Docks","N",,"N",
599,164043,"Dockyard Boundary Wall","N",,"N",
599,164044,"Dockyard Gate","N",,"N",
599,163851,"WEAPON TESTING FACILITY","Y","A site, buildings or structure associated with the demonstration and testing of weapons and military equipment. Use more specific term.","P",
599,163852,"WEAPONS PIT","Y","Usually a small, two or three man trench, dug as an isolated fieldwork rather than as part of a defensive system. A WWI and WWII feature.","P",
599,163853,"Wireless Telegraphy Station","N",,"N",
599,163854,"WOMENS ROYAL AIR FORCE CAMP","Y","A camp used for the accommodation of members of the Womens Royal Air Force who undertook a variety of essential roles within the RAF to enable their male counterparts to fight more effectively.","P",
599,163855,"WOMENS LAND ARMY CAMP","Y","A camp used to accommodate members of the Womens Land Army who undertook essential agricultural work during the First and Second World Wars.","P",
599,163856,"WOMENS LAND ARMY HOSTEL","Y","A hostel used to accommodate members of the Womens Land Army who undertook essential agricultural work during the First and Second World Wars.","P",
599,163857,"WORKSHOP","Y","A building or room used for small scale manufacture or maintenance.","P",
599,163858,"Y STATION","Y",,"P",
599,164045,"Dockyard Gatehouse","N",,"N",
599,163860,"Z STATION","Y",,"P",
599,164046,"Dockyard Office","N",,"N",
599,164047,"Dockyard Stable","N",,"N",
599,164048,"DRY DOCK","Y","A stone-faced enclosure, with entrance closed by a floatable caisson or by gates, which can be pumped dry for inspection, maintenance, or repair of the hull or underwater fittings of a ship or ships.","P",
599,164049,"Canal Dry Dock","N",,"N",
599,164050,"Double Dock","N",,"N",
599,164051,"Graving Dock","N",,"N",
599,164052,"BOAT YARD","Y","A place where boats are built and stored.","P",
599,163623,"OFFICERS MESS","Y","A building providing dining facilities and recreation for commissioned officers.","P",
599,163624,"OFFICERS QUARTERS","Y","A building where military officers are accommodated.","P",
599,163625,"OPERATIONS BLOCK","Y","A building of varying designs intended for directing military aviation operations. Normally associated with military airfields.","P",
599,163626,"OPERATIONS ROOM","Y","A room used for directing military operations and exercises.","P",
599,163627,"ORDNANCE DEPOT","Y","A building or site used by the armed forces for the storage and issuing of military stores and materials.","P",
599,163638,"PARADE GROUND","Y","A place where military personnel parade, practice marching, assemble or muster for a march or any other special purpose.","P",
599,163639,"PASSIVE AIR DEFENCE SITE","N","Sites, buildings or structures involved in passive air defence, usually by forcing hostile aircraft to fly high or drop their bombs on the wrong targets. Use more specific term.","P",
599,163645,"PILLBOX","Y","An often squat building with thick, loopholed walls and a flat roof, designed to accommodate a variety of weapons, usually strategically positioned to cover a vulnerable point in a defensive system.","P",
599,167059,"CANADIAN FORESTRY CORPS CAMP","Y","A camp providing accommodation for members of the Canadian Forestry Corps along with facilities such as saw mills for the sawing and squaring of timber to create pit props, shoring, crates etc for the war effort.","P",
599,168110,"AIRCRAFT TYPE","N","Types of aircraft to aid the recording of aircraft remains and crash sites, listing aircraft by form, function and manufacturer.","P",
599,168111,"AIRCRAFT <BY FORM>","N",,"P",
599,168112,"AIRCRAFT <BY FUNCTION>","N",,"P",
599,168113,"AIRCRAFT <BY MANUFACTURER>","N",,"P",
599,168114,"AIRCRAFT MARK","N","Used to identify the variations of an aircraft. Index with Manufacturer, Form and Function.","P",
599,168115,"MKI","Y","Mark 1 or the first production variation of an aircraft.","P",
599,168116,"MKIC","Y","A Mark 1B aircraft which has undergone further modification to enhance performance or armament.","P",
599,168117,"MKIF","Y","A Mark 1E aircraft which has undergone further modifications to enhance performance or armament.","P",
599,168118,"MKII","Y","Mark 2 or the second variant of an aircraft with its associated modifications.","P",
599,168119,"MKIIA","Y","A Mark 2 aircraft which has undergone slight modifications to enhance performance or armament.","P",
599,168120,"MKIIB","Y","A Mark 2A aircraft which has undergone slight modifications to enhance performance or armament.","P",
599,168121,"MKIIC","Y","A Mark 2B aircraft which has undergone slight modifications to enhance performance or armament.","P",
599,168122,"MKIII","Y","Mark 3 or the third variant of an aircraft with its associated modifications.","P",
599,168123,"MKIIIA","Y","A Mark 3 aircraft which has undergone slight modifications to enhance performance or armament.","P",
599,168124,"MKIV","Y","Mark 4 or the fourth variant of an aircraft with its associated modifications.","P",
599,168125,"MKV","Y","Mark 5 or the fifth variant of an aircraft with its associated modifications.","P",
599,168126,"MKVI","Y","Mark 6 or the sixth variant of an aircraft with its associated modifications.","P",
599,168127,"MKVII","Y","Mark 7 or the seventh variant of an aircraft with its associated modifications.","P",
599,168128,"MKVIII","Y","Mark 8 or the eighth variant of an aircraft with its associated modifications.","P",
599,168129,"MKX","Y","Mark 10 or the tenth variant of an aircraft with its associated modifications.","P",
599,168130,"MKXI","Y","Mark 11 or the eleventh variant of an aircraft with its associated modifications.","P",
599,168131,"MKXII","Y","Mark 12 or the twelfth variant of an aircraft with its associated modifications.","P",
599,168132,"MKXIV","Y","Mark 14 or the fourteenth variant of an aircraft with its associated modifications.","P",
599,168133,"MKXVI","Y","Mark 16 or the sixteenth variant of an aircraft with its associated modifications.","P",
599,168134,"MKVB","Y","A Mark 5A aircraft which has undergone further modifications to enhance performance or armament.","P",
599,168135,"MKVIC","Y","A Mark 6B aircraft which has undergone further modifications to enhance performance or armament.","P",
599,168136,"Mk1","N",,"N",
599,168137,"AIRSHIP","Y","An aircraft lifted by gas bags, containing hydrogen or helium, but propelled by engines. Also known as a dirigible balloon, firm and streamlined in shape and incapable of high speeds. Used extensively during the First World War.","P",
599,168138,"ZEPPELIN","Y","A rigid frame type of airship pioneered by Count Zeppelin and used by the Germans in FWW for military purposes: do not use asa generic name for airships.","P",
599,168139,"BIPLANE","Y","An aeroplane with two wings, or planes, placed one above the other either side of the fuselage.","P",
599,168140,"AIRCO","Y","Aircraft Manufacturing Co., Ltd. Established in 1912 by Mr G. Holt Thomas. In 1914 secured the services of Capt. Geoffrey de Havilland as designer-in-chief, who went on to lend his initials to a number of highly successful machines.","P",
599,168141,"AIRCO DH1","Y","A single-seat, pusher prop, escort and patrolfighter. Used in the UK in a Home Defence role until superseded in 1917.","P",
599,168142,"AIRCO DH2","Y","A single-seat fighter which began service with the RFC's fighter squadron in 1916. Some shortterm success in dealing with new Fokkers but was withdrawn from service in mid-1917.","P",
599,168143,"AIRCO DH4","Y","A two-seat, single-engine bomber. Fast, versatile and well armed, but with a fuel tank poorly placed between pilot and gunner, was considered to be the best day bomber of the First World War. Later
entered civil service.","P",
599,168144,"AIRCO DH5","Y","The DH5 was an attempt to give a tractor-type fighter a good forward view. However it suffered from unpleasant flying characteristics and, as a result, had a short service career.","P",
599,168145,"AIRCO DH6","Y","Originally designed as a trainer but relegated to use by the RNAS in a Maritime Reconnaissance and anti-submarine role when the Avro 504 became the standard trainer.","P",
599,168146,"Dh1","N",,"N",
599,168147,"Dh2","N",,"N",
599,168148,"Dh4","N",,"N",
599,168149,"Dh5","N",,"N",
599,168150,"Dh6","N",,"N",
599,168151,"FIGHTER","Y","A light, high-speed aircraft designed to engage in aerial combat.","P",
599,168152,"BOMBER","Y","A large, powerful aircraft, usually with two or more engines, designed to carry a payload of bombs.","P",
599,168153,"RECONNAISSANCE","Y","An aircraft, often fitted with cameras, intended to fly over enemy territory to ascertain its strategic features and/or the position and strength of any military presence.","P",
599,168154,"ARMSTRONG WHITWORTH","Y","Sir W. G. Armstrong Whitworth Aircraft, Ltd. formed in 1912.","P",
599,168155,"ARMSTRONG WHITWORTH FK3","Y","A two-seat, reconnaissance biplane developed from the FK2 with a more powerful, but heavier, engine. Primarily used for training in the UK.","P",
599,168156,"ARMSTRONG WHITWORTH FK8","Y","Single-engine, two-seat tractor bomber and reconnaissance aircraft. Entered service in 1916 and, during 1917 and 1918, equipped nine RFC squadrons in its reconnaissance role.","P",
599,168157,"Fk8","N",,"N",
599,168158,"Fk3","N",,"N",
599,168159,"AVRO","Y","A. V. Roe & Co., Ltd. formed in 1909.","P",
599,168160,"AVRO 504","Y","An important two-seat, tractor biplane, initially used by the RFC in a reconnaissance role and by the RNAS as a bomber. Later converted to a single-seat Home Defence fighter and ultimately
used as a trainer.","P",
599,168161,"TRAINER","Y","An aircraft used for the training of pilots, sometimes fitted with dual controls for use by the instructor.","P",
599,168162,"AIRCO DH9","Y","Developed from the DH4, featured the pilot and gunner cockpits in closer proximity, but suffered from engine reliability problems. Also known as the Ninak, saw service from 1918 to 1931.","P",
599,168163,"FIGHTER BOMBER","Y","A light, high speed aircraft designed to engage in aerial combat and also equipped to carry bombs.","P",
599,168164,"FELIXSTOWE","Y","Marine Aircraft Experimental Establishment, RAF Felixstowe. Developed seaplanes and flying boats until World War Two, when the establishment moved to Helensburg, Scotland.","P",
599,168165,"Dh9","N",,"N",
599,168166,"BLACKBURN","Y","Blackburn Aircraft, Ltd., founded by Robert Blackburn, who produced his first aircraft in 1910. Specialised in the production of torpedocarrying aircraft.","P",
599,168167,"BLERIOT","Y","A French aircraft manufacturer founded by Louis Bleriot and Gabriel Voisin, both aviators and inventors, in 1903, dissolved in 1906. After the First World War Bleriot founded Bleriot Aeronautique developing commercial aircraft.","P",
599,168168,"Bleriot Aeronautique","N",,"N",
599,168169,"BLERIOT 155","Y","A French airliner produced in 1925. A fourengined biplane developed from the Bleriot 115 and 135 but larger than these. Two were built for Air Union (the Paris-London route). Both crashed
with fatalaties in 1926 (Kent).","P",
599,168170,"TRANSPORTER","Y","An aircraft used for the transportation of troops, supplies, vehicles or passengers.","P",
599,168171,"BRISTOL","Y","The Bristol Aeroplane Co., Ltd.. Founded in 1910 by Sir George White, a pioneer of electric tramways. The company had previously been The British and Colonial Aeroplane Co., Ltd.","P",
599,168172,"BRISTOL F2B","Y","Highly successful, two-seat, biplane fighter and reconnaissance aircraft with both forward and rear facing guns. Designed to replace the BE2, it entered service with the RFC in mid-1917 and
remained in service until 1932.","P",
599,168173,"CAMEL","Y","Single-seat, single-engine fighter biplane renowned for its high performance and manoeuvrability. Entered service in 1917.","P",
599,168188,"COMMUNICATIONS","Y","An aircraft used to facilitate communications, for example in a military context.","P",
599,168189,"DE HAVILLAND","Y","The de Havilland Aircraft Co, Ltd.","P",
599,168190,"DIVE BOMBER","Y","A fighter-bomber designed to deploy its bombs during the latter stage of a diving manoeuvre, thus increasing the accuracy of its targetting.","P",
599,168192,"FLOATPLANE","Y","A type of seaplane, with one or more slender pontoons (known as ""floats"") mounted under the fuselage to provide buoyancy.","P",
599,168193,"FOKKER","Y","Dutch aircraft manufacturer named after its founder, Anthony Fokker. Set up in 1912 in Schwerin, Germany, moving to the Netherlands in 1919. The world's largest aircraft manufacturer in
the late 1920s.","P",
599,168194,"FLYING BOAT","Y","An aeroplane with the capability to land at sea, the underside of its fuselage shaped like the hull of a sea-going vessel and designed to make contact with the water.","P",
599,168195,"GENERAL AIRCRAFT","Y","General Aircraft Limited.","P",
599,168196,"GLIDER","Y","An engineless aeroplane, designed to be towed aloft, that travels suspended by upward air currents.","P",
599,168197,"GLIDER TUG","Y","An aircraft used for towing gliders aloft.","P",
599,168198,"GOTHA","Y","Gothauer Waggonfabrik A.G., based in Gotha, Thuringia (Germany).","P",
599,168199,"GOTHA GV","Y","A First World War German three-crew, twinengined, long range heavy bomber biplane manufactured by Gothaer Waggonfabrik A.G. Entering service in 1917, this aircraft incorporated a ventral tunnel allowing the gunner to shoot downwards and to the rear.","P",
599,169956,"SIGN","Y","A board, wall painting or other structure displaying advice, giving information or directions.","P",
599,169954,"Wireless Station","N",,"N",
599,169955,"WRECK","Y","The remains of a vessel which has either sunk or suffered structural damage to the extent where it can no longer function.","P",
599,169957,"TEXTILE INDUSTRY SITE","N","Includes all stages of production process of textiles, eg. wool, cotton, linen, etc, and textile products. Use only for sites where there is evidence of textile manufacture but no specific monument type, otherwise use more specific term.","P",
599,169958,"TEXTILE MILL","Y","Any factory used for the manufacture of textiles.","P",
599,169959,"COTTON WASTE WORKS","Y","A works where cotton waste is stored or processed.","P",
599,169960,"Cotton Waste Mill","N",,"N",
599,168200,"HANDLY PAGE","Y","Handley Page, Ltd.. Founded by Sir Frederick Handley Page, this was the first limited company to be incorporated in Great Britain for the purpose of aircraft manufacture.","P",
599,168201,"HEAVY BOMBER","Y","Long-range, usually four-engined, bomber.","P",
599,168202,"LIGHT AIRCRAFT","Y","Generally understood to mean aircraft whose normal loaded weight is less than 2750kg (6060lb).","P",
599,168203,"LIGHT BOMBER","Y","High speed, short to medium-range bomber, usually powered by two engines.","P",
599,168204,"LOCKHEED VEGA","Y","A subsidiary of Lockheed.","P",
599,168205,"MEDIUM BOMBER","Y","A bomber designed to operate with medium bombloads over medium distances.The medium bomber was generally considered to be any design that delivered about 4,000 lb (1.8 t) over ranges of about 1,500 to 2,000 miles (2,400 to 3,200 km).","P",
599,168206,"MINELAYER","Y","An aircraft equipped to deploy explosive mines.","P",
599,168207,"MONOPLANE","Y","An aircraft with a single wing, or plane, either side of its fuselage.","P",
599,168208,"NIEUPORT","Y","A French aeroplane company that primarily built racing aircraft before World War I and fighter aircraft during World War I and between the wars. First set up in 1902 as manufacturer of engine components, then aircraft in 1911 as Nieuport et Deplante.","P",
599,168209,"NIGHTFIGHTER","Y","A light, high speed aircraft equipped specifically to engage in night combat.","P",
599,168210,"PHOTO RECONNAISSANCE","Y","A camera-equipped aircraft intended to fly over enemy territory and gather photographic evidence of strategic features and/or the position and strength of any military presence.","P",
599,168211,"SEAPLANE","Y","An aircraft designed to land on water. They can be divided into 2 types: Flying boats (designed with a hull allowing the aircraft to land directly on water) and Floatplanes (where the undercarriage
was replaced by fixed floats).","P",
599,168212,"SNIPE","Y","Single-engined fighter, developed from the Camel. Entered service in 1918 and became the RAF's first mainstay peacetime fighter.","P",
599,168213,"SOPWITH","Y","The Sopwith Aviation Co., Ltd.. Established in 1911 by the noted aviator Mr T. O. M. Sopwith. Produced many notable aircraft, including the Camel and a Schneider Cup-winning seaplane.","P",
599,168214,"TARGET","Y","An aircraft, usually towed or radio-controlled, designed for use as an air-to-air, or ground-toair, gunnery target.","P",
599,168215,"TARGET TUG","Y","An aircraft used for the towing of targets.","P",
599,168216,"TEST AIRCRAFT","Y","An aircraft designed for the testing of engines or other aircraft components.","P",
599,168217,"TORPEDO BOMBER","Y","Aircraft designed for the carrying and dropping of torpedoes.","P",
599,168218,"TRIPLANE","Y","An aeroplane featuring three wings, or planes, placed one above the other either side of its fuselage.","P",
599,168219,"TUG","Y","An aircraft used for towing another aircraft or object, such as a glider or target.","P",
599,168220,"V1500","Y","Four-engined, five to seven crew, heavy bomber biplane. Entered service in 1918.","P",
599,168221,"VICKERS","Y","Vickers (Aviation) Ltd. formed in 1911, as the aviation division of Vickers Ltd., and took control of Supermarine Aviation Works Ltd. the same year. Taken over by Vickers-Armstrongs Ltd. in 1938.","P",
599,168222,"VICKERS ARMSTRONGS","Y","Vickers-Armstrongs Ltd.. In 1938 took over Vickers (Aviation) Ltd., which itself had taken control of Supermarine Aviation Works Ltd. in 1928.","P",
599,168223,"VIMY","Y","Twin-engine, three-crew, long-range heavy bomber biplane. Entered service in 1917. Of wooden construction with a fabric covering, the Vimy was fitted with a skid under the nose of its fuselage to prevent tipping forward upon landing.","P",
